0 verbose cli C:\Program Files\nodejs\node.exe C:\Program Files\nodejs\node_modules\npm\bin\npm-cli.js
1 info using npm@11.6.2
2 info using node@v24.12.0
3 silly config load:file:C:\Program Files\nodejs\node_modules\npm\npmrc
4 silly config load:file:C:\Users\abdelmezhuid_r\Desktop\GA\Work Projects\Asset-Manager\.npmrc
5 warn Unknown project config "auto-install-peers". This will stop working in the next major version of npm.
6 warn Unknown project config "strict-peer-dependencies". This will stop working in the next major version of npm.
7 silly config load:file:C:\Users\abdelmezhuid_r\.npmrc
8 silly config load:file:C:\Users\abdelmezhuid_r\AppData\Roaming\npm\etc\npmrc
9 verbose title npm install
10 verbose argv "install"
11 verbose logfile logs-max:10 dir:C:\Users\abdelmezhuid_r\Desktop\GA\Work Projects\Asset-Manager\.npm-cache\_logs\2026-04-25T15_39_18_793Z-
12 verbose logfile C:\Users\abdelmezhuid_r\Desktop\GA\Work Projects\Asset-Manager\.npm-cache\_logs\2026-04-25T15_39_18_793Z-debug-0.log
13 silly logfile done cleaning log files
14 silly packumentCache heap:4496293888 maxSize:1124073472 maxEntrySize:562036736
15 silly idealTree buildDeps
16 silly fetch manifest typescript@~5.9.2
17 silly packumentCache full:https://registry.npmjs.org/typescript cache-miss
18 http fetch GET 200 https://registry.npmjs.org/typescript 7141ms (cache miss)
19 silly packumentCache full:https://registry.npmjs.org/typescript set size:undefined disposed:false
20 silly fetch manifest prettier@^3.8.1
21 silly packumentCache full:https://registry.npmjs.org/prettier cache-miss
22 http fetch GET 200 https://registry.npmjs.org/prettier 450ms (cache miss)
23 silly packumentCache full:https://registry.npmjs.org/prettier set size:undefined disposed:false
24 silly placeDep ROOT @workspace/api-client-react@0.0.0 OK for: asset-manager@0.0.0 want: file:C:\Users\abdelmezhuid_r\Desktop\GA\Work Projects\Asset-Manager\shared\api-client-react
25 silly placeDep ROOT @workspace/api-server@0.0.0 OK for: asset-manager@0.0.0 want: file:C:\Users\abdelmezhuid_r\Desktop\GA\Work Projects\Asset-Manager\backend
26 silly placeDep ROOT @workspace/api-spec@0.0.0 OK for: asset-manager@0.0.0 want: file:C:\Users\abdelmezhuid_r\Desktop\GA\Work Projects\Asset-Manager\shared\api-spec
27 silly placeDep ROOT @workspace/api-zod@0.0.0 OK for: asset-manager@0.0.0 want: file:C:\Users\abdelmezhuid_r\Desktop\GA\Work Projects\Asset-Manager\shared\api-zod
28 silly placeDep ROOT @workspace/db@0.0.0 OK for: asset-manager@0.0.0 want: file:C:\Users\abdelmezhuid_r\Desktop\GA\Work Projects\Asset-Manager\shared\db
29 silly placeDep ROOT @workspace/showroom@0.0.0 OK for: asset-manager@0.0.0 want: file:C:\Users\abdelmezhuid_r\Desktop\GA\Work Projects\Asset-Manager\frontend
30 silly placeDep ROOT prettier@3.8.3 OK for: asset-manager@0.0.0 want: ^3.8.1
31 silly placeDep ROOT typescript@5.9.3 OK for: asset-manager@0.0.0 want: ~5.9.2
32 silly fetch manifest @replit/vite-plugin-cartographer@latest
33 silly packumentCache full:https://registry.npmjs.org/@replit%2fvite-plugin-cartographer cache-miss
34 http fetch GET 200 https://registry.npmjs.org/@replit%2fvite-plugin-cartographer 506ms (cache miss)
35 silly packumentCache full:https://registry.npmjs.org/@replit%2fvite-plugin-cartographer set size:undefined disposed:false
36 silly fetch manifest @replit/vite-plugin-dev-banner@latest
37 silly packumentCache full:https://registry.npmjs.org/@replit%2fvite-plugin-dev-banner cache-miss
38 http fetch GET 200 https://registry.npmjs.org/@replit%2fvite-plugin-dev-banner 448ms (cache miss)
39 silly packumentCache full:https://registry.npmjs.org/@replit%2fvite-plugin-dev-banner set size:undefined disposed:false
40 silly fetch manifest @replit/vite-plugin-runtime-error-modal@latest
41 silly packumentCache full:https://registry.npmjs.org/@replit%2fvite-plugin-runtime-error-modal cache-miss
42 http fetch GET 200 https://registry.npmjs.org/@replit%2fvite-plugin-runtime-error-modal 499ms (cache miss)
43 silly packumentCache full:https://registry.npmjs.org/@replit%2fvite-plugin-runtime-error-modal set size:undefined disposed:false
44 silly fetch manifest @tailwindcss/vite@latest
45 silly packumentCache full:https://registry.npmjs.org/@tailwindcss%2fvite cache-miss
46 http fetch GET 200 https://registry.npmjs.org/@tailwindcss%2fvite 957ms (cache miss)
47 silly packumentCache full:https://registry.npmjs.org/@tailwindcss%2fvite set size:undefined disposed:false
48 silly fetch manifest vite@latest
49 silly packumentCache full:https://registry.npmjs.org/vite cache-miss
50 http fetch GET 200 https://registry.npmjs.org/vite 11528ms (cache miss)
51 silly packumentCache full:https://registry.npmjs.org/vite set size:undefined disposed:false
52 silly fetch manifest @types/node@latest
53 silly packumentCache full:https://registry.npmjs.org/@types%2fnode cache-miss
54 http fetch GET 200 https://registry.npmjs.org/@types%2fnode 4104ms (cache miss)
55 silly packumentCache full:https://registry.npmjs.org/@types%2fnode set size:undefined disposed:false
56 silly fetch manifest @vitejs/devtools@^0.1.0
57 silly packumentCache full:https://registry.npmjs.org/@vitejs%2fdevtools cache-miss
58 http fetch GET 200 https://registry.npmjs.org/@vitejs%2fdevtools 162ms (cache miss)
59 silly packumentCache full:https://registry.npmjs.org/@vitejs%2fdevtools set size:undefined disposed:false
60 silly fetch manifest esbuild@^0.27.0 || ^0.28.0
61 silly packumentCache full:https://registry.npmjs.org/esbuild cache-miss
62 http fetch GET 200 https://registry.npmjs.org/esbuild 658ms (cache miss)
63 silly packumentCache full:https://registry.npmjs.org/esbuild set size:undefined disposed:false
64 silly fetch manifest jiti@>=1.21.0
65 silly packumentCache full:https://registry.npmjs.org/jiti cache-miss
66 http fetch GET 200 https://registry.npmjs.org/jiti 181ms (cache miss)
67 silly packumentCache full:https://registry.npmjs.org/jiti set size:undefined disposed:false
68 silly fetch manifest less@^4.0.0
69 silly packumentCache full:https://registry.npmjs.org/less cache-miss
70 http fetch GET 200 https://registry.npmjs.org/less 182ms (cache miss)
71 silly packumentCache full:https://registry.npmjs.org/less set size:undefined disposed:false
72 silly fetch manifest sass@^1.70.0
73 silly packumentCache full:https://registry.npmjs.org/sass cache-miss
74 http fetch GET 200 https://registry.npmjs.org/sass 333ms (cache miss)
75 silly packumentCache full:https://registry.npmjs.org/sass set size:undefined disposed:false
76 silly fetch manifest sass-embedded@^1.70.0
77 silly packumentCache full:https://registry.npmjs.org/sass-embedded cache-miss
78 http fetch GET 200 https://registry.npmjs.org/sass-embedded 151ms (cache miss)
79 silly packumentCache full:https://registry.npmjs.org/sass-embedded set size:undefined disposed:false
80 silly fetch manifest stylus@>=0.54.8
81 silly packumentCache full:https://registry.npmjs.org/stylus cache-miss
82 http fetch GET 200 https://registry.npmjs.org/stylus 144ms (cache miss)
83 silly packumentCache full:https://registry.npmjs.org/stylus set size:undefined disposed:false
84 silly fetch manifest sugarss@^5.0.0
85 silly packumentCache full:https://registry.npmjs.org/sugarss cache-miss
86 http fetch GET 200 https://registry.npmjs.org/sugarss 115ms (cache miss)
87 silly packumentCache full:https://registry.npmjs.org/sugarss set size:undefined disposed:false
88 silly fetch manifest postcss@^8.3.3
89 silly packumentCache full:https://registry.npmjs.org/postcss cache-miss
90 http fetch GET 200 https://registry.npmjs.org/postcss 310ms (cache miss)
91 silly packumentCache full:https://registry.npmjs.org/postcss set size:undefined disposed:false
92 silly fetch manifest terser@^5.16.0
93 silly packumentCache full:https://registry.npmjs.org/terser cache-miss
94 http fetch GET 200 https://registry.npmjs.org/terser 295ms (cache miss)
95 silly packumentCache full:https://registry.npmjs.org/terser set size:undefined disposed:false
96 silly fetch manifest tsx@^4.8.1
97 silly packumentCache full:https://registry.npmjs.org/tsx cache-miss
98 http fetch GET 200 https://registry.npmjs.org/tsx 165ms (cache miss)
99 silly packumentCache full:https://registry.npmjs.org/tsx set size:undefined disposed:false
100 silly fetch manifest yaml@^2.4.2
101 silly packumentCache full:https://registry.npmjs.org/yaml cache-miss
102 http fetch GET 200 https://registry.npmjs.org/yaml 173ms (cache miss)
103 silly packumentCache full:https://registry.npmjs.org/yaml set size:undefined disposed:false
104 silly fetch manifest @tanstack/react-query@latest
105 silly packumentCache full:https://registry.npmjs.org/@tanstack%2freact-query cache-miss
106 http fetch GET 200 https://registry.npmjs.org/@tanstack%2freact-query 364ms (cache miss)
107 silly packumentCache full:https://registry.npmjs.org/@tanstack%2freact-query set size:undefined disposed:false
108 silly fetch manifest react@latest
109 silly packumentCache full:https://registry.npmjs.org/react cache-miss
110 http fetch GET 200 https://registry.npmjs.org/react 2589ms (cache miss)
111 silly packumentCache full:https://registry.npmjs.org/react set size:undefined disposed:false
112 silly fetch manifest @types/react@latest
113 silly packumentCache full:https://registry.npmjs.org/@types%2freact cache-miss
114 http fetch GET 200 https://registry.npmjs.org/@types%2freact 976ms (cache miss)
115 silly packumentCache full:https://registry.npmjs.org/@types%2freact set size:undefined disposed:false
116 silly fetch manifest @types/react-dom@latest
117 silly packumentCache full:https://registry.npmjs.org/@types%2freact-dom cache-miss
118 http fetch GET 200 https://registry.npmjs.org/@types%2freact-dom 274ms (cache miss)
119 silly packumentCache full:https://registry.npmjs.org/@types%2freact-dom set size:undefined disposed:false
120 silly fetch manifest @vitejs/plugin-react@latest
121 silly packumentCache full:https://registry.npmjs.org/@vitejs%2fplugin-react cache-miss
122 http fetch GET 200 https://registry.npmjs.org/@vitejs%2fplugin-react 216ms (cache miss)
123 silly packumentCache full:https://registry.npmjs.org/@vitejs%2fplugin-react set size:undefined disposed:false
124 silly fetch manifest @rolldown/plugin-babel@^0.1.7 || ^0.2.0
125 silly packumentCache full:https://registry.npmjs.org/@rolldown%2fplugin-babel cache-miss
126 http fetch GET 200 https://registry.npmjs.org/@rolldown%2fplugin-babel 128ms (cache miss)
127 silly packumentCache full:https://registry.npmjs.org/@rolldown%2fplugin-babel set size:undefined disposed:false
128 silly fetch manifest @babel/core@^7.29.0 || ^8.0.0-rc.1
129 silly packumentCache full:https://registry.npmjs.org/@babel%2fcore cache-miss
130 http fetch GET 200 https://registry.npmjs.org/@babel%2fcore 368ms (cache miss)
131 silly packumentCache full:https://registry.npmjs.org/@babel%2fcore set size:undefined disposed:false
132 silly fetch manifest @babel/plugin-transform-runtime@^7.29.0 || ^8.0.0-rc.1
133 silly packumentCache full:https://registry.npmjs.org/@babel%2fplugin-transform-runtime cache-miss
134 http fetch GET 200 https://registry.npmjs.org/@babel%2fplugin-transform-runtime 803ms (cache miss)
135 silly packumentCache full:https://registry.npmjs.org/@babel%2fplugin-transform-runtime set size:undefined disposed:false
136 silly fetch manifest @babel/runtime@^7.27.0 || ^8.0.0-rc.1
137 silly packumentCache full:https://registry.npmjs.org/@babel%2fruntime cache-miss
138 http fetch GET 200 https://registry.npmjs.org/@babel%2fruntime 758ms (cache miss)
139 silly packumentCache full:https://registry.npmjs.org/@babel%2fruntime set size:undefined disposed:false
140 silly fetch manifest rolldown@^1.0.0-rc.5
141 silly packumentCache full:https://registry.npmjs.org/rolldown cache-miss
142 http fetch GET 200 https://registry.npmjs.org/rolldown 1194ms (cache miss)
143 silly packumentCache full:https://registry.npmjs.org/rolldown set size:undefined disposed:false
144 silly fetch manifest babel-plugin-react-compiler@^1.0.0
145 silly packumentCache full:https://registry.npmjs.org/babel-plugin-react-compiler cache-miss
146 http fetch GET 200 https://registry.npmjs.org/babel-plugin-react-compiler 761ms (cache miss)
147 silly packumentCache full:https://registry.npmjs.org/babel-plugin-react-compiler set size:undefined disposed:false
148 silly fetch manifest class-variance-authority@latest
149 silly packumentCache full:https://registry.npmjs.org/class-variance-authority cache-miss
150 http fetch GET 200 https://registry.npmjs.org/class-variance-authority 207ms (cache miss)
151 silly packumentCache full:https://registry.npmjs.org/class-variance-authority set size:undefined disposed:false
152 silly fetch manifest clsx@latest
153 silly packumentCache full:https://registry.npmjs.org/clsx cache-miss
154 http fetch GET 200 https://registry.npmjs.org/clsx 152ms (cache miss)
155 silly packumentCache full:https://registry.npmjs.org/clsx set size:undefined disposed:false
156 silly fetch manifest framer-motion@latest
157 silly packumentCache full:https://registry.npmjs.org/framer-motion cache-miss
158 http fetch GET 200 https://registry.npmjs.org/framer-motion 4017ms (cache miss)
159 silly packumentCache full:https://registry.npmjs.org/framer-motion set size:undefined disposed:false
160 silly fetch manifest @emotion/is-prop-valid@*
161 silly packumentCache full:https://registry.npmjs.org/@emotion%2fis-prop-valid cache-miss
162 http fetch GET 200 https://registry.npmjs.org/@emotion%2fis-prop-valid 218ms (cache miss)
163 silly packumentCache full:https://registry.npmjs.org/@emotion%2fis-prop-valid set size:undefined disposed:false
164 silly fetch manifest react-dom@latest
165 silly packumentCache full:https://registry.npmjs.org/react-dom cache-miss
166 http fetch GET 200 https://registry.npmjs.org/react-dom 7290ms (cache miss)
167 silly packumentCache full:https://registry.npmjs.org/react-dom set size:undefined disposed:false
168 silly fetch manifest tailwind-merge@latest
169 silly packumentCache full:https://registry.npmjs.org/tailwind-merge cache-miss
170 http fetch GET 200 https://registry.npmjs.org/tailwind-merge 1460ms (cache miss)
171 silly packumentCache full:https://registry.npmjs.org/tailwind-merge set size:undefined disposed:false
172 silly fetch manifest tailwindcss@latest
173 silly packumentCache full:https://registry.npmjs.org/tailwindcss cache-miss
174 http fetch GET 200 https://registry.npmjs.org/tailwindcss 4730ms (cache miss)
175 silly packumentCache full:https://registry.npmjs.org/tailwindcss set size:undefined disposed:false
176 silly fetch manifest zod@latest
177 silly packumentCache full:https://registry.npmjs.org/zod cache-miss
178 http fetch GET 200 https://registry.npmjs.org/zod 1368ms (cache miss)
179 silly packumentCache full:https://registry.npmjs.org/zod set size:undefined disposed:false
180 silly placeDep ROOT @replit/vite-plugin-cartographer@0.5.5 OK for: @workspace/showroom@0.0.0 want: latest
181 silly placeDep ROOT @replit/vite-plugin-dev-banner@0.1.2 OK for: @workspace/showroom@0.0.0 want: latest
182 silly placeDep ROOT @replit/vite-plugin-runtime-error-modal@0.0.6 OK for: @workspace/showroom@0.0.0 want: latest
183 silly placeDep ROOT @tailwindcss/vite@4.2.4 OK for: @workspace/showroom@0.0.0 want: latest
184 silly placeDep ROOT vite@8.0.10 OK for: @tailwindcss/vite@4.2.4 want: ^5.2.0 || ^6 || ^7 || ^8
185 silly placeDep ROOT @tanstack/react-query@5.100.3 OK for: @workspace/showroom@0.0.0 want: latest
186 silly placeDep ROOT react@19.2.5 OK for: @tanstack/react-query@5.100.3 want: ^18 || ^19
187 silly placeDep ROOT @types/node@25.6.0 OK for: @workspace/showroom@0.0.0 want: latest
188 silly placeDep ROOT @types/react@19.2.14 OK for: @workspace/showroom@0.0.0 want: latest
189 silly placeDep ROOT @types/react-dom@19.2.3 OK for: @workspace/showroom@0.0.0 want: latest
190 silly placeDep ROOT @vitejs/plugin-react@6.0.1 OK for: @workspace/showroom@0.0.0 want: latest
191 silly placeDep ROOT class-variance-authority@0.7.1 OK for: @workspace/showroom@0.0.0 want: latest
192 silly placeDep ROOT clsx@2.1.1 OK for: @workspace/showroom@0.0.0 want: latest
193 silly placeDep ROOT framer-motion@12.38.0 OK for: @workspace/showroom@0.0.0 want: latest
194 silly placeDep ROOT react-dom@19.2.5 OK for: @workspace/showroom@0.0.0 want: latest
195 silly placeDep ROOT tailwind-merge@3.5.0 OK for: @workspace/showroom@0.0.0 want: latest
196 silly placeDep ROOT tailwindcss@4.2.4 OK for: @workspace/showroom@0.0.0 want: latest
197 silly placeDep ROOT zod@4.3.6 OK for: @workspace/showroom@0.0.0 want: latest
198 silly fetch manifest @babel/types@^7.26.9
199 silly packumentCache full:https://registry.npmjs.org/@babel%2ftypes cache-miss
200 silly fetch manifest magic-string@^0.30.12
201 silly packumentCache full:https://registry.npmjs.org/magic-string cache-miss
202 silly fetch manifest @babel/parser@^7.26.9
203 silly packumentCache full:https://registry.npmjs.org/@babel%2fparser cache-miss
204 silly fetch manifest @babel/traverse@^7.26.9
205 silly packumentCache full:https://registry.npmjs.org/@babel%2ftraverse cache-miss
206 silly fetch manifest modern-screenshot@^4.6.0
207 silly packumentCache full:https://registry.npmjs.org/modern-screenshot cache-miss
208 silly fetch manifest @jridgewell/trace-mapping@^0.3.25
209 silly packumentCache full:https://registry.npmjs.org/@jridgewell%2ftrace-mapping cache-miss
210 silly fetch manifest tailwindcss@4.2.4
211 silly packumentCache full:https://registry.npmjs.org/tailwindcss cache-miss
212 silly fetch manifest @tailwindcss/node@4.2.4
213 silly packumentCache full:https://registry.npmjs.org/@tailwindcss%2fnode cache-miss
214 silly fetch manifest @tailwindcss/oxide@4.2.4
215 silly packumentCache full:https://registry.npmjs.org/@tailwindcss%2foxide cache-miss
216 silly fetch manifest lightningcss@^1.32.0
217 silly packumentCache full:https://registry.npmjs.org/lightningcss cache-miss
218 silly fetch manifest picomatch@^4.0.4
219 silly packumentCache full:https://registry.npmjs.org/picomatch cache-miss
220 http cache https://registry.npmjs.org/tailwindcss 56ms (cache hit)
221 silly packumentCache full:https://registry.npmjs.org/tailwindcss set size:10381953 disposed:false
222 silly fetch manifest postcss@^8.5.10
223 silly packumentCache full:https://registry.npmjs.org/postcss cache-miss
224 http cache https://registry.npmjs.org/postcss 15ms (cache hit)
225 silly packumentCache full:https://registry.npmjs.org/postcss set size:708244 disposed:false
226 silly fetch manifest rolldown@1.0.0-rc.17
227 silly packumentCache full:https://registry.npmjs.org/rolldown cache-miss
228 http cache https://registry.npmjs.org/rolldown 12ms (cache hit)
229 silly packumentCache full:https://registry.npmjs.org/rolldown set size:3688592 disposed:false
230 silly fetch manifest tinyglobby@^0.2.16
231 silly packumentCache full:https://registry.npmjs.org/tinyglobby cache-miss
232 http fetch GET 200 https://registry.npmjs.org/lightningcss 336ms (cache miss)
233 silly packumentCache full:https://registry.npmjs.org/lightningcss set size:undefined disposed:false
234 silly fetch manifest fsevents@~2.3.3
235 silly packumentCache full:https://registry.npmjs.org/fsevents cache-miss
236 http fetch GET 200 https://registry.npmjs.org/@babel%2ftypes 964ms (cache miss)
237 silly packumentCache full:https://registry.npmjs.org/@babel%2ftypes set size:undefined disposed:false
238 silly fetch manifest @tanstack/query-core@5.100.3
239 silly packumentCache full:https://registry.npmjs.org/@tanstack%2fquery-core cache-miss
240 http fetch GET 200 https://registry.npmjs.org/fsevents 1238ms (cache miss)
241 silly packumentCache full:https://registry.npmjs.org/fsevents set size:undefined disposed:false
242 silly fetch manifest undici-types@~7.19.0
243 silly packumentCache full:https://registry.npmjs.org/undici-types cache-miss
244 http fetch GET 200 https://registry.npmjs.org/undici-types 1166ms (cache miss)
245 silly packumentCache full:https://registry.npmjs.org/undici-types set size:undefined disposed:false
246 silly fetch manifest csstype@^3.2.2
247 silly packumentCache full:https://registry.npmjs.org/csstype cache-miss
248 http fetch GET 200 https://registry.npmjs.org/modern-screenshot 3842ms (cache miss)
249 silly packumentCache full:https://registry.npmjs.org/modern-screenshot set size:undefined disposed:false
250 silly fetch manifest @rolldown/pluginutils@1.0.0-rc.7
251 silly packumentCache full:https://registry.npmjs.org/@rolldown%2fpluginutils cache-miss
252 http fetch GET 200 https://registry.npmjs.org/@tanstack%2fquery-core 3790ms (cache miss)
253 silly packumentCache full:https://registry.npmjs.org/@tanstack%2fquery-core set size:undefined disposed:false
254 silly fetch manifest clsx@^2.1.1
255 silly packumentCache full:https://registry.npmjs.org/clsx cache-miss
256 http cache https://registry.npmjs.org/clsx 6ms (cache hit)
257 silly packumentCache full:https://registry.npmjs.org/clsx set size:42506 disposed:false
258 silly fetch manifest tslib@^2.4.0
259 silly packumentCache full:https://registry.npmjs.org/tslib cache-miss
260 http fetch GET 200 https://registry.npmjs.org/magic-string 4776ms (cache miss)
261 silly packumentCache full:https://registry.npmjs.org/magic-string set size:undefined disposed:false
262 silly fetch manifest motion-dom@^12.38.0
263 silly packumentCache full:https://registry.npmjs.org/motion-dom cache-miss
264 http fetch GET 200 https://registry.npmjs.org/csstype 2040ms (cache miss)
265 silly packumentCache full:https://registry.npmjs.org/csstype set size:undefined disposed:false
266 silly fetch manifest motion-utils@^12.36.0
267 silly packumentCache full:https://registry.npmjs.org/motion-utils cache-miss
268 http fetch GET 200 https://registry.npmjs.org/@babel%2ftraverse 4924ms (cache miss)
269 silly packumentCache full:https://registry.npmjs.org/@babel%2ftraverse set size:undefined disposed:false
270 silly fetch manifest scheduler@^0.27.0
271 silly packumentCache full:https://registry.npmjs.org/scheduler cache-miss
272 http fetch GET 200 https://registry.npmjs.org/tslib 1007ms (cache miss)
273 silly packumentCache full:https://registry.npmjs.org/tslib set size:undefined disposed:false
274 http fetch GET 200 https://registry.npmjs.org/@tailwindcss%2fnode 5802ms (cache miss)
275 silly packumentCache full:https://registry.npmjs.org/@tailwindcss%2fnode set size:undefined disposed:false
276 http fetch GET 200 https://registry.npmjs.org/tinyglobby 5733ms (cache miss)
277 silly packumentCache full:https://registry.npmjs.org/tinyglobby set size:undefined disposed:false
278 http fetch GET 200 https://registry.npmjs.org/@rolldown%2fpluginutils 2052ms (cache miss)
279 silly packumentCache full:https://registry.npmjs.org/@rolldown%2fpluginutils set size:undefined disposed:false
280 http fetch GET 200 https://registry.npmjs.org/motion-utils 1224ms (cache miss)
281 silly packumentCache full:https://registry.npmjs.org/motion-utils set size:undefined disposed:false
282 http fetch GET 200 https://registry.npmjs.org/motion-dom 1414ms (cache miss)
283 silly packumentCache full:https://registry.npmjs.org/motion-dom set size:undefined disposed:false
284 http fetch GET 200 https://registry.npmjs.org/picomatch 6196ms (cache miss)
285 silly packumentCache full:https://registry.npmjs.org/picomatch set size:undefined disposed:false
286 http fetch GET 200 https://registry.npmjs.org/@jridgewell%2ftrace-mapping 6674ms (cache miss)
287 silly packumentCache full:https://registry.npmjs.org/@jridgewell%2ftrace-mapping set size:undefined disposed:false
288 http fetch GET 200 https://registry.npmjs.org/@babel%2fparser 8593ms (cache miss)
289 silly packumentCache full:https://registry.npmjs.org/@babel%2fparser set size:undefined disposed:false
290 http fetch GET 200 https://registry.npmjs.org/@tailwindcss%2foxide 14120ms (cache miss)
291 silly packumentCache full:https://registry.npmjs.org/@tailwindcss%2foxide set size:undefined disposed:false
292 http fetch GET 200 https://registry.npmjs.org/scheduler 18039ms (cache miss)
293 silly packumentCache full:https://registry.npmjs.org/scheduler set size:undefined disposed:false
294 silly fetch manifest orval@^8.5.2
295 silly packumentCache full:https://registry.npmjs.org/orval cache-miss
296 http fetch GET 200 https://registry.npmjs.org/orval 1978ms (cache miss)
297 silly packumentCache full:https://registry.npmjs.org/orval set size:undefined disposed:false
298 silly fetch manifest prettier@>=3.0.0
299 silly packumentCache full:https://registry.npmjs.org/prettier cache-miss
300 http cache https://registry.npmjs.org/prettier 7ms (cache hit)
301 silly packumentCache full:https://registry.npmjs.org/prettier set size:665088 disposed:false
302 silly placeDep ROOT orval@8.8.1 OK for: @workspace/api-spec@0.0.0 want: ^8.5.2
303 silly fetch manifest @commander-js/extra-typings@^14.0.0
304 silly packumentCache full:https://registry.npmjs.org/@commander-js%2fextra-typings cache-miss
305 silly fetch manifest @orval/angular@8.8.1
306 silly packumentCache full:https://registry.npmjs.org/@orval%2fangular cache-miss
307 silly fetch manifest @orval/axios@8.8.1
308 silly packumentCache full:https://registry.npmjs.org/@orval%2faxios cache-miss
309 silly fetch manifest @orval/core@8.8.1
310 silly packumentCache full:https://registry.npmjs.org/@orval%2fcore cache-miss
311 silly fetch manifest @orval/fetch@8.8.1
312 silly packumentCache full:https://registry.npmjs.org/@orval%2ffetch cache-miss
313 silly fetch manifest @orval/hono@8.8.1
314 silly packumentCache full:https://registry.npmjs.org/@orval%2fhono cache-miss
315 silly fetch manifest @orval/mcp@8.8.1
316 silly packumentCache full:https://registry.npmjs.org/@orval%2fmcp cache-miss
317 silly fetch manifest @orval/mock@8.8.1
318 silly packumentCache full:https://registry.npmjs.org/@orval%2fmock cache-miss
319 silly fetch manifest @orval/query@8.8.1
320 silly packumentCache full:https://registry.npmjs.org/@orval%2fquery cache-miss
321 silly fetch manifest @orval/solid-start@8.8.1
322 silly packumentCache full:https://registry.npmjs.org/@orval%2fsolid-start cache-miss
323 silly fetch manifest @orval/swr@8.8.1
324 silly packumentCache full:https://registry.npmjs.org/@orval%2fswr cache-miss
325 http fetch GET 200 https://registry.npmjs.org/@orval%2fquery 1255ms (cache miss)
326 silly packumentCache full:https://registry.npmjs.org/@orval%2fquery set size:undefined disposed:false
327 silly fetch manifest @orval/zod@8.8.1
328 silly packumentCache full:https://registry.npmjs.org/@orval%2fzod cache-miss
329 http fetch GET 200 https://registry.npmjs.org/@orval%2fhono 1262ms (cache miss)
330 silly packumentCache full:https://registry.npmjs.org/@orval%2fhono set size:undefined disposed:false
331 silly fetch manifest @scalar/json-magic@^0.12.4
332 silly packumentCache full:https://registry.npmjs.org/@scalar%2fjson-magic cache-miss
333 http fetch GET 200 https://registry.npmjs.org/@orval%2fmcp 1268ms (cache miss)
334 silly packumentCache full:https://registry.npmjs.org/@orval%2fmcp set size:undefined disposed:false
335 silly fetch manifest @scalar/openapi-parser@^0.25.6
336 silly packumentCache full:https://registry.npmjs.org/@scalar%2fopenapi-parser cache-miss
337 http fetch GET 200 https://registry.npmjs.org/@commander-js%2fextra-typings 1435ms (cache miss)
338 silly packumentCache full:https://registry.npmjs.org/@commander-js%2fextra-typings set size:undefined disposed:false
339 silly fetch manifest @scalar/openapi-types@0.6.1
340 silly packumentCache full:https://registry.npmjs.org/@scalar%2fopenapi-types cache-miss
341 http fetch GET 200 https://registry.npmjs.org/@orval%2fsolid-start 1510ms (cache miss)
342 silly packumentCache full:https://registry.npmjs.org/@orval%2fsolid-start set size:undefined disposed:false
343 silly fetch manifest chokidar@^5.0.0
344 silly packumentCache full:https://registry.npmjs.org/chokidar cache-miss
345 http fetch GET 200 https://registry.npmjs.org/@orval%2fmock 1816ms (cache miss)
346 silly packumentCache full:https://registry.npmjs.org/@orval%2fmock set size:undefined disposed:false
347 silly fetch manifest commander@^14.0.2
348 silly packumentCache full:https://registry.npmjs.org/commander cache-miss
349 http fetch GET 200 https://registry.npmjs.org/@orval%2fswr 1891ms (cache miss)
350 silly packumentCache full:https://registry.npmjs.org/@orval%2fswr set size:undefined disposed:false
351 silly fetch manifest enquirer@^2.4.1
352 silly packumentCache full:https://registry.npmjs.org/enquirer cache-miss
353 http fetch GET 200 https://registry.npmjs.org/@orval%2fzod 1142ms (cache miss)
354 silly packumentCache full:https://registry.npmjs.org/@orval%2fzod set size:undefined disposed:false
355 silly fetch manifest execa@^9.6.1
356 silly packumentCache full:https://registry.npmjs.org/execa cache-miss
357 http fetch GET 200 https://registry.npmjs.org/@orval%2fangular 2443ms (cache miss)
358 silly packumentCache full:https://registry.npmjs.org/@orval%2fangular set size:undefined disposed:false
359 silly fetch manifest find-up@8.0.0
360 silly packumentCache full:https://registry.npmjs.org/find-up cache-miss
361 http fetch GET 200 https://registry.npmjs.org/@scalar%2fopenapi-parser 1258ms (cache miss)
362 silly packumentCache full:https://registry.npmjs.org/@scalar%2fopenapi-parser set size:undefined disposed:false
363 silly fetch manifest fs-extra@^11.3.2
364 silly packumentCache full:https://registry.npmjs.org/fs-extra cache-miss
365 http fetch GET 200 https://registry.npmjs.org/@orval%2ffetch 2547ms (cache miss)
366 silly packumentCache full:https://registry.npmjs.org/@orval%2ffetch set size:undefined disposed:false
367 silly fetch manifest jiti@^2.6.1
368 silly packumentCache full:https://registry.npmjs.org/jiti cache-miss
369 http cache https://registry.npmjs.org/jiti 11ms (cache hit)
370 silly packumentCache full:https://registry.npmjs.org/jiti set size:382310 disposed:false
371 silly fetch manifest js-yaml@4.1.1
372 silly packumentCache full:https://registry.npmjs.org/js-yaml cache-miss
373 http fetch GET 200 https://registry.npmjs.org/enquirer 765ms (cache miss)
374 silly packumentCache full:https://registry.npmjs.org/enquirer set size:undefined disposed:false
375 silly fetch manifest remeda@^2.33.6
376 silly packumentCache full:https://registry.npmjs.org/remeda cache-miss
377 http fetch GET 200 https://registry.npmjs.org/execa 405ms (cache miss)
378 silly packumentCache full:https://registry.npmjs.org/execa set size:undefined disposed:false
379 silly fetch manifest string-argv@^0.3.2
380 silly packumentCache full:https://registry.npmjs.org/string-argv cache-miss
381 http fetch GET 200 https://registry.npmjs.org/@orval%2fcore 3179ms (cache miss)
382 silly packumentCache full:https://registry.npmjs.org/@orval%2fcore set size:undefined disposed:false
383 silly fetch manifest tsconfck@^3.1.6
384 silly packumentCache full:https://registry.npmjs.org/tsconfck cache-miss
385 http fetch GET 200 https://registry.npmjs.org/@scalar%2fjson-magic 2021ms (cache miss)
386 silly packumentCache full:https://registry.npmjs.org/@scalar%2fjson-magic set size:undefined disposed:false
387 silly fetch manifest typedoc@^0.28.17
388 silly packumentCache full:https://registry.npmjs.org/typedoc cache-miss
389 http fetch GET 200 https://registry.npmjs.org/js-yaml 824ms (cache miss)
390 silly packumentCache full:https://registry.npmjs.org/js-yaml set size:undefined disposed:false
391 silly fetch manifest typedoc-plugin-coverage@^4.0.2
392 silly packumentCache full:https://registry.npmjs.org/typedoc-plugin-coverage cache-miss
393 http fetch GET 200 https://registry.npmjs.org/fs-extra 1000ms (cache miss)
394 silly packumentCache full:https://registry.npmjs.org/fs-extra set size:undefined disposed:false
395 silly fetch manifest typedoc-plugin-markdown@^4.10.0
396 silly packumentCache full:https://registry.npmjs.org/typedoc-plugin-markdown cache-miss
397 http fetch GET 200 https://registry.npmjs.org/string-argv 727ms (cache miss)
398 silly packumentCache full:https://registry.npmjs.org/string-argv set size:undefined disposed:false
399 http fetch GET 200 https://registry.npmjs.org/@scalar%2fopenapi-types 2191ms (cache miss)
400 silly packumentCache full:https://registry.npmjs.org/@scalar%2fopenapi-types set size:undefined disposed:false
401 http fetch GET 200 https://registry.npmjs.org/chokidar 2205ms (cache miss)
402 silly packumentCache full:https://registry.npmjs.org/chokidar set size:undefined disposed:false
403 http fetch GET 200 https://registry.npmjs.org/find-up 1617ms (cache miss)
404 silly packumentCache full:https://registry.npmjs.org/find-up set size:undefined disposed:false
405 http fetch GET 200 https://registry.npmjs.org/remeda 1661ms (cache miss)
406 silly packumentCache full:https://registry.npmjs.org/remeda set size:undefined disposed:false
407 http fetch GET 200 https://registry.npmjs.org/tsconfck 1255ms (cache miss)
408 silly packumentCache full:https://registry.npmjs.org/tsconfck set size:undefined disposed:false
409 http fetch GET 200 https://registry.npmjs.org/commander 3023ms (cache miss)
410 silly packumentCache full:https://registry.npmjs.org/commander set size:undefined disposed:false
411 http fetch GET 200 https://registry.npmjs.org/typedoc-plugin-coverage 1515ms (cache miss)
412 silly packumentCache full:https://registry.npmjs.org/typedoc-plugin-coverage set size:undefined disposed:false
413 http fetch GET 200 https://registry.npmjs.org/typedoc-plugin-markdown 1668ms (cache miss)
414 silly packumentCache full:https://registry.npmjs.org/typedoc-plugin-markdown set size:undefined disposed:false
415 http fetch GET 200 https://registry.npmjs.org/@orval%2faxios 5610ms (cache miss)
416 silly packumentCache full:https://registry.npmjs.org/@orval%2faxios set size:undefined disposed:false
417 http fetch GET 200 https://registry.npmjs.org/typedoc 2584ms (cache miss)
418 silly packumentCache full:https://registry.npmjs.org/typedoc set size:undefined disposed:false
419 silly fetch manifest drizzle-orm@latest
420 silly packumentCache full:https://registry.npmjs.org/drizzle-orm cache-miss
421 http fetch GET 200 https://registry.npmjs.org/drizzle-orm 57124ms (cache miss)
422 silly packumentCache full:https://registry.npmjs.org/drizzle-orm set size:undefined disposed:false
423 silly fetch manifest @aws-sdk/client-rds-data@>=3
424 silly packumentCache full:https://registry.npmjs.org/@aws-sdk%2fclient-rds-data cache-miss
425 http fetch GET 200 https://registry.npmjs.org/@aws-sdk%2fclient-rds-data 7130ms (cache miss)
426 silly packumentCache full:https://registry.npmjs.org/@aws-sdk%2fclient-rds-data set size:undefined disposed:false
427 silly fetch manifest @cloudflare/workers-types@>=4
428 silly packumentCache full:https://registry.npmjs.org/@cloudflare%2fworkers-types cache-miss
429 http fetch GET 200 https://registry.npmjs.org/@cloudflare%2fworkers-types 2376ms (cache miss)
430 silly packumentCache full:https://registry.npmjs.org/@cloudflare%2fworkers-types set size:undefined disposed:false
431 silly fetch manifest @electric-sql/pglite@>=0.2.0
432 silly packumentCache full:https://registry.npmjs.org/@electric-sql%2fpglite cache-miss
433 http fetch GET 200 https://registry.npmjs.org/@electric-sql%2fpglite 712ms (cache miss)
434 silly packumentCache full:https://registry.npmjs.org/@electric-sql%2fpglite set size:undefined disposed:false
435 silly fetch manifest @libsql/client@>=0.10.0
436 silly packumentCache full:https://registry.npmjs.org/@libsql%2fclient cache-miss
437 http fetch GET 200 https://registry.npmjs.org/@libsql%2fclient 1746ms (cache miss)
438 silly packumentCache full:https://registry.npmjs.org/@libsql%2fclient set size:undefined disposed:false
439 silly fetch manifest @libsql/client-wasm@>=0.10.0
440 silly packumentCache full:https://registry.npmjs.org/@libsql%2fclient-wasm cache-miss
441 http fetch GET 200 https://registry.npmjs.org/@libsql%2fclient-wasm 752ms (cache miss)
442 silly packumentCache full:https://registry.npmjs.org/@libsql%2fclient-wasm set size:undefined disposed:false
443 silly fetch manifest @neondatabase/serverless@>=0.10.0
444 silly packumentCache full:https://registry.npmjs.org/@neondatabase%2fserverless cache-miss
445 http fetch GET 200 https://registry.npmjs.org/@neondatabase%2fserverless 1444ms (cache miss)
446 silly packumentCache full:https://registry.npmjs.org/@neondatabase%2fserverless set size:undefined disposed:false
447 silly fetch manifest @op-engineering/op-sqlite@>=2
448 silly packumentCache full:https://registry.npmjs.org/@op-engineering%2fop-sqlite cache-miss
449 http fetch GET 200 https://registry.npmjs.org/@op-engineering%2fop-sqlite 1024ms (cache miss)
450 silly packumentCache full:https://registry.npmjs.org/@op-engineering%2fop-sqlite set size:undefined disposed:false
451 silly fetch manifest @sqlite.org/sqlite-wasm@*
452 silly packumentCache full:https://registry.npmjs.org/@sqlite.org%2fsqlite-wasm cache-miss
453 http fetch GET 200 https://registry.npmjs.org/@sqlite.org%2fsqlite-wasm 309ms (cache miss)
454 silly packumentCache full:https://registry.npmjs.org/@sqlite.org%2fsqlite-wasm set size:undefined disposed:false
455 silly fetch manifest react@*
456 silly packumentCache full:https://registry.npmjs.org/react cache-miss
457 http cache https://registry.npmjs.org/react 26ms (cache hit)
458 silly packumentCache full:https://registry.npmjs.org/react set size:6625721 disposed:false
459 silly fetch manifest react-native@*
460 silly packumentCache full:https://registry.npmjs.org/react-native cache-miss
461 http fetch GET 200 https://registry.npmjs.org/react-native 10096ms (cache miss)
462 silly packumentCache full:https://registry.npmjs.org/react-native set size:undefined disposed:false
463 silly fetch manifest @react-native/jest-preset@0.85.2
464 silly packumentCache full:https://registry.npmjs.org/@react-native%2fjest-preset cache-miss
465 http fetch GET 200 https://registry.npmjs.org/@react-native%2fjest-preset 393ms (cache miss)
466 silly packumentCache full:https://registry.npmjs.org/@react-native%2fjest-preset set size:undefined disposed:false
467 silly fetch manifest @types/react@^19.1.1
468 silly packumentCache full:https://registry.npmjs.org/@types%2freact cache-miss
469 http cache https://registry.npmjs.org/@types%2freact 17ms (cache hit)
470 silly packumentCache full:https://registry.npmjs.org/@types%2freact set size:2588964 disposed:false
471 silly fetch manifest @opentelemetry/api@^1.4.1
472 silly packumentCache full:https://registry.npmjs.org/@opentelemetry%2fapi cache-miss
473 http fetch GET 200 https://registry.npmjs.org/@opentelemetry%2fapi 1046ms (cache miss)
474 silly packumentCache full:https://registry.npmjs.org/@opentelemetry%2fapi set size:undefined disposed:false
475 silly fetch manifest @planetscale/database@>=1.13
476 silly packumentCache full:https://registry.npmjs.org/@planetscale%2fdatabase cache-miss
477 http fetch GET 200 https://registry.npmjs.org/@planetscale%2fdatabase 868ms (cache miss)
478 silly packumentCache full:https://registry.npmjs.org/@planetscale%2fdatabase set size:undefined disposed:false
479 silly fetch manifest @prisma/client@*
480 silly packumentCache full:https://registry.npmjs.org/@prisma%2fclient cache-miss
481 http fetch GET 200 https://registry.npmjs.org/@prisma%2fclient 61928ms (cache miss)
482 silly packumentCache full:https://registry.npmjs.org/@prisma%2fclient set size:undefined disposed:false
483 silly fetch manifest prisma@*
484 silly packumentCache full:https://registry.npmjs.org/prisma cache-miss
485 http fetch GET 200 https://registry.npmjs.org/prisma 51076ms (cache miss)
486 silly packumentCache full:https://registry.npmjs.org/prisma set size:undefined disposed:false
487 silly fetch manifest better-sqlite3@>=9.0.0
488 silly packumentCache full:https://registry.npmjs.org/better-sqlite3 cache-miss
489 http fetch GET 200 https://registry.npmjs.org/better-sqlite3 2559ms (cache miss)
490 silly packumentCache full:https://registry.npmjs.org/better-sqlite3 set size:undefined disposed:false
491 silly fetch manifest typescript@>=5.4.0
492 silly packumentCache full:https://registry.npmjs.org/typescript cache-miss
493 http cache https://registry.npmjs.org/typescript 56ms (cache hit)
494 silly packumentCache full:https://registry.npmjs.org/typescript set size:15409943 disposed:false
495 silly fetch manifest @tidbcloud/serverless@*
496 silly packumentCache full:https://registry.npmjs.org/@tidbcloud%2fserverless cache-miss
497 http fetch GET 200 https://registry.npmjs.org/@tidbcloud%2fserverless 653ms (cache miss)
498 silly packumentCache full:https://registry.npmjs.org/@tidbcloud%2fserverless set size:undefined disposed:false
499 silly fetch manifest @types/better-sqlite3@*
500 silly packumentCache full:https://registry.npmjs.org/@types%2fbetter-sqlite3 cache-miss
501 http fetch GET 200 https://registry.npmjs.org/@types%2fbetter-sqlite3 827ms (cache miss)
502 silly packumentCache full:https://registry.npmjs.org/@types%2fbetter-sqlite3 set size:undefined disposed:false
503 silly fetch manifest @types/pg@^8.18.0
504 silly packumentCache full:https://registry.npmjs.org/@types%2fpg cache-miss
505 http fetch GET 200 https://registry.npmjs.org/@types%2fpg 1321ms (cache miss)
506 silly packumentCache full:https://registry.npmjs.org/@types%2fpg set size:undefined disposed:false
507 silly fetch manifest @types/sql.js@*
508 silly packumentCache full:https://registry.npmjs.org/@types%2fsql.js cache-miss
509 http fetch GET 200 https://registry.npmjs.org/@types%2fsql.js 757ms (cache miss)
510 silly packumentCache full:https://registry.npmjs.org/@types%2fsql.js set size:undefined disposed:false
511 silly fetch manifest @upstash/redis@>=1.34.7
512 silly packumentCache full:https://registry.npmjs.org/@upstash%2fredis cache-miss
513 http fetch GET 200 https://registry.npmjs.org/@upstash%2fredis 7272ms (cache miss)
514 silly packumentCache full:https://registry.npmjs.org/@upstash%2fredis set size:undefined disposed:false
515 silly fetch manifest @vercel/postgres@>=0.8.0
516 silly packumentCache full:https://registry.npmjs.org/@vercel%2fpostgres cache-miss
517 http fetch GET 200 https://registry.npmjs.org/@vercel%2fpostgres 604ms (cache miss)
518 silly packumentCache full:https://registry.npmjs.org/@vercel%2fpostgres set size:undefined disposed:false
519 silly fetch manifest @xata.io/client@*
520 silly packumentCache full:https://registry.npmjs.org/@xata.io%2fclient cache-miss
521 http fetch GET 200 https://registry.npmjs.org/@xata.io%2fclient 21686ms (cache miss)
522 silly packumentCache full:https://registry.npmjs.org/@xata.io%2fclient set size:undefined disposed:false
523 silly fetch manifest bun-types@*
524 silly packumentCache full:https://registry.npmjs.org/bun-types cache-miss
525 http fetch GET 200 https://registry.npmjs.org/bun-types 7460ms (cache miss)
526 silly packumentCache full:https://registry.npmjs.org/bun-types set size:undefined disposed:false
527 silly fetch manifest expo-sqlite@>=14.0.0
528 silly packumentCache full:https://registry.npmjs.org/expo-sqlite cache-miss
529 http fetch GET 200 https://registry.npmjs.org/expo-sqlite 1561ms (cache miss)
530 silly packumentCache full:https://registry.npmjs.org/expo-sqlite set size:undefined disposed:false
531 silly fetch manifest expo@*
532 silly packumentCache full:https://registry.npmjs.org/expo cache-miss
533 http fetch GET 200 https://registry.npmjs.org/expo 4097ms (cache miss)
534 silly packumentCache full:https://registry.npmjs.org/expo set size:undefined disposed:false
535 silly fetch manifest @expo/dom-webview@*
536 silly packumentCache full:https://registry.npmjs.org/@expo%2fdom-webview cache-miss
537 http fetch GET 200 https://registry.npmjs.org/@expo%2fdom-webview 688ms (cache miss)
538 silly packumentCache full:https://registry.npmjs.org/@expo%2fdom-webview set size:undefined disposed:false
539 silly fetch manifest @expo/metro-runtime@*
540 silly packumentCache full:https://registry.npmjs.org/@expo%2fmetro-runtime cache-miss
541 http fetch GET 200 https://registry.npmjs.org/@expo%2fmetro-runtime 2420ms (cache miss)
542 silly packumentCache full:https://registry.npmjs.org/@expo%2fmetro-runtime set size:undefined disposed:false
543 silly fetch manifest react-dom@*
544 silly packumentCache full:https://registry.npmjs.org/react-dom cache-miss
545 http cache https://registry.npmjs.org/react-dom 155ms (cache hit)
546 silly packumentCache full:https://registry.npmjs.org/react-dom set size:8826021 disposed:false
547 silly fetch manifest react-native-webview@*
548 silly packumentCache full:https://registry.npmjs.org/react-native-webview cache-miss
549 http fetch GET 200 https://registry.npmjs.org/react-native-webview 7857ms (cache miss)
550 silly packumentCache full:https://registry.npmjs.org/react-native-webview set size:undefined disposed:false
551 silly fetch manifest gel@>=2
552 silly packumentCache full:https://registry.npmjs.org/gel cache-miss
553 http fetch GET 200 https://registry.npmjs.org/gel 1381ms (cache miss)
554 silly packumentCache full:https://registry.npmjs.org/gel set size:undefined disposed:false
555 silly fetch manifest knex@*
556 silly packumentCache full:https://registry.npmjs.org/knex cache-miss
557 http fetch GET 200 https://registry.npmjs.org/knex 4356ms (cache miss)
558 silly packumentCache full:https://registry.npmjs.org/knex set size:undefined disposed:false
559 silly fetch manifest pg-query-stream@^4.14.0
560 silly packumentCache full:https://registry.npmjs.org/pg-query-stream cache-miss
561 http fetch GET 200 https://registry.npmjs.org/pg-query-stream 4851ms (cache miss)
562 silly packumentCache full:https://registry.npmjs.org/pg-query-stream set size:undefined disposed:false
563 silly fetch manifest pg@^8.20.0
564 silly packumentCache full:https://registry.npmjs.org/pg cache-miss
565 http fetch GET 200 https://registry.npmjs.org/pg 1050ms (cache miss)
566 silly packumentCache full:https://registry.npmjs.org/pg set size:undefined disposed:false
567 silly fetch manifest pg-native@>=3.0.1
568 silly packumentCache full:https://registry.npmjs.org/pg-native cache-miss
569 http fetch GET 200 https://registry.npmjs.org/pg-native 502ms (cache miss)
570 silly packumentCache full:https://registry.npmjs.org/pg-native set size:undefined disposed:false
571 silly fetch manifest kysely@*
572 silly packumentCache full:https://registry.npmjs.org/kysely cache-miss
573 http fetch GET 200 https://registry.npmjs.org/kysely 2040ms (cache miss)
574 silly packumentCache full:https://registry.npmjs.org/kysely set size:undefined disposed:false
575 silly fetch manifest mysql2@>=2
576 silly packumentCache full:https://registry.npmjs.org/mysql2 cache-miss
577 http fetch GET 200 https://registry.npmjs.org/mysql2 1548ms (cache miss)
578 silly packumentCache full:https://registry.npmjs.org/mysql2 set size:undefined disposed:false
579 silly fetch manifest postgres@>=3
580 silly packumentCache full:https://registry.npmjs.org/postgres cache-miss
581 http fetch GET 200 https://registry.npmjs.org/postgres 665ms (cache miss)
582 silly packumentCache full:https://registry.npmjs.org/postgres set size:undefined disposed:false
583 silly fetch manifest sql.js@>=1
584 silly packumentCache full:https://registry.npmjs.org/sql.js cache-miss
585 http fetch GET 200 https://registry.npmjs.org/sql.js 647ms (cache miss)
586 silly packumentCache full:https://registry.npmjs.org/sql.js set size:undefined disposed:false
587 silly fetch manifest sqlite3@>=5
588 silly packumentCache full:https://registry.npmjs.org/sqlite3 cache-miss
589 http fetch GET 200 https://registry.npmjs.org/sqlite3 2057ms (cache miss)
590 silly packumentCache full:https://registry.npmjs.org/sqlite3 set size:undefined disposed:false
591 silly fetch manifest drizzle-zod@^0.8.3
592 silly packumentCache full:https://registry.npmjs.org/drizzle-zod cache-miss
593 http fetch GET 200 https://registry.npmjs.org/drizzle-zod 13691ms (cache miss)
594 silly packumentCache full:https://registry.npmjs.org/drizzle-zod set size:undefined disposed:false
595 silly fetch manifest drizzle-kit@^0.31.9
596 silly packumentCache full:https://registry.npmjs.org/drizzle-kit cache-miss
597 http fetch GET 200 https://registry.npmjs.org/drizzle-kit 7075ms (cache miss)
598 silly packumentCache full:https://registry.npmjs.org/drizzle-kit set size:undefined disposed:false
599 silly placeDep ROOT @types/pg@8.20.0 OK for: @workspace/db@0.0.0 want: ^8.18.0
600 silly placeDep ROOT drizzle-kit@0.31.10 OK for: @workspace/db@0.0.0 want: ^0.31.9
601 silly placeDep ROOT drizzle-orm@0.45.2 OK for: @workspace/db@0.0.0 want: latest
602 silly placeDep ROOT drizzle-zod@0.8.3 OK for: @workspace/db@0.0.0 want: ^0.8.3
603 silly placeDep ROOT pg@8.20.0 OK for: @workspace/db@0.0.0 want: ^8.20.0
604 silly fetch manifest pg-types@^2.2.0
605 silly packumentCache full:https://registry.npmjs.org/pg-types cache-miss
606 silly fetch manifest pg-protocol@*
607 silly packumentCache full:https://registry.npmjs.org/pg-protocol cache-miss
608 silly fetch manifest tsx@^4.21.0
609 silly packumentCache full:https://registry.npmjs.org/tsx cache-miss
610 silly fetch manifest esbuild@^0.25.4
611 silly packumentCache full:https://registry.npmjs.org/esbuild cache-miss
612 silly fetch manifest @drizzle-team/brocli@^0.10.2
613 silly packumentCache full:https://registry.npmjs.org/@drizzle-team%2fbrocli cache-miss
614 silly fetch manifest @esbuild-kit/esm-loader@^2.5.5
615 silly packumentCache full:https://registry.npmjs.org/@esbuild-kit%2fesm-loader cache-miss
616 silly fetch manifest pg-connection-string@^2.12.0
617 silly packumentCache full:https://registry.npmjs.org/pg-connection-string cache-miss
618 silly fetch manifest pg-pool@^3.13.0
619 silly packumentCache full:https://registry.npmjs.org/pg-pool cache-miss
620 silly fetch manifest pg-protocol@^1.13.0
621 silly packumentCache full:https://registry.npmjs.org/pg-protocol cache-miss
622 silly fetch manifest pg-types@2.2.0
623 silly packumentCache full:https://registry.npmjs.org/pg-types cache-miss
624 silly fetch manifest pgpass@1.0.5
625 silly packumentCache full:https://registry.npmjs.org/pgpass cache-miss
626 http fetch GET 200 https://registry.npmjs.org/pg-connection-string 732ms (cache miss)
627 silly packumentCache full:https://registry.npmjs.org/pg-connection-string set size:undefined disposed:false
628 silly fetch manifest pg-cloudflare@^1.3.0
629 silly packumentCache full:https://registry.npmjs.org/pg-cloudflare cache-miss
630 http fetch GET 200 https://registry.npmjs.org/pg-protocol 760ms (cache miss)
631 silly packumentCache full:https://registry.npmjs.org/pg-protocol set size:undefined disposed:false
632 http fetch GET 200 https://registry.npmjs.org/pg-types 782ms (cache miss)
633 silly packumentCache full:https://registry.npmjs.org/pg-types set size:undefined disposed:false
634 http fetch GET 200 https://registry.npmjs.org/pg-pool 940ms (cache miss)
635 silly packumentCache full:https://registry.npmjs.org/pg-pool set size:undefined disposed:false
636 http fetch GET 200 https://registry.npmjs.org/pg-types 950ms (cache miss)
637 silly packumentCache full:https://registry.npmjs.org/pg-types set size:undefined disposed:false
638 http fetch GET 200 https://registry.npmjs.org/pg-cloudflare 264ms (cache miss)
639 silly packumentCache full:https://registry.npmjs.org/pg-cloudflare set size:undefined disposed:false
640 http fetch GET 200 https://registry.npmjs.org/@esbuild-kit%2fesm-loader 1070ms (cache miss)
641 silly packumentCache full:https://registry.npmjs.org/@esbuild-kit%2fesm-loader set size:undefined disposed:false
642 http fetch GET 200 https://registry.npmjs.org/@drizzle-team%2fbrocli 1094ms (cache miss)
643 silly packumentCache full:https://registry.npmjs.org/@drizzle-team%2fbrocli set size:undefined disposed:false
644 http fetch GET 200 https://registry.npmjs.org/esbuild 1103ms (cache revalidated)
645 silly packumentCache full:https://registry.npmjs.org/esbuild set size:1254708 disposed:false
646 http fetch GET 200 https://registry.npmjs.org/tsx 1132ms (cache revalidated)
647 silly packumentCache full:https://registry.npmjs.org/tsx set size:289592 disposed:false
648 http fetch GET 200 https://registry.npmjs.org/pgpass 2161ms (cache miss)
649 silly packumentCache full:https://registry.npmjs.org/pgpass set size:undefined disposed:false
650 http fetch GET 200 https://registry.npmjs.org/pg-protocol 4783ms (cache miss)
651 silly packumentCache full:https://registry.npmjs.org/pg-protocol set size:undefined disposed:false
652 silly placeDep ROOT @babel/parser@7.29.2 OK for: @replit/vite-plugin-cartographer@0.5.5 want: ^7.26.9
653 silly placeDep ROOT @babel/traverse@7.29.0 OK for: @replit/vite-plugin-cartographer@0.5.5 want: ^7.26.9
654 silly placeDep ROOT @babel/types@7.29.0 OK for: @replit/vite-plugin-cartographer@0.5.5 want: ^7.26.9
655 silly placeDep ROOT magic-string@0.30.21 OK for: @replit/vite-plugin-cartographer@0.5.5 want: ^0.30.12
656 silly placeDep ROOT modern-screenshot@4.7.0 OK for: @replit/vite-plugin-cartographer@0.5.5 want: ^4.6.0
657 silly fetch manifest @babel/types@^7.29.0
658 silly packumentCache full:https://registry.npmjs.org/@babel%2ftypes cache-miss
659 silly fetch manifest debug@^4.3.1
660 silly packumentCache full:https://registry.npmjs.org/debug cache-miss
661 silly fetch manifest @babel/types@^7.29.0
662 silly packumentCache full:https://registry.npmjs.org/@babel%2ftypes cache-miss
663 silly fetch manifest @babel/template@^7.28.6
664 silly packumentCache full:https://registry.npmjs.org/@babel%2ftemplate cache-miss
665 silly fetch manifest @babel/generator@^7.29.0
666 silly packumentCache full:https://registry.npmjs.org/@babel%2fgenerator cache-miss
667 silly fetch manifest @babel/code-frame@^7.29.0
668 silly packumentCache full:https://registry.npmjs.org/@babel%2fcode-frame cache-miss
669 silly fetch manifest @babel/helper-globals@^7.28.0
670 silly packumentCache full:https://registry.npmjs.org/@babel%2fhelper-globals cache-miss
671 silly fetch manifest @babel/helper-string-parser@^7.27.1
672 silly packumentCache full:https://registry.npmjs.org/@babel%2fhelper-string-parser cache-miss
673 silly fetch manifest @babel/helper-validator-identifier@^7.28.5
674 silly packumentCache full:https://registry.npmjs.org/@babel%2fhelper-validator-identifier cache-miss
675 silly fetch manifest @jridgewell/sourcemap-codec@^1.5.5
676 silly packumentCache full:https://registry.npmjs.org/@jridgewell%2fsourcemap-codec cache-miss
677 http fetch GET 200 https://registry.npmjs.org/@babel%2fhelper-globals 409ms (cache miss)
678 silly packumentCache full:https://registry.npmjs.org/@babel%2fhelper-globals set size:undefined disposed:false
679 http fetch GET 200 https://registry.npmjs.org/@babel%2ftypes 471ms (cache revalidated)
680 silly packumentCache full:https://registry.npmjs.org/@babel%2ftypes set size:487885 disposed:false
681 http fetch GET 200 https://registry.npmjs.org/@babel%2fcode-frame 1400ms (cache miss)
682 silly packumentCache full:https://registry.npmjs.org/@babel%2fcode-frame set size:undefined disposed:false
683 http fetch GET 200 https://registry.npmjs.org/@babel%2ftemplate 2266ms (cache miss)
684 silly packumentCache full:https://registry.npmjs.org/@babel%2ftemplate set size:undefined disposed:false
685 http fetch GET 200 https://registry.npmjs.org/@babel%2fgenerator 2272ms (cache miss)
686 silly packumentCache full:https://registry.npmjs.org/@babel%2fgenerator set size:undefined disposed:false
687 http fetch GET 200 https://registry.npmjs.org/@jridgewell%2fsourcemap-codec 2322ms (cache miss)
688 silly packumentCache full:https://registry.npmjs.org/@jridgewell%2fsourcemap-codec set size:undefined disposed:false
689 http fetch GET 200 https://registry.npmjs.org/@babel%2fhelper-string-parser 2427ms (cache miss)
690 silly packumentCache full:https://registry.npmjs.org/@babel%2fhelper-string-parser set size:undefined disposed:false
691 http fetch GET 200 https://registry.npmjs.org/@babel%2fhelper-validator-identifier 2720ms (cache miss)
692 silly packumentCache full:https://registry.npmjs.org/@babel%2fhelper-validator-identifier set size:undefined disposed:false
693 http fetch GET 200 https://registry.npmjs.org/debug 2739ms (cache miss)
694 silly packumentCache full:https://registry.npmjs.org/debug set size:undefined disposed:false
695 http fetch GET 200 https://registry.npmjs.org/@babel%2ftypes 3593ms (cache revalidated)
696 silly packumentCache full:https://registry.npmjs.org/@babel%2ftypes set size:487885 disposed:false
697 silly packumentCache full:https://registry.npmjs.org/@babel%2ftypes dispose
698 silly placeDep ROOT @babel/code-frame@7.29.0 OK for: @babel/traverse@7.29.0 want: ^7.29.0
699 silly placeDep ROOT @babel/generator@7.29.1 OK for: @babel/traverse@7.29.0 want: ^7.29.0
700 silly placeDep ROOT @babel/helper-globals@7.28.0 OK for: @babel/traverse@7.29.0 want: ^7.28.0
701 silly placeDep ROOT @babel/template@7.28.6 OK for: @babel/traverse@7.29.0 want: ^7.28.6
702 silly placeDep ROOT debug@4.4.3 OK for: @babel/traverse@7.29.0 want: ^4.3.1
703 silly fetch manifest js-tokens@^4.0.0
704 silly packumentCache full:https://registry.npmjs.org/js-tokens cache-miss
705 silly fetch manifest picocolors@^1.1.1
706 silly packumentCache full:https://registry.npmjs.org/picocolors cache-miss
707 silly fetch manifest jsesc@^3.0.2
708 silly packumentCache full:https://registry.npmjs.org/jsesc cache-miss
709 silly fetch manifest @jridgewell/gen-mapping@^0.3.12
710 silly packumentCache full:https://registry.npmjs.org/@jridgewell%2fgen-mapping cache-miss
711 silly fetch manifest @jridgewell/trace-mapping@^0.3.28
712 silly packumentCache full:https://registry.npmjs.org/@jridgewell%2ftrace-mapping cache-miss
713 silly fetch manifest ms@^2.1.3
714 silly packumentCache full:https://registry.npmjs.org/ms cache-miss
715 http fetch GET 200 https://registry.npmjs.org/@jridgewell%2ftrace-mapping 245ms (cache revalidated)
716 silly packumentCache full:https://registry.npmjs.org/@jridgewell%2ftrace-mapping set size:170909 disposed:false
717 http fetch GET 200 https://registry.npmjs.org/js-tokens 273ms (cache miss)
718 silly packumentCache full:https://registry.npmjs.org/js-tokens set size:undefined disposed:false
719 http fetch GET 200 https://registry.npmjs.org/picocolors 388ms (cache miss)
720 silly packumentCache full:https://registry.npmjs.org/picocolors set size:undefined disposed:false
721 http fetch GET 200 https://registry.npmjs.org/jsesc 478ms (cache miss)
722 silly packumentCache full:https://registry.npmjs.org/jsesc set size:undefined disposed:false
723 http fetch GET 200 https://registry.npmjs.org/@jridgewell%2fgen-mapping 553ms (cache miss)
724 silly packumentCache full:https://registry.npmjs.org/@jridgewell%2fgen-mapping set size:undefined disposed:false
725 http fetch GET 200 https://registry.npmjs.org/ms 806ms (cache miss)
726 silly packumentCache full:https://registry.npmjs.org/ms set size:undefined disposed:false
727 silly placeDep ROOT @babel/helper-validator-identifier@7.28.5 OK for: @babel/code-frame@7.29.0 want: ^7.28.5
728 silly placeDep ROOT js-tokens@4.0.0 OK for: @babel/code-frame@7.29.0 want: ^4.0.0
729 silly placeDep ROOT picocolors@1.1.1 OK for: @babel/code-frame@7.29.0 want: ^1.1.1
730 silly placeDep ROOT @jridgewell/gen-mapping@0.3.13 OK for: @babel/generator@7.29.1 want: ^0.3.12
731 silly placeDep ROOT @jridgewell/trace-mapping@0.3.31 OK for: @babel/generator@7.29.1 want: ^0.3.28
732 silly placeDep ROOT jsesc@3.1.0 OK for: @babel/generator@7.29.1 want: ^3.0.2
733 silly fetch manifest @jridgewell/sourcemap-codec@^1.5.0
734 silly packumentCache full:https://registry.npmjs.org/@jridgewell%2fsourcemap-codec cache-miss
735 silly fetch manifest @jridgewell/trace-mapping@^0.3.24
736 silly packumentCache full:https://registry.npmjs.org/@jridgewell%2ftrace-mapping cache-hit
737 silly fetch manifest @jridgewell/resolve-uri@^3.1.0
738 silly packumentCache full:https://registry.npmjs.org/@jridgewell%2fresolve-uri cache-miss
739 silly fetch manifest @jridgewell/sourcemap-codec@^1.4.14
740 silly packumentCache full:https://registry.npmjs.org/@jridgewell%2fsourcemap-codec cache-miss
741 http cache https://registry.npmjs.org/@jridgewell%2fsourcemap-codec 28ms (cache hit)
742 silly packumentCache full:https://registry.npmjs.org/@jridgewell%2fsourcemap-codec set size:59275 disposed:false
743 http cache https://registry.npmjs.org/@jridgewell%2fsourcemap-codec 30ms (cache hit)
744 silly packumentCache full:https://registry.npmjs.org/@jridgewell%2fsourcemap-codec set size:59275 disposed:false
745 silly packumentCache full:https://registry.npmjs.org/@jridgewell%2fsourcemap-codec dispose
746 http fetch GET 200 https://registry.npmjs.org/@jridgewell%2fresolve-uri 530ms (cache miss)
747 silly packumentCache full:https://registry.npmjs.org/@jridgewell%2fresolve-uri set size:undefined disposed:false
748 silly placeDep ROOT @babel/helper-string-parser@7.27.1 OK for: @babel/types@7.29.0 want: ^7.27.1
749 silly placeDep ROOT @jridgewell/sourcemap-codec@1.5.5 OK for: @jridgewell/gen-mapping@0.3.13 want: ^1.5.0
750 silly placeDep ROOT @jridgewell/resolve-uri@3.1.2 OK for: @jridgewell/trace-mapping@0.3.31 want: ^3.1.0
751 silly placeDep ROOT @tailwindcss/node@4.2.4 OK for: @tailwindcss/vite@4.2.4 want: 4.2.4
752 silly placeDep ROOT @tailwindcss/oxide@4.2.4 OK for: @tailwindcss/vite@4.2.4 want: 4.2.4
753 silly fetch manifest lightningcss@1.32.0
754 silly packumentCache full:https://registry.npmjs.org/lightningcss cache-miss
755 silly fetch manifest source-map-js@^1.2.1
756 silly packumentCache full:https://registry.npmjs.org/source-map-js cache-miss
757 silly fetch manifest enhanced-resolve@^5.19.0
758 silly packumentCache full:https://registry.npmjs.org/enhanced-resolve cache-miss
759 silly fetch manifest @jridgewell/remapping@^2.3.5
760 silly packumentCache full:https://registry.npmjs.org/@jridgewell%2fremapping cache-miss
761 silly fetch manifest @tailwindcss/oxide-darwin-x64@4.2.4
762 silly packumentCache full:https://registry.npmjs.org/@tailwindcss%2foxide-darwin-x64 cache-miss
763 silly fetch manifest @tailwindcss/oxide-freebsd-x64@4.2.4
764 silly packumentCache full:https://registry.npmjs.org/@tailwindcss%2foxide-freebsd-x64 cache-miss
765 silly fetch manifest @tailwindcss/oxide-wasm32-wasi@4.2.4
766 silly packumentCache full:https://registry.npmjs.org/@tailwindcss%2foxide-wasm32-wasi cache-miss
767 silly fetch manifest @tailwindcss/oxide-darwin-arm64@4.2.4
768 silly packumentCache full:https://registry.npmjs.org/@tailwindcss%2foxide-darwin-arm64 cache-miss
769 silly fetch manifest @tailwindcss/oxide-android-arm64@4.2.4
770 silly packumentCache full:https://registry.npmjs.org/@tailwindcss%2foxide-android-arm64 cache-miss
771 silly fetch manifest @tailwindcss/oxide-linux-x64-gnu@4.2.4
772 silly packumentCache full:https://registry.npmjs.org/@tailwindcss%2foxide-linux-x64-gnu cache-miss
773 silly fetch manifest @tailwindcss/oxide-linux-x64-musl@4.2.4
774 silly packumentCache full:https://registry.npmjs.org/@tailwindcss%2foxide-linux-x64-musl cache-miss
775 http fetch GET 200 https://registry.npmjs.org/lightningcss 268ms (cache revalidated)
776 silly packumentCache full:https://registry.npmjs.org/lightningcss set size:186753 disposed:false
777 silly fetch manifest @tailwindcss/oxide-win32-x64-msvc@4.2.4
778 silly packumentCache full:https://registry.npmjs.org/@tailwindcss%2foxide-win32-x64-msvc cache-miss
779 http fetch GET 200 https://registry.npmjs.org/@jridgewell%2fremapping 528ms (cache miss)
780 silly packumentCache full:https://registry.npmjs.org/@jridgewell%2fremapping set size:undefined disposed:false
781 silly fetch manifest @tailwindcss/oxide-linux-arm64-gnu@4.2.4
782 silly packumentCache full:https://registry.npmjs.org/@tailwindcss%2foxide-linux-arm64-gnu cache-miss
783 http fetch GET 200 https://registry.npmjs.org/@tailwindcss%2foxide-android-arm64 9206ms (cache miss)
784 silly packumentCache full:https://registry.npmjs.org/@tailwindcss%2foxide-android-arm64 set size:undefined disposed:false
785 silly fetch manifest @tailwindcss/oxide-linux-arm64-musl@4.2.4
786 silly packumentCache full:https://registry.npmjs.org/@tailwindcss%2foxide-linux-arm64-musl cache-miss
787 http fetch GET 200 https://registry.npmjs.org/enhanced-resolve 9468ms (cache miss)
788 silly packumentCache full:https://registry.npmjs.org/enhanced-resolve set size:undefined disposed:false
789 silly fetch manifest @tailwindcss/oxide-win32-arm64-msvc@4.2.4
790 silly packumentCache full:https://registry.npmjs.org/@tailwindcss%2foxide-win32-arm64-msvc cache-miss
791 http fetch GET 200 https://registry.npmjs.org/@tailwindcss%2foxide-linux-arm64-gnu 12411ms (cache miss)
792 silly packumentCache full:https://registry.npmjs.org/@tailwindcss%2foxide-linux-arm64-gnu set size:undefined disposed:false
793 silly fetch manifest @tailwindcss/oxide-linux-arm-gnueabihf@4.2.4
794 silly packumentCache full:https://registry.npmjs.org/@tailwindcss%2foxide-linux-arm-gnueabihf cache-miss
795 http fetch GET 200 https://registry.npmjs.org/@tailwindcss%2foxide-wasm32-wasi 21688ms (cache miss)
796 silly packumentCache full:https://registry.npmjs.org/@tailwindcss%2foxide-wasm32-wasi set size:undefined disposed:false
797 http fetch GET 200 https://registry.npmjs.org/@tailwindcss%2foxide-win32-x64-msvc 22183ms (cache miss)
798 silly packumentCache full:https://registry.npmjs.org/@tailwindcss%2foxide-win32-x64-msvc set size:undefined disposed:false
799 http fetch GET 200 https://registry.npmjs.org/source-map-js 25915ms (cache miss)
800 silly packumentCache full:https://registry.npmjs.org/source-map-js set size:undefined disposed:false
801 http fetch GET 200 https://registry.npmjs.org/@tailwindcss%2foxide-freebsd-x64 34677ms (cache miss)
802 silly packumentCache full:https://registry.npmjs.org/@tailwindcss%2foxide-freebsd-x64 set size:undefined disposed:false
803 http fetch GET 200 https://registry.npmjs.org/@tailwindcss%2foxide-linux-arm-gnueabihf 21795ms (cache miss)
804 silly packumentCache full:https://registry.npmjs.org/@tailwindcss%2foxide-linux-arm-gnueabihf set size:undefined disposed:false
805 http fetch GET 200 https://registry.npmjs.org/@tailwindcss%2foxide-linux-arm64-musl 26301ms (cache miss)
806 silly packumentCache full:https://registry.npmjs.org/@tailwindcss%2foxide-linux-arm64-musl set size:undefined disposed:false
807 http fetch GET 200 https://registry.npmjs.org/@tailwindcss%2foxide-linux-x64-musl 39910ms (cache miss)
808 silly packumentCache full:https://registry.npmjs.org/@tailwindcss%2foxide-linux-x64-musl set size:undefined disposed:false
809 http fetch GET 200 https://registry.npmjs.org/@tailwindcss%2foxide-win32-arm64-msvc 32564ms (cache miss)
810 silly packumentCache full:https://registry.npmjs.org/@tailwindcss%2foxide-win32-arm64-msvc set size:undefined disposed:false
811 http fetch GET 200 https://registry.npmjs.org/@tailwindcss%2foxide-darwin-arm64 87190ms (cache miss)
812 silly packumentCache full:https://registry.npmjs.org/@tailwindcss%2foxide-darwin-arm64 set size:undefined disposed:false
813 http fetch GET 200 https://registry.npmjs.org/@tailwindcss%2foxide-darwin-x64 88146ms (cache miss)
814 silly packumentCache full:https://registry.npmjs.org/@tailwindcss%2foxide-darwin-x64 set size:undefined disposed:false
815 http fetch GET 200 https://registry.npmjs.org/@tailwindcss%2foxide-linux-x64-gnu 133594ms (cache miss)
816 silly packumentCache full:https://registry.npmjs.org/@tailwindcss%2foxide-linux-x64-gnu set size:undefined disposed:false
817 silly placeDep ROOT @jridgewell/remapping@2.3.5 OK for: @tailwindcss/node@4.2.4 want: ^2.3.5
818 silly placeDep ROOT enhanced-resolve@5.21.0 OK for: @tailwindcss/node@4.2.4 want: ^5.19.0
819 silly placeDep ROOT jiti@2.6.1 OK for: @tailwindcss/node@4.2.4 want: ^2.6.1
820 silly placeDep ROOT lightningcss@1.32.0 OK for: @tailwindcss/node@4.2.4 want: 1.32.0
821 silly placeDep ROOT source-map-js@1.2.1 OK for: @tailwindcss/node@4.2.4 want: ^1.2.1
822 silly fetch manifest graceful-fs@^4.2.4
823 silly packumentCache full:https://registry.npmjs.org/graceful-fs cache-miss
824 silly fetch manifest tapable@^2.3.3
825 silly packumentCache full:https://registry.npmjs.org/tapable cache-miss
826 silly fetch manifest detect-libc@^2.0.3
827 silly packumentCache full:https://registry.npmjs.org/detect-libc cache-miss
828 silly fetch manifest lightningcss-darwin-x64@1.32.0
829 silly packumentCache full:https://registry.npmjs.org/lightningcss-darwin-x64 cache-miss
830 silly fetch manifest lightningcss-linux-x64-gnu@1.32.0
831 silly packumentCache full:https://registry.npmjs.org/lightningcss-linux-x64-gnu cache-miss
832 silly fetch manifest lightningcss-win32-x64-msvc@1.32.0
833 silly packumentCache full:https://registry.npmjs.org/lightningcss-win32-x64-msvc cache-miss
834 silly fetch manifest lightningcss-win32-arm64-msvc@1.32.0
835 silly packumentCache full:https://registry.npmjs.org/lightningcss-win32-arm64-msvc cache-miss
836 silly fetch manifest lightningcss-darwin-arm64@1.32.0
837 silly packumentCache full:https://registry.npmjs.org/lightningcss-darwin-arm64 cache-miss
838 silly fetch manifest lightningcss-linux-arm64-gnu@1.32.0
839 silly packumentCache full:https://registry.npmjs.org/lightningcss-linux-arm64-gnu cache-miss
840 silly fetch manifest lightningcss-linux-arm-gnueabihf@1.32.0
841 silly packumentCache full:https://registry.npmjs.org/lightningcss-linux-arm-gnueabihf cache-miss
842 silly fetch manifest lightningcss-linux-arm64-musl@1.32.0
843 silly packumentCache full:https://registry.npmjs.org/lightningcss-linux-arm64-musl cache-miss
844 http fetch GET 200 https://registry.npmjs.org/detect-libc 348ms (cache miss)
845 silly packumentCache full:https://registry.npmjs.org/detect-libc set size:undefined disposed:false
846 silly fetch manifest lightningcss-linux-x64-musl@1.32.0
847 silly packumentCache full:https://registry.npmjs.org/lightningcss-linux-x64-musl cache-miss
848 http fetch GET 200 https://registry.npmjs.org/lightningcss-linux-x64-gnu 1173ms (cache miss)
849 silly packumentCache full:https://registry.npmjs.org/lightningcss-linux-x64-gnu set size:undefined disposed:false
850 silly fetch manifest lightningcss-freebsd-x64@1.32.0
851 silly packumentCache full:https://registry.npmjs.org/lightningcss-freebsd-x64 cache-miss
852 http fetch GET 200 https://registry.npmjs.org/lightningcss-linux-arm64-musl 1176ms (cache miss)
853 silly packumentCache full:https://registry.npmjs.org/lightningcss-linux-arm64-musl set size:undefined disposed:false
854 silly fetch manifest lightningcss-android-arm64@1.32.0
855 silly packumentCache full:https://registry.npmjs.org/lightningcss-android-arm64 cache-miss
856 http fetch GET 200 https://registry.npmjs.org/lightningcss-linux-arm64-gnu 1976ms (cache miss)
857 silly packumentCache full:https://registry.npmjs.org/lightningcss-linux-arm64-gnu set size:undefined disposed:false
858 http fetch GET 200 https://registry.npmjs.org/lightningcss-linux-arm-gnueabihf 2673ms (cache miss)
859 silly packumentCache full:https://registry.npmjs.org/lightningcss-linux-arm-gnueabihf set size:undefined disposed:false
860 http fetch GET 200 https://registry.npmjs.org/lightningcss-linux-x64-musl 2328ms (cache miss)
861 silly packumentCache full:https://registry.npmjs.org/lightningcss-linux-x64-musl set size:undefined disposed:false
862 http fetch GET 200 https://registry.npmjs.org/lightningcss-win32-arm64-msvc 2678ms (cache miss)
863 silly packumentCache full:https://registry.npmjs.org/lightningcss-win32-arm64-msvc set size:undefined disposed:false
864 http fetch GET 200 https://registry.npmjs.org/lightningcss-darwin-arm64 2971ms (cache miss)
865 silly packumentCache full:https://registry.npmjs.org/lightningcss-darwin-arm64 set size:undefined disposed:false
866 http fetch GET 200 https://registry.npmjs.org/lightningcss-win32-x64-msvc 3031ms (cache miss)
867 silly packumentCache full:https://registry.npmjs.org/lightningcss-win32-x64-msvc set size:undefined disposed:false
868 http fetch GET 200 https://registry.npmjs.org/lightningcss-freebsd-x64 1863ms (cache miss)
869 silly packumentCache full:https://registry.npmjs.org/lightningcss-freebsd-x64 set size:undefined disposed:false
870 http fetch GET 200 https://registry.npmjs.org/tapable 3757ms (cache miss)
871 silly packumentCache full:https://registry.npmjs.org/tapable set size:undefined disposed:false
872 http fetch GET 200 https://registry.npmjs.org/lightningcss-darwin-x64 6004ms (cache miss)
873 silly packumentCache full:https://registry.npmjs.org/lightningcss-darwin-x64 set size:undefined disposed:false
874 http fetch GET 200 https://registry.npmjs.org/lightningcss-android-arm64 13153ms (cache miss)
875 silly packumentCache full:https://registry.npmjs.org/lightningcss-android-arm64 set size:undefined disposed:false
876 http fetch GET 200 https://registry.npmjs.org/graceful-fs 14420ms (cache miss)
877 silly packumentCache full:https://registry.npmjs.org/graceful-fs set size:undefined disposed:false
878 silly placeDep ROOT @tailwindcss/oxide-android-arm64@4.2.4 OK for: @tailwindcss/oxide@4.2.4 want: 4.2.4
879 silly placeDep ROOT @tailwindcss/oxide-darwin-arm64@4.2.4 OK for: @tailwindcss/oxide@4.2.4 want: 4.2.4
880 silly placeDep ROOT @tailwindcss/oxide-darwin-x64@4.2.4 OK for: @tailwindcss/oxide@4.2.4 want: 4.2.4
881 silly placeDep ROOT @tailwindcss/oxide-freebsd-x64@4.2.4 OK for: @tailwindcss/oxide@4.2.4 want: 4.2.4
882 silly placeDep ROOT @tailwindcss/oxide-linux-arm-gnueabihf@4.2.4 OK for: @tailwindcss/oxide@4.2.4 want: 4.2.4
883 silly placeDep ROOT @tailwindcss/oxide-linux-arm64-gnu@4.2.4 OK for: @tailwindcss/oxide@4.2.4 want: 4.2.4
884 silly placeDep ROOT @tailwindcss/oxide-linux-arm64-musl@4.2.4 OK for: @tailwindcss/oxide@4.2.4 want: 4.2.4
885 silly placeDep ROOT @tailwindcss/oxide-linux-x64-gnu@4.2.4 OK for: @tailwindcss/oxide@4.2.4 want: 4.2.4
886 silly placeDep ROOT @tailwindcss/oxide-linux-x64-musl@4.2.4 OK for: @tailwindcss/oxide@4.2.4 want: 4.2.4
887 silly placeDep ROOT @tailwindcss/oxide-wasm32-wasi@4.2.4 OK for: @tailwindcss/oxide@4.2.4 want: 4.2.4
888 silly placeDep ROOT @tailwindcss/oxide-win32-arm64-msvc@4.2.4 OK for: @tailwindcss/oxide@4.2.4 want: 4.2.4
889 silly placeDep ROOT @tailwindcss/oxide-win32-x64-msvc@4.2.4 OK for: @tailwindcss/oxide@4.2.4 want: 4.2.4
890 silly placeDep ROOT @tanstack/query-core@5.100.3 OK for: @tanstack/react-query@5.100.3 want: 5.100.3
891 silly placeDep ROOT undici-types@7.19.2 OK for: @types/node@25.6.0 want: ~7.19.0
892 silly placeDep ROOT pg-protocol@1.13.0 OK for: @types/pg@8.20.0 want: *
893 silly placeDep ROOT pg-types@2.2.0 OK for: @types/pg@8.20.0 want: ^2.2.0
894 silly fetch manifest pg-int8@1.0.1
895 silly packumentCache full:https://registry.npmjs.org/pg-int8 cache-miss
896 silly fetch manifest postgres-date@~1.0.4
897 silly packumentCache full:https://registry.npmjs.org/postgres-date cache-miss
898 silly fetch manifest postgres-array@~2.0.0
899 silly packumentCache full:https://registry.npmjs.org/postgres-array cache-miss
900 silly fetch manifest postgres-bytea@~1.0.0
901 silly packumentCache full:https://registry.npmjs.org/postgres-bytea cache-miss
902 silly fetch manifest postgres-interval@^1.1.0
903 silly packumentCache full:https://registry.npmjs.org/postgres-interval cache-miss
904 http fetch GET 200 https://registry.npmjs.org/postgres-bytea 242ms (cache miss)
905 silly packumentCache full:https://registry.npmjs.org/postgres-bytea set size:undefined disposed:false
906 http fetch GET 200 https://registry.npmjs.org/pg-int8 354ms (cache miss)
907 silly packumentCache full:https://registry.npmjs.org/pg-int8 set size:undefined disposed:false
908 http fetch GET 200 https://registry.npmjs.org/postgres-array 1390ms (cache miss)
909 silly packumentCache full:https://registry.npmjs.org/postgres-array set size:undefined disposed:false
910 http fetch GET 200 https://registry.npmjs.org/postgres-date 1452ms (cache miss)
911 silly packumentCache full:https://registry.npmjs.org/postgres-date set size:undefined disposed:false
912 http fetch GET 200 https://registry.npmjs.org/postgres-interval 1538ms (cache miss)
913 silly packumentCache full:https://registry.npmjs.org/postgres-interval set size:undefined disposed:false
914 silly placeDep ROOT csstype@3.2.3 OK for: @types/react@19.2.14 want: ^3.2.2
915 silly placeDep ROOT @rolldown/pluginutils@1.0.0-rc.7 OK for: @vitejs/plugin-react@6.0.1 want: 1.0.0-rc.7
916 silly placeDep ROOT ms@2.1.3 OK for: debug@4.4.3 want: ^2.1.3
917 silly placeDep ROOT @drizzle-team/brocli@0.10.2 OK for: drizzle-kit@0.31.10 want: ^0.10.2
918 silly placeDep ROOT @esbuild-kit/esm-loader@2.6.5 OK for: drizzle-kit@0.31.10 want: ^2.5.5
919 silly placeDep ROOT esbuild@0.25.12 OK for: drizzle-kit@0.31.10 want: ^0.25.4
920 silly placeDep ROOT tsx@4.21.0 OK for: drizzle-kit@0.31.10 want: ^4.21.0
921 silly fetch manifest get-tsconfig@^4.7.0
922 silly packumentCache full:https://registry.npmjs.org/get-tsconfig cache-miss
923 silly fetch manifest @esbuild-kit/core-utils@^3.3.2
924 silly packumentCache full:https://registry.npmjs.org/@esbuild-kit%2fcore-utils cache-miss
925 silly fetch manifest @esbuild/aix-ppc64@0.25.12
926 silly packumentCache full:https://registry.npmjs.org/@esbuild%2faix-ppc64 cache-miss
927 silly fetch manifest @esbuild/linux-arm@0.25.12
928 silly packumentCache full:https://registry.npmjs.org/@esbuild%2flinux-arm cache-miss
929 silly fetch manifest @esbuild/linux-x64@0.25.12
930 silly packumentCache full:https://registry.npmjs.org/@esbuild%2flinux-x64 cache-miss
931 silly fetch manifest @esbuild/sunos-x64@0.25.12
932 silly packumentCache full:https://registry.npmjs.org/@esbuild%2fsunos-x64 cache-miss
933 silly fetch manifest @esbuild/win32-x64@0.25.12
934 silly packumentCache full:https://registry.npmjs.org/@esbuild%2fwin32-x64 cache-miss
935 silly fetch manifest @esbuild/darwin-x64@0.25.12
936 silly packumentCache full:https://registry.npmjs.org/@esbuild%2fdarwin-x64 cache-miss
937 silly fetch manifest @esbuild/linux-ia32@0.25.12
938 silly packumentCache full:https://registry.npmjs.org/@esbuild%2flinux-ia32 cache-miss
939 silly fetch manifest @esbuild/netbsd-x64@0.25.12
940 silly packumentCache full:https://registry.npmjs.org/@esbuild%2fnetbsd-x64 cache-miss
941 silly fetch manifest @esbuild/win32-ia32@0.25.12
942 silly packumentCache full:https://registry.npmjs.org/@esbuild%2fwin32-ia32 cache-miss
943 http fetch GET 200 https://registry.npmjs.org/get-tsconfig 1268ms (cache miss)
944 silly packumentCache full:https://registry.npmjs.org/get-tsconfig set size:undefined disposed:false
945 silly fetch manifest @esbuild/android-arm@0.25.12
946 silly packumentCache full:https://registry.npmjs.org/@esbuild%2fandroid-arm cache-miss
947 http fetch GET 200 https://registry.npmjs.org/@esbuild-kit%2fcore-utils 1271ms (cache miss)
948 silly packumentCache full:https://registry.npmjs.org/@esbuild-kit%2fcore-utils set size:undefined disposed:false
949 silly fetch manifest @esbuild/android-x64@0.25.12
950 silly packumentCache full:https://registry.npmjs.org/@esbuild%2fandroid-x64 cache-miss
951 http fetch GET 200 https://registry.npmjs.org/@esbuild%2fwin32-x64 1477ms (cache miss)
952 silly packumentCache full:https://registry.npmjs.org/@esbuild%2fwin32-x64 set size:undefined disposed:false
953 silly fetch manifest @esbuild/freebsd-x64@0.25.12
954 silly packumentCache full:https://registry.npmjs.org/@esbuild%2ffreebsd-x64 cache-miss
955 http fetch GET 200 https://registry.npmjs.org/@esbuild%2faix-ppc64 2353ms (cache miss)
956 silly packumentCache full:https://registry.npmjs.org/@esbuild%2faix-ppc64 set size:undefined disposed:false
957 silly fetch manifest @esbuild/linux-arm64@0.25.12
958 silly packumentCache full:https://registry.npmjs.org/@esbuild%2flinux-arm64 cache-miss
959 http fetch GET 200 https://registry.npmjs.org/@esbuild%2ffreebsd-x64 1392ms (cache miss)
960 silly packumentCache full:https://registry.npmjs.org/@esbuild%2ffreebsd-x64 set size:undefined disposed:false
961 silly fetch manifest @esbuild/linux-ppc64@0.25.12
962 silly packumentCache full:https://registry.npmjs.org/@esbuild%2flinux-ppc64 cache-miss
963 http fetch GET 200 https://registry.npmjs.org/@esbuild%2fandroid-x64 2419ms (cache miss)
964 silly packumentCache full:https://registry.npmjs.org/@esbuild%2fandroid-x64 set size:undefined disposed:false
965 silly fetch manifest @esbuild/linux-s390x@0.25.12
966 silly packumentCache full:https://registry.npmjs.org/@esbuild%2flinux-s390x cache-miss
967 http fetch GET 200 https://registry.npmjs.org/@esbuild%2flinux-ppc64 883ms (cache miss)
968 silly packumentCache full:https://registry.npmjs.org/@esbuild%2flinux-ppc64 set size:undefined disposed:false
969 silly fetch manifest @esbuild/openbsd-x64@0.25.12
970 silly packumentCache full:https://registry.npmjs.org/@esbuild%2fopenbsd-x64 cache-miss
971 http fetch GET 200 https://registry.npmjs.org/@esbuild%2flinux-arm 4306ms (cache miss)
972 silly packumentCache full:https://registry.npmjs.org/@esbuild%2flinux-arm set size:undefined disposed:false
973 silly fetch manifest @esbuild/win32-arm64@0.25.12
974 silly packumentCache full:https://registry.npmjs.org/@esbuild%2fwin32-arm64 cache-miss
975 http fetch GET 200 https://registry.npmjs.org/@esbuild%2fopenbsd-x64 562ms (cache miss)
976 silly packumentCache full:https://registry.npmjs.org/@esbuild%2fopenbsd-x64 set size:undefined disposed:false
977 silly fetch manifest @esbuild/darwin-arm64@0.25.12
978 silly packumentCache full:https://registry.npmjs.org/@esbuild%2fdarwin-arm64 cache-miss
979 http fetch GET 200 https://registry.npmjs.org/@esbuild%2fdarwin-x64 4351ms (cache miss)
980 silly packumentCache full:https://registry.npmjs.org/@esbuild%2fdarwin-x64 set size:undefined disposed:false
981 silly fetch manifest @esbuild/netbsd-arm64@0.25.12
982 silly packumentCache full:https://registry.npmjs.org/@esbuild%2fnetbsd-arm64 cache-miss
983 http fetch GET 200 https://registry.npmjs.org/@esbuild%2flinux-ia32 4475ms (cache miss)
984 silly packumentCache full:https://registry.npmjs.org/@esbuild%2flinux-ia32 set size:undefined disposed:false
985 silly fetch manifest @esbuild/android-arm64@0.25.12
986 silly packumentCache full:https://registry.npmjs.org/@esbuild%2fandroid-arm64 cache-miss
987 http fetch GET 200 https://registry.npmjs.org/@esbuild%2fnetbsd-x64 4528ms (cache miss)
988 silly packumentCache full:https://registry.npmjs.org/@esbuild%2fnetbsd-x64 set size:undefined disposed:false
989 silly fetch manifest @esbuild/freebsd-arm64@0.25.12
990 silly packumentCache full:https://registry.npmjs.org/@esbuild%2ffreebsd-arm64 cache-miss
991 http fetch GET 200 https://registry.npmjs.org/@esbuild%2fnetbsd-arm64 546ms (cache miss)
992 silly packumentCache full:https://registry.npmjs.org/@esbuild%2fnetbsd-arm64 set size:undefined disposed:false
993 silly fetch manifest @esbuild/linux-loong64@0.25.12
994 silly packumentCache full:https://registry.npmjs.org/@esbuild%2flinux-loong64 cache-miss
995 http fetch GET 200 https://registry.npmjs.org/@esbuild%2fdarwin-arm64 578ms (cache miss)
996 silly packumentCache full:https://registry.npmjs.org/@esbuild%2fdarwin-arm64 set size:undefined disposed:false
997 silly fetch manifest @esbuild/linux-riscv64@0.25.12
998 silly packumentCache full:https://registry.npmjs.org/@esbuild%2flinux-riscv64 cache-miss
999 http fetch GET 200 https://registry.npmjs.org/@esbuild%2fandroid-arm 3654ms (cache miss)
1000 silly packumentCache full:https://registry.npmjs.org/@esbuild%2fandroid-arm set size:undefined disposed:false
1001 silly fetch manifest @esbuild/openbsd-arm64@0.25.12
1002 silly packumentCache full:https://registry.npmjs.org/@esbuild%2fopenbsd-arm64 cache-miss
1003 http fetch GET 200 https://registry.npmjs.org/@esbuild%2flinux-s390x 1234ms (cache miss)
1004 silly packumentCache full:https://registry.npmjs.org/@esbuild%2flinux-s390x set size:undefined disposed:false
1005 silly fetch manifest @esbuild/linux-mips64el@0.25.12
1006 silly packumentCache full:https://registry.npmjs.org/@esbuild%2flinux-mips64el cache-miss
1007 http fetch GET 200 https://registry.npmjs.org/@esbuild%2fopenbsd-arm64 566ms (cache miss)
1008 silly packumentCache full:https://registry.npmjs.org/@esbuild%2fopenbsd-arm64 set size:undefined disposed:false
1009 silly fetch manifest @esbuild/openharmony-arm64@0.25.12
1010 silly packumentCache full:https://registry.npmjs.org/@esbuild%2fopenharmony-arm64 cache-miss
1011 http fetch GET 200 https://registry.npmjs.org/@esbuild%2fopenharmony-arm64 589ms (cache miss)
1012 silly packumentCache full:https://registry.npmjs.org/@esbuild%2fopenharmony-arm64 set size:undefined disposed:false
1013 silly fetch manifest esbuild@~0.27.0
1014 silly packumentCache full:https://registry.npmjs.org/esbuild cache-miss
1015 http cache https://registry.npmjs.org/esbuild 22ms (cache hit)
1016 silly packumentCache full:https://registry.npmjs.org/esbuild set size:1254708 disposed:false
1017 silly fetch manifest get-tsconfig@^4.7.5
1018 silly packumentCache full:https://registry.npmjs.org/get-tsconfig cache-miss
1019 http cache https://registry.npmjs.org/get-tsconfig 11ms (cache hit)
1020 silly packumentCache full:https://registry.npmjs.org/get-tsconfig set size:125877 disposed:false
1021 http fetch GET 200 https://registry.npmjs.org/@esbuild%2flinux-riscv64 1944ms (cache miss)
1022 silly packumentCache full:https://registry.npmjs.org/@esbuild%2flinux-riscv64 set size:undefined disposed:false
1023 http fetch GET 200 https://registry.npmjs.org/@esbuild%2flinux-arm64 5297ms (cache miss)
1024 silly packumentCache full:https://registry.npmjs.org/@esbuild%2flinux-arm64 set size:undefined disposed:false
1025 http fetch GET 200 https://registry.npmjs.org/@esbuild%2fwin32-ia32 7661ms (cache miss)
1026 silly packumentCache full:https://registry.npmjs.org/@esbuild%2fwin32-ia32 set size:undefined disposed:false
1027 http fetch GET 200 https://registry.npmjs.org/@esbuild%2fwin32-arm64 3450ms (cache miss)
1028 silly packumentCache full:https://registry.npmjs.org/@esbuild%2fwin32-arm64 set size:undefined disposed:false
1029 http fetch GET 200 https://registry.npmjs.org/@esbuild%2ffreebsd-arm64 3487ms (cache miss)
1030 silly packumentCache full:https://registry.npmjs.org/@esbuild%2ffreebsd-arm64 set size:undefined disposed:false
1031 http fetch GET 200 https://registry.npmjs.org/@esbuild%2flinux-loong64 3219ms (cache miss)
1032 silly packumentCache full:https://registry.npmjs.org/@esbuild%2flinux-loong64 set size:undefined disposed:false
1033 http fetch GET 200 https://registry.npmjs.org/@esbuild%2flinux-mips64el 3945ms (cache miss)
1034 silly packumentCache full:https://registry.npmjs.org/@esbuild%2flinux-mips64el set size:undefined disposed:false
1035 http fetch GET 200 https://registry.npmjs.org/@esbuild%2fandroid-arm64 4410ms (cache miss)
1036 silly packumentCache full:https://registry.npmjs.org/@esbuild%2fandroid-arm64 set size:undefined disposed:false
1037 http fetch GET 200 https://registry.npmjs.org/@esbuild%2flinux-x64 10874ms (cache miss)
1038 silly packumentCache full:https://registry.npmjs.org/@esbuild%2flinux-x64 set size:undefined disposed:false
1039 http fetch GET 200 https://registry.npmjs.org/@esbuild%2fsunos-x64 11565ms (cache miss)
1040 silly packumentCache full:https://registry.npmjs.org/@esbuild%2fsunos-x64 set size:undefined disposed:false
1041 silly placeDep ROOT @esbuild-kit/core-utils@3.3.2 OK for: @esbuild-kit/esm-loader@2.6.5 want: ^3.3.2
1042 silly placeDep ROOT get-tsconfig@4.14.0 OK for: @esbuild-kit/esm-loader@2.6.5 want: ^4.7.0
1043 silly fetch manifest esbuild@~0.18.20
1044 silly packumentCache full:https://registry.npmjs.org/esbuild cache-miss
1045 silly fetch manifest source-map-support@^0.5.21
1046 silly packumentCache full:https://registry.npmjs.org/source-map-support cache-miss
1047 silly fetch manifest resolve-pkg-maps@^1.0.0
1048 silly packumentCache full:https://registry.npmjs.org/resolve-pkg-maps cache-miss
1049 http cache https://registry.npmjs.org/esbuild 20ms (cache hit)
1050 silly packumentCache full:https://registry.npmjs.org/esbuild set size:1254708 disposed:false
1051 http fetch GET 200 https://registry.npmjs.org/resolve-pkg-maps 366ms (cache miss)
1052 silly packumentCache full:https://registry.npmjs.org/resolve-pkg-maps set size:undefined disposed:false
1053 http fetch GET 200 https://registry.npmjs.org/source-map-support 886ms (cache miss)
1054 silly packumentCache full:https://registry.npmjs.org/source-map-support set size:undefined disposed:false
1055 silly placeDep node_modules/@esbuild-kit/core-utils esbuild@0.18.20 OK for: @esbuild-kit/core-utils@3.3.2 want: ~0.18.20
1056 silly placeDep ROOT source-map-support@0.5.21 OK for: @esbuild-kit/core-utils@3.3.2 want: ^0.5.21
1057 silly fetch manifest @esbuild/linux-arm@0.18.20
1058 silly packumentCache full:https://registry.npmjs.org/@esbuild%2flinux-arm cache-miss
1059 silly fetch manifest @esbuild/linux-x64@0.18.20
1060 silly packumentCache full:https://registry.npmjs.org/@esbuild%2flinux-x64 cache-miss
1061 silly fetch manifest @esbuild/sunos-x64@0.18.20
1062 silly packumentCache full:https://registry.npmjs.org/@esbuild%2fsunos-x64 cache-miss
1063 silly fetch manifest @esbuild/win32-x64@0.18.20
1064 silly packumentCache full:https://registry.npmjs.org/@esbuild%2fwin32-x64 cache-miss
1065 silly fetch manifest @esbuild/darwin-x64@0.18.20
1066 silly packumentCache full:https://registry.npmjs.org/@esbuild%2fdarwin-x64 cache-miss
1067 silly fetch manifest @esbuild/linux-ia32@0.18.20
1068 silly packumentCache full:https://registry.npmjs.org/@esbuild%2flinux-ia32 cache-miss
1069 silly fetch manifest @esbuild/netbsd-x64@0.18.20
1070 silly packumentCache full:https://registry.npmjs.org/@esbuild%2fnetbsd-x64 cache-miss
1071 silly fetch manifest @esbuild/win32-ia32@0.18.20
1072 silly packumentCache full:https://registry.npmjs.org/@esbuild%2fwin32-ia32 cache-miss
1073 silly fetch manifest @esbuild/android-arm@0.18.20
1074 silly packumentCache full:https://registry.npmjs.org/@esbuild%2fandroid-arm cache-miss
1075 silly fetch manifest @esbuild/android-x64@0.18.20
1076 silly packumentCache full:https://registry.npmjs.org/@esbuild%2fandroid-x64 cache-miss
1077 silly fetch manifest @esbuild/freebsd-x64@0.18.20
1078 silly packumentCache full:https://registry.npmjs.org/@esbuild%2ffreebsd-x64 cache-miss
1079 http cache https://registry.npmjs.org/@esbuild%2flinux-x64 59ms (cache hit)
1080 silly packumentCache full:https://registry.npmjs.org/@esbuild%2flinux-x64 set size:195479 disposed:false
1081 silly fetch manifest @esbuild/linux-arm64@0.18.20
1082 silly packumentCache full:https://registry.npmjs.org/@esbuild%2flinux-arm64 cache-miss
1083 http cache https://registry.npmjs.org/@esbuild%2flinux-arm 62ms (cache hit)
1084 silly packumentCache full:https://registry.npmjs.org/@esbuild%2flinux-arm set size:195140 disposed:false
1085 silly fetch manifest @esbuild/linux-ppc64@0.18.20
1086 silly packumentCache full:https://registry.npmjs.org/@esbuild%2flinux-ppc64 cache-miss
1087 http cache https://registry.npmjs.org/@esbuild%2flinux-ia32 63ms (cache hit)
1088 silly packumentCache full:https://registry.npmjs.org/@esbuild%2flinux-ia32 set size:196150 disposed:false
1089 silly fetch manifest @esbuild/linux-s390x@0.18.20
1090 silly packumentCache full:https://registry.npmjs.org/@esbuild%2flinux-s390x cache-miss
1091 http cache https://registry.npmjs.org/@esbuild%2fsunos-x64 67ms (cache hit)
1092 silly packumentCache full:https://registry.npmjs.org/@esbuild%2fsunos-x64 set size:195721 disposed:false
1093 silly fetch manifest @esbuild/openbsd-x64@0.18.20
1094 silly packumentCache full:https://registry.npmjs.org/@esbuild%2fopenbsd-x64 cache-miss
1095 http cache https://registry.npmjs.org/@esbuild%2fdarwin-x64 69ms (cache hit)
1096 silly packumentCache full:https://registry.npmjs.org/@esbuild%2fdarwin-x64 set size:196195 disposed:false
1097 silly fetch manifest @esbuild/win32-arm64@0.18.20
1098 silly packumentCache full:https://registry.npmjs.org/@esbuild%2fwin32-arm64 cache-miss
1099 http cache https://registry.npmjs.org/@esbuild%2fwin32-x64 70ms (cache hit)
1100 silly packumentCache full:https://registry.npmjs.org/@esbuild%2fwin32-x64 set size:194073 disposed:false
1101 silly fetch manifest @esbuild/darwin-arm64@0.18.20
1102 silly packumentCache full:https://registry.npmjs.org/@esbuild%2fdarwin-arm64 cache-miss
1103 http cache https://registry.npmjs.org/@esbuild%2fnetbsd-x64 71ms (cache hit)
1104 silly packumentCache full:https://registry.npmjs.org/@esbuild%2fnetbsd-x64 set size:193883 disposed:false
1105 silly fetch manifest @esbuild/android-arm64@0.18.20
1106 silly packumentCache full:https://registry.npmjs.org/@esbuild%2fandroid-arm64 cache-miss
1107 http cache https://registry.npmjs.org/@esbuild%2fwin32-ia32 72ms (cache hit)
1108 silly packumentCache full:https://registry.npmjs.org/@esbuild%2fwin32-ia32 set size:196374 disposed:false
1109 silly fetch manifest @esbuild/freebsd-arm64@0.18.20
1110 silly packumentCache full:https://registry.npmjs.org/@esbuild%2ffreebsd-arm64 cache-miss
1111 http cache https://registry.npmjs.org/@esbuild%2ffreebsd-x64 71ms (cache hit)
1112 silly packumentCache full:https://registry.npmjs.org/@esbuild%2ffreebsd-x64 set size:197070 disposed:false
1113 silly fetch manifest @esbuild/linux-loong64@0.18.20
1114 silly packumentCache full:https://registry.npmjs.org/@esbuild%2flinux-loong64 cache-miss
1115 http cache https://registry.npmjs.org/@esbuild%2fandroid-x64 74ms (cache hit)
1116 silly packumentCache full:https://registry.npmjs.org/@esbuild%2fandroid-x64 set size:195551 disposed:false
1117 silly fetch manifest @esbuild/linux-riscv64@0.18.20
1118 silly packumentCache full:https://registry.npmjs.org/@esbuild%2flinux-riscv64 cache-miss
1119 http cache https://registry.npmjs.org/@esbuild%2fandroid-arm 76ms (cache hit)
1120 silly packumentCache full:https://registry.npmjs.org/@esbuild%2fandroid-arm set size:221749 disposed:false
1121 silly fetch manifest @esbuild/linux-mips64el@0.18.20
1122 silly packumentCache full:https://registry.npmjs.org/@esbuild%2flinux-mips64el cache-miss
1123 http cache https://registry.npmjs.org/@esbuild%2flinux-arm64 53ms (cache hit)
1124 silly packumentCache full:https://registry.npmjs.org/@esbuild%2flinux-arm64 set size:197274 disposed:false
1125 silly fetch manifest buffer-from@^1.0.0
1126 silly packumentCache full:https://registry.npmjs.org/buffer-from cache-miss
1127 http cache https://registry.npmjs.org/@esbuild%2fopenbsd-x64 48ms (cache hit)
1128 silly packumentCache full:https://registry.npmjs.org/@esbuild%2fopenbsd-x64 set size:197080 disposed:false
1129 silly fetch manifest source-map@^0.6.0
1130 silly packumentCache full:https://registry.npmjs.org/source-map cache-miss
1131 http cache https://registry.npmjs.org/@esbuild%2flinux-ppc64 55ms (cache hit)
1132 silly packumentCache full:https://registry.npmjs.org/@esbuild%2flinux-ppc64 set size:199310 disposed:false
1133 http cache https://registry.npmjs.org/@esbuild%2flinux-s390x 55ms (cache hit)
1134 silly packumentCache full:https://registry.npmjs.org/@esbuild%2flinux-s390x set size:198784 disposed:false
1135 http cache https://registry.npmjs.org/@esbuild%2fwin32-arm64 53ms (cache hit)
1136 silly packumentCache full:https://registry.npmjs.org/@esbuild%2fwin32-arm64 set size:197504 disposed:false
1137 http cache https://registry.npmjs.org/@esbuild%2fandroid-arm64 52ms (cache hit)
1138 silly packumentCache full:https://registry.npmjs.org/@esbuild%2fandroid-arm64 set size:200684 disposed:false
1139 http cache https://registry.npmjs.org/@esbuild%2fdarwin-arm64 55ms (cache hit)
1140 silly packumentCache full:https://registry.npmjs.org/@esbuild%2fdarwin-arm64 set size:197958 disposed:false
1141 http cache https://registry.npmjs.org/@esbuild%2ffreebsd-arm64 53ms (cache hit)
1142 silly packumentCache full:https://registry.npmjs.org/@esbuild%2ffreebsd-arm64 set size:198853 disposed:false
1143 http cache https://registry.npmjs.org/@esbuild%2flinux-loong64 53ms (cache hit)
1144 silly packumentCache full:https://registry.npmjs.org/@esbuild%2flinux-loong64 set size:252211 disposed:false
1145 http cache https://registry.npmjs.org/@esbuild%2flinux-riscv64 53ms (cache hit)
1146 silly packumentCache full:https://registry.npmjs.org/@esbuild%2flinux-riscv64 set size:198981 disposed:false
1147 http cache https://registry.npmjs.org/@esbuild%2flinux-mips64el 50ms (cache hit)
1148 silly packumentCache full:https://registry.npmjs.org/@esbuild%2flinux-mips64el set size:201062 disposed:false
1149 http fetch GET 200 https://registry.npmjs.org/buffer-from 1723ms (cache miss)
1150 silly packumentCache full:https://registry.npmjs.org/buffer-from set size:undefined disposed:false
1151 http fetch GET 200 https://registry.npmjs.org/source-map 2051ms (cache miss)
1152 silly packumentCache full:https://registry.npmjs.org/source-map set size:undefined disposed:false
1153 silly placeDep ROOT graceful-fs@4.2.11 OK for: enhanced-resolve@5.21.0 want: ^4.2.4
1154 silly placeDep ROOT tapable@2.3.3 OK for: enhanced-resolve@5.21.0 want: ^2.3.3
1155 silly placeDep ROOT @esbuild/aix-ppc64@0.25.12 OK for: esbuild@0.25.12 want: 0.25.12
1156 silly placeDep ROOT @esbuild/android-arm@0.25.12 OK for: esbuild@0.25.12 want: 0.25.12
1157 silly placeDep ROOT @esbuild/android-arm64@0.25.12 OK for: esbuild@0.25.12 want: 0.25.12
1158 silly placeDep ROOT @esbuild/android-x64@0.25.12 OK for: esbuild@0.25.12 want: 0.25.12
1159 silly placeDep ROOT @esbuild/darwin-arm64@0.25.12 OK for: esbuild@0.25.12 want: 0.25.12
1160 silly placeDep ROOT @esbuild/darwin-x64@0.25.12 OK for: esbuild@0.25.12 want: 0.25.12
1161 silly placeDep ROOT @esbuild/freebsd-arm64@0.25.12 OK for: esbuild@0.25.12 want: 0.25.12
1162 silly placeDep ROOT @esbuild/freebsd-x64@0.25.12 OK for: esbuild@0.25.12 want: 0.25.12
1163 silly placeDep ROOT @esbuild/linux-arm@0.25.12 OK for: esbuild@0.25.12 want: 0.25.12
1164 silly placeDep ROOT @esbuild/linux-arm64@0.25.12 OK for: esbuild@0.25.12 want: 0.25.12
1165 silly placeDep ROOT @esbuild/linux-ia32@0.25.12 OK for: esbuild@0.25.12 want: 0.25.12
1166 silly placeDep ROOT @esbuild/linux-loong64@0.25.12 OK for: esbuild@0.25.12 want: 0.25.12
1167 silly placeDep ROOT @esbuild/linux-mips64el@0.25.12 OK for: esbuild@0.25.12 want: 0.25.12
1168 silly placeDep ROOT @esbuild/linux-ppc64@0.25.12 OK for: esbuild@0.25.12 want: 0.25.12
1169 silly placeDep ROOT @esbuild/linux-riscv64@0.25.12 OK for: esbuild@0.25.12 want: 0.25.12
1170 silly placeDep ROOT @esbuild/linux-s390x@0.25.12 OK for: esbuild@0.25.12 want: 0.25.12
1171 silly placeDep ROOT @esbuild/linux-x64@0.25.12 OK for: esbuild@0.25.12 want: 0.25.12
1172 silly placeDep ROOT @esbuild/netbsd-arm64@0.25.12 OK for: esbuild@0.25.12 want: 0.25.12
1173 silly placeDep ROOT @esbuild/netbsd-x64@0.25.12 OK for: esbuild@0.25.12 want: 0.25.12
1174 silly placeDep ROOT @esbuild/openbsd-arm64@0.25.12 OK for: esbuild@0.25.12 want: 0.25.12
1175 silly placeDep ROOT @esbuild/openbsd-x64@0.25.12 OK for: esbuild@0.25.12 want: 0.25.12
1176 silly placeDep ROOT @esbuild/openharmony-arm64@0.25.12 OK for: esbuild@0.25.12 want: 0.25.12
1177 silly placeDep ROOT @esbuild/sunos-x64@0.25.12 OK for: esbuild@0.25.12 want: 0.25.12
1178 silly placeDep ROOT @esbuild/win32-arm64@0.25.12 OK for: esbuild@0.25.12 want: 0.25.12
1179 silly placeDep ROOT @esbuild/win32-ia32@0.25.12 OK for: esbuild@0.25.12 want: 0.25.12
1180 silly placeDep ROOT @esbuild/win32-x64@0.25.12 OK for: esbuild@0.25.12 want: 0.25.12
1181 silly fetch manifest @esbuild/aix-ppc64@0.25.8
1182 silly packumentCache full:https://registry.npmjs.org/@esbuild%2faix-ppc64 cache-miss
1183 http cache https://registry.npmjs.org/@esbuild%2faix-ppc64 13ms (cache hit)
1184 silly packumentCache full:https://registry.npmjs.org/@esbuild%2faix-ppc64 set size:64314 disposed:false
1185 silly fetch manifest @esbuild/android-arm@0.25.8
1186 silly packumentCache full:https://registry.npmjs.org/@esbuild%2fandroid-arm cache-hit
1187 silly fetch manifest @esbuild/android-arm64@0.25.8
1188 silly packumentCache full:https://registry.npmjs.org/@esbuild%2fandroid-arm64 cache-hit
1189 silly fetch manifest @esbuild/android-x64@0.25.8
1190 silly packumentCache full:https://registry.npmjs.org/@esbuild%2fandroid-x64 cache-hit
1191 silly fetch manifest @esbuild/darwin-arm64@0.25.8
1192 silly packumentCache full:https://registry.npmjs.org/@esbuild%2fdarwin-arm64 cache-hit
1193 silly fetch manifest @esbuild/darwin-x64@0.25.8
1194 silly packumentCache full:https://registry.npmjs.org/@esbuild%2fdarwin-x64 cache-hit
1195 silly fetch manifest @esbuild/freebsd-arm64@0.25.8
1196 silly packumentCache full:https://registry.npmjs.org/@esbuild%2ffreebsd-arm64 cache-hit
1197 silly fetch manifest @esbuild/freebsd-x64@0.25.8
1198 silly packumentCache full:https://registry.npmjs.org/@esbuild%2ffreebsd-x64 cache-hit
1199 silly fetch manifest @esbuild/linux-arm@0.25.8
1200 silly packumentCache full:https://registry.npmjs.org/@esbuild%2flinux-arm cache-hit
1201 silly fetch manifest @esbuild/linux-arm64@0.25.8
1202 silly packumentCache full:https://registry.npmjs.org/@esbuild%2flinux-arm64 cache-hit
1203 silly fetch manifest @esbuild/linux-ia32@0.25.8
1204 silly packumentCache full:https://registry.npmjs.org/@esbuild%2flinux-ia32 cache-hit
1205 silly fetch manifest @esbuild/linux-loong64@0.25.8
1206 silly packumentCache full:https://registry.npmjs.org/@esbuild%2flinux-loong64 cache-hit
1207 silly fetch manifest @esbuild/linux-mips64el@0.25.8
1208 silly packumentCache full:https://registry.npmjs.org/@esbuild%2flinux-mips64el cache-hit
1209 silly fetch manifest @esbuild/linux-ppc64@0.25.8
1210 silly packumentCache full:https://registry.npmjs.org/@esbuild%2flinux-ppc64 cache-hit
1211 silly fetch manifest @esbuild/linux-riscv64@0.25.8
1212 silly packumentCache full:https://registry.npmjs.org/@esbuild%2flinux-riscv64 cache-hit
1213 silly fetch manifest @esbuild/linux-s390x@0.25.8
1214 silly packumentCache full:https://registry.npmjs.org/@esbuild%2flinux-s390x cache-hit
1215 silly fetch manifest @esbuild/linux-x64@0.25.8
1216 silly packumentCache full:https://registry.npmjs.org/@esbuild%2flinux-x64 cache-hit
1217 silly fetch manifest @esbuild/netbsd-arm64@0.25.8
1218 silly packumentCache full:https://registry.npmjs.org/@esbuild%2fnetbsd-arm64 cache-miss
1219 http cache https://registry.npmjs.org/@esbuild%2fnetbsd-arm64 12ms (cache hit)
1220 silly packumentCache full:https://registry.npmjs.org/@esbuild%2fnetbsd-arm64 set size:40794 disposed:false
1221 silly fetch manifest @esbuild/netbsd-x64@0.25.8
1222 silly packumentCache full:https://registry.npmjs.org/@esbuild%2fnetbsd-x64 cache-hit
1223 silly fetch manifest @esbuild/openbsd-arm64@0.25.8
1224 silly packumentCache full:https://registry.npmjs.org/@esbuild%2fopenbsd-arm64 cache-miss
1225 http cache https://registry.npmjs.org/@esbuild%2fopenbsd-arm64 13ms (cache hit)
1226 silly packumentCache full:https://registry.npmjs.org/@esbuild%2fopenbsd-arm64 set size:46111 disposed:false
1227 silly fetch manifest @esbuild/openbsd-x64@0.25.8
1228 silly packumentCache full:https://registry.npmjs.org/@esbuild%2fopenbsd-x64 cache-hit
1229 silly fetch manifest @esbuild/openharmony-arm64@0.25.8
1230 silly packumentCache full:https://registry.npmjs.org/@esbuild%2fopenharmony-arm64 cache-miss
1231 http cache https://registry.npmjs.org/@esbuild%2fopenharmony-arm64 10ms (cache hit)
1232 silly packumentCache full:https://registry.npmjs.org/@esbuild%2fopenharmony-arm64 set size:29494 disposed:false
1233 silly fetch manifest @esbuild/sunos-x64@0.25.8
1234 silly packumentCache full:https://registry.npmjs.org/@esbuild%2fsunos-x64 cache-hit
1235 silly fetch manifest @esbuild/win32-arm64@0.25.8
1236 silly packumentCache full:https://registry.npmjs.org/@esbuild%2fwin32-arm64 cache-hit
1237 silly fetch manifest @esbuild/win32-ia32@0.25.8
1238 silly packumentCache full:https://registry.npmjs.org/@esbuild%2fwin32-ia32 cache-hit
1239 silly placeDep backend @esbuild/aix-ppc64@0.25.8 OK for: esbuild@0.25.8 want: 0.25.8
1240 silly placeDep backend @esbuild/android-arm@0.25.8 OK for: esbuild@0.25.8 want: 0.25.8
1241 silly placeDep backend @esbuild/android-arm64@0.25.8 OK for: esbuild@0.25.8 want: 0.25.8
1242 silly placeDep backend @esbuild/android-x64@0.25.8 OK for: esbuild@0.25.8 want: 0.25.8
1243 silly placeDep backend @esbuild/darwin-arm64@0.25.8 OK for: esbuild@0.25.8 want: 0.25.8
1244 silly placeDep backend @esbuild/darwin-x64@0.25.8 OK for: esbuild@0.25.8 want: 0.25.8
1245 silly placeDep backend @esbuild/freebsd-arm64@0.25.8 OK for: esbuild@0.25.8 want: 0.25.8
1246 silly placeDep backend @esbuild/freebsd-x64@0.25.8 OK for: esbuild@0.25.8 want: 0.25.8
1247 silly placeDep backend @esbuild/linux-arm@0.25.8 OK for: esbuild@0.25.8 want: 0.25.8
1248 silly placeDep backend @esbuild/linux-arm64@0.25.8 OK for: esbuild@0.25.8 want: 0.25.8
1249 silly placeDep backend @esbuild/linux-ia32@0.25.8 OK for: esbuild@0.25.8 want: 0.25.8
1250 silly placeDep backend @esbuild/linux-loong64@0.25.8 OK for: esbuild@0.25.8 want: 0.25.8
1251 silly placeDep backend @esbuild/linux-mips64el@0.25.8 OK for: esbuild@0.25.8 want: 0.25.8
1252 silly placeDep backend @esbuild/linux-ppc64@0.25.8 OK for: esbuild@0.25.8 want: 0.25.8
1253 silly placeDep backend @esbuild/linux-riscv64@0.25.8 OK for: esbuild@0.25.8 want: 0.25.8
1254 silly placeDep backend @esbuild/linux-s390x@0.25.8 OK for: esbuild@0.25.8 want: 0.25.8
1255 silly placeDep backend @esbuild/linux-x64@0.25.8 OK for: esbuild@0.25.8 want: 0.25.8
1256 silly placeDep backend @esbuild/netbsd-arm64@0.25.8 OK for: esbuild@0.25.8 want: 0.25.8
1257 silly placeDep backend @esbuild/netbsd-x64@0.25.8 OK for: esbuild@0.25.8 want: 0.25.8
1258 silly placeDep backend @esbuild/openbsd-arm64@0.25.8 OK for: esbuild@0.25.8 want: 0.25.8
1259 silly placeDep backend @esbuild/openbsd-x64@0.25.8 OK for: esbuild@0.25.8 want: 0.25.8
1260 silly placeDep backend @esbuild/openharmony-arm64@0.25.8 OK for: esbuild@0.25.8 want: 0.25.8
1261 silly placeDep backend @esbuild/sunos-x64@0.25.8 OK for: esbuild@0.25.8 want: 0.25.8
1262 silly placeDep backend @esbuild/win32-arm64@0.25.8 OK for: esbuild@0.25.8 want: 0.25.8
1263 silly placeDep backend @esbuild/win32-ia32@0.25.8 OK for: esbuild@0.25.8 want: 0.25.8
1264 silly placeDep ROOT motion-dom@12.38.0 OK for: framer-motion@12.38.0 want: ^12.38.0
1265 silly placeDep ROOT motion-utils@12.36.0 OK for: framer-motion@12.38.0 want: ^12.36.0
1266 silly placeDep ROOT tslib@2.8.1 OK for: framer-motion@12.38.0 want: ^2.4.0
1267 silly placeDep ROOT resolve-pkg-maps@1.0.0 OK for: get-tsconfig@4.14.0 want: ^1.0.0
1268 silly placeDep ROOT detect-libc@2.1.2 OK for: lightningcss@1.32.0 want: ^2.0.3
1269 silly placeDep ROOT lightningcss-android-arm64@1.32.0 OK for: lightningcss@1.32.0 want: 1.32.0
1270 silly placeDep ROOT lightningcss-darwin-arm64@1.32.0 OK for: lightningcss@1.32.0 want: 1.32.0
1271 silly placeDep ROOT lightningcss-darwin-x64@1.32.0 OK for: lightningcss@1.32.0 want: 1.32.0
1272 silly placeDep ROOT lightningcss-freebsd-x64@1.32.0 OK for: lightningcss@1.32.0 want: 1.32.0
1273 silly placeDep ROOT lightningcss-linux-arm-gnueabihf@1.32.0 OK for: lightningcss@1.32.0 want: 1.32.0
1274 silly placeDep ROOT lightningcss-linux-arm64-gnu@1.32.0 OK for: lightningcss@1.32.0 want: 1.32.0
1275 silly placeDep ROOT lightningcss-linux-arm64-musl@1.32.0 OK for: lightningcss@1.32.0 want: 1.32.0
1276 silly placeDep ROOT lightningcss-linux-x64-gnu@1.32.0 OK for: lightningcss@1.32.0 want: 1.32.0
1277 silly placeDep ROOT lightningcss-linux-x64-musl@1.32.0 OK for: lightningcss@1.32.0 want: 1.32.0
1278 silly placeDep ROOT lightningcss-win32-arm64-msvc@1.32.0 OK for: lightningcss@1.32.0 want: 1.32.0
1279 silly placeDep ROOT lightningcss-win32-x64-msvc@1.32.0 OK for: lightningcss@1.32.0 want: 1.32.0
1280 silly fetch manifest @faker-js/faker@>=10
1281 silly packumentCache full:https://registry.npmjs.org/@faker-js%2ffaker cache-miss
1282 http fetch GET 200 https://registry.npmjs.org/@faker-js%2ffaker 2582ms (cache miss)
1283 silly packumentCache full:https://registry.npmjs.org/@faker-js%2ffaker set size:undefined disposed:false
1284 silly fetch manifest typescript@^5.0.0
1285 silly packumentCache full:https://registry.npmjs.org/typescript cache-miss
1286 http fetch GET 200 https://registry.npmjs.org/typescript 533ms (cache revalidated)
1287 silly packumentCache full:https://registry.npmjs.org/typescript set size:15409943 disposed:false
1288 silly fetch manifest typescript@5.0.x || 5.1.x || 5.2.x || 5.3.x || 5.4.x || 5.5.x || 5.6.x || 5.7.x || 5.8.x || 5.9.x || 6.0.x
1289 silly packumentCache full:https://registry.npmjs.org/typescript cache-miss
1290 http cache https://registry.npmjs.org/typescript 42ms (cache hit)
1291 silly packumentCache full:https://registry.npmjs.org/typescript set size:15409943 disposed:false
1292 silly placeDep ROOT @commander-js/extra-typings@14.0.0 OK for: orval@8.8.1 want: ^14.0.0
1293 silly placeDep ROOT commander@14.0.3 OK for: @commander-js/extra-typings@14.0.0 want: ~14.0.0
1294 silly placeDep ROOT @orval/angular@8.8.1 OK for: orval@8.8.1 want: 8.8.1
1295 silly placeDep ROOT @orval/axios@8.8.1 OK for: orval@8.8.1 want: 8.8.1
1296 silly placeDep ROOT @orval/core@8.8.1 OK for: orval@8.8.1 want: 8.8.1
1297 silly placeDep ROOT @orval/fetch@8.8.1 OK for: orval@8.8.1 want: 8.8.1
1298 silly placeDep ROOT @orval/hono@8.8.1 OK for: orval@8.8.1 want: 8.8.1
1299 silly placeDep ROOT @orval/mcp@8.8.1 OK for: orval@8.8.1 want: 8.8.1
1300 silly placeDep ROOT @orval/mock@8.8.1 OK for: orval@8.8.1 want: 8.8.1
1301 silly placeDep ROOT @orval/query@8.8.1 OK for: orval@8.8.1 want: 8.8.1
1302 silly placeDep ROOT @orval/solid-start@8.8.1 OK for: orval@8.8.1 want: 8.8.1
1303 silly placeDep ROOT @orval/swr@8.8.1 OK for: orval@8.8.1 want: 8.8.1
1304 silly placeDep ROOT @orval/zod@8.8.1 OK for: orval@8.8.1 want: 8.8.1
1305 silly placeDep ROOT @scalar/json-magic@0.12.8 OK for: orval@8.8.1 want: ^0.12.4
1306 silly placeDep ROOT @scalar/openapi-parser@0.25.12 OK for: orval@8.8.1 want: ^0.25.6
1307 silly placeDep ROOT @scalar/openapi-types@0.6.1 OK for: orval@8.8.1 want: 0.6.1
1308 silly placeDep ROOT chokidar@5.0.0 OK for: orval@8.8.1 want: ^5.0.0
1309 silly placeDep ROOT enquirer@2.4.1 OK for: orval@8.8.1 want: ^2.4.1
1310 silly placeDep ROOT execa@9.6.1 OK for: orval@8.8.1 want: ^9.6.1
1311 silly placeDep ROOT find-up@8.0.0 OK for: orval@8.8.1 want: 8.0.0
1312 silly placeDep ROOT fs-extra@11.3.4 OK for: orval@8.8.1 want: ^11.3.2
1313 silly placeDep ROOT js-yaml@4.1.1 OK for: orval@8.8.1 want: 4.1.1
1314 silly placeDep ROOT remeda@2.33.7 OK for: orval@8.8.1 want: ^2.33.6
1315 silly placeDep ROOT string-argv@0.3.2 OK for: orval@8.8.1 want: ^0.3.2
1316 silly placeDep ROOT tsconfck@3.1.6 OK for: orval@8.8.1 want: ^3.1.6
1317 silly placeDep ROOT typedoc@0.28.19 OK for: orval@8.8.1 want: ^0.28.17
1318 silly placeDep ROOT typedoc-plugin-coverage@4.0.3 OK for: orval@8.8.1 want: ^4.0.2
1319 silly placeDep ROOT typedoc-plugin-markdown@4.11.0 OK for: orval@8.8.1 want: ^4.10.0
1320 silly fetch manifest acorn@^8.15.0
1321 silly packumentCache full:https://registry.npmjs.org/acorn cache-miss
1322 silly fetch manifest compare-versions@^6.1.1
1323 silly packumentCache full:https://registry.npmjs.org/compare-versions cache-miss
1324 silly fetch manifest esbuild@^0.27.4
1325 silly packumentCache full:https://registry.npmjs.org/esbuild cache-miss
1326 silly fetch manifest esutils@2.0.3
1327 silly packumentCache full:https://registry.npmjs.org/esutils cache-miss
1328 silly fetch manifest globby@16.1.0
1329 silly packumentCache full:https://registry.npmjs.org/globby cache-miss
1330 silly fetch manifest pathe@^2.0.3
1331 silly packumentCache full:https://registry.npmjs.org/pathe cache-miss
1332 silly fetch manifest yaml@^2.8.0
1333 silly packumentCache full:https://registry.npmjs.org/yaml cache-miss
1334 silly fetch manifest @scalar/helpers@0.5.2
1335 silly packumentCache full:https://registry.npmjs.org/@scalar%2fhelpers cache-miss
1336 silly fetch manifest ajv@^8.17.1
1337 silly packumentCache full:https://registry.npmjs.org/ajv cache-miss
1338 silly fetch manifest ajv-draft-04@^1.0.0
1339 silly packumentCache full:https://registry.npmjs.org/ajv-draft-04 cache-miss
1340 silly fetch manifest ajv-formats@^3.0.1
1341 silly packumentCache full:https://registry.npmjs.org/ajv-formats cache-miss
1342 http cache https://registry.npmjs.org/esbuild 23ms (cache hit)
1343 silly packumentCache full:https://registry.npmjs.org/esbuild set size:1254708 disposed:false
1344 silly fetch manifest jsonpointer@^5.0.1
1345 silly packumentCache full:https://registry.npmjs.org/jsonpointer cache-miss
1346 http fetch GET 200 https://registry.npmjs.org/yaml 491ms (cache revalidated)
1347 silly packumentCache full:https://registry.npmjs.org/yaml set size:375230 disposed:false
1348 silly fetch manifest leven@^4.0.0
1349 silly packumentCache full:https://registry.npmjs.org/leven cache-miss
1350 http fetch GET 200 https://registry.npmjs.org/leven 1911ms (cache miss)
1351 silly packumentCache full:https://registry.npmjs.org/leven set size:undefined disposed:false
1352 silly fetch manifest @scalar/helpers@0.5.2
1353 silly packumentCache full:https://registry.npmjs.org/@scalar%2fhelpers cache-miss
1354 http fetch GET 200 https://registry.npmjs.org/compare-versions 2553ms (cache miss)
1355 silly packumentCache full:https://registry.npmjs.org/compare-versions set size:undefined disposed:false
1356 silly fetch manifest @scalar/openapi-types@0.8.0
1357 silly packumentCache full:https://registry.npmjs.org/@scalar%2fopenapi-types cache-miss
1358 http fetch GET 200 https://registry.npmjs.org/esutils 2747ms (cache miss)
1359 silly packumentCache full:https://registry.npmjs.org/esutils set size:undefined disposed:false
1360 silly fetch manifest @scalar/openapi-upgrader@0.2.6
1361 silly packumentCache full:https://registry.npmjs.org/@scalar%2fopenapi-upgrader cache-miss
1362 http fetch GET 200 https://registry.npmjs.org/ajv-draft-04 2818ms (cache miss)
1363 silly packumentCache full:https://registry.npmjs.org/ajv-draft-04 set size:undefined disposed:false
1364 silly fetch manifest readdirp@^5.0.0
1365 silly packumentCache full:https://registry.npmjs.org/readdirp cache-miss
1366 http fetch GET 200 https://registry.npmjs.org/jsonpointer 2797ms (cache miss)
1367 silly packumentCache full:https://registry.npmjs.org/jsonpointer set size:undefined disposed:false
1368 silly fetch manifest ansi-colors@^4.1.1
1369 silly packumentCache full:https://registry.npmjs.org/ansi-colors cache-miss
1370 http fetch GET 200 https://registry.npmjs.org/@scalar%2fopenapi-types 1619ms (cache revalidated)
1371 silly packumentCache full:https://registry.npmjs.org/@scalar%2fopenapi-types set size:102830 disposed:false
1372 silly fetch manifest strip-ansi@^6.0.1
1373 silly packumentCache full:https://registry.npmjs.org/strip-ansi cache-miss
1374 http fetch GET 200 https://registry.npmjs.org/@scalar%2fopenapi-upgrader 2179ms (cache miss)
1375 silly packumentCache full:https://registry.npmjs.org/@scalar%2fopenapi-upgrader set size:undefined disposed:false
1376 silly fetch manifest @sindresorhus/merge-streams@^4.0.0
1377 silly packumentCache full:https://registry.npmjs.org/@sindresorhus%2fmerge-streams cache-miss
1378 http fetch GET 200 https://registry.npmjs.org/pathe 5765ms (cache miss)
1379 silly packumentCache full:https://registry.npmjs.org/pathe set size:undefined disposed:false
1380 silly fetch manifest cross-spawn@^7.0.6
1381 silly packumentCache full:https://registry.npmjs.org/cross-spawn cache-miss
1382 http fetch GET 200 https://registry.npmjs.org/strip-ansi 1803ms (cache miss)
1383 silly packumentCache full:https://registry.npmjs.org/strip-ansi set size:undefined disposed:false
1384 silly fetch manifest figures@^6.1.0
1385 silly packumentCache full:https://registry.npmjs.org/figures cache-miss
1386 http fetch GET 200 https://registry.npmjs.org/ajv-formats 6039ms (cache miss)
1387 silly packumentCache full:https://registry.npmjs.org/ajv-formats set size:undefined disposed:false
1388 silly fetch manifest get-stream@^9.0.0
1389 silly packumentCache full:https://registry.npmjs.org/get-stream cache-miss
1390 http fetch GET 200 https://registry.npmjs.org/acorn 6334ms (cache miss)
1391 silly packumentCache full:https://registry.npmjs.org/acorn set size:undefined disposed:false
1392 silly fetch manifest human-signals@^8.0.1
1393 silly packumentCache full:https://registry.npmjs.org/human-signals cache-miss
1394 http fetch GET 200 https://registry.npmjs.org/figures 749ms (cache miss)
1395 silly packumentCache full:https://registry.npmjs.org/figures set size:undefined disposed:false
1396 silly fetch manifest is-plain-obj@^4.1.0
1397 silly packumentCache full:https://registry.npmjs.org/is-plain-obj cache-miss
1398 http fetch GET 200 https://registry.npmjs.org/globby 7010ms (cache miss)
1399 silly packumentCache full:https://registry.npmjs.org/globby set size:undefined disposed:false
1400 silly fetch manifest is-stream@^4.0.1
1401 silly packumentCache full:https://registry.npmjs.org/is-stream cache-miss
1402 http fetch GET 200 https://registry.npmjs.org/is-plain-obj 544ms (cache miss)
1403 silly packumentCache full:https://registry.npmjs.org/is-plain-obj set size:undefined disposed:false
1404 silly fetch manifest npm-run-path@^6.0.0
1405 silly packumentCache full:https://registry.npmjs.org/npm-run-path cache-miss
1406 http fetch GET 200 https://registry.npmjs.org/get-stream 1235ms (cache miss)
1407 silly packumentCache full:https://registry.npmjs.org/get-stream set size:undefined disposed:false
1408 silly fetch manifest pretty-ms@^9.2.0
1409 silly packumentCache full:https://registry.npmjs.org/pretty-ms cache-miss
1410 http fetch GET 200 https://registry.npmjs.org/@scalar%2fhelpers 7682ms (cache miss)
1411 silly packumentCache full:https://registry.npmjs.org/@scalar%2fhelpers set size:undefined disposed:false
1412 silly fetch manifest signal-exit@^4.1.0
1413 silly packumentCache full:https://registry.npmjs.org/signal-exit cache-miss
1414 http fetch GET 200 https://registry.npmjs.org/is-stream 1178ms (cache miss)
1415 silly packumentCache full:https://registry.npmjs.org/is-stream set size:undefined disposed:false
1416 silly fetch manifest strip-final-newline@^4.0.0
1417 silly packumentCache full:https://registry.npmjs.org/strip-final-newline cache-miss
1418 http fetch GET 200 https://registry.npmjs.org/pretty-ms 1535ms (cache miss)
1419 silly packumentCache full:https://registry.npmjs.org/pretty-ms set size:undefined disposed:false
1420 silly fetch manifest yoctocolors@^2.1.1
1421 silly packumentCache full:https://registry.npmjs.org/yoctocolors cache-miss
1422 http fetch GET 200 https://registry.npmjs.org/human-signals 2939ms (cache miss)
1423 silly packumentCache full:https://registry.npmjs.org/human-signals set size:undefined disposed:false
1424 silly fetch manifest locate-path@^8.0.0
1425 silly packumentCache full:https://registry.npmjs.org/locate-path cache-miss
1426 http fetch GET 200 https://registry.npmjs.org/npm-run-path 2251ms (cache miss)
1427 silly packumentCache full:https://registry.npmjs.org/npm-run-path set size:undefined disposed:false
1428 silly fetch manifest unicorn-magic@^0.3.0
1429 silly packumentCache full:https://registry.npmjs.org/unicorn-magic cache-miss
1430 http fetch GET 200 https://registry.npmjs.org/ansi-colors 6781ms (cache miss)
1431 silly packumentCache full:https://registry.npmjs.org/ansi-colors set size:undefined disposed:false
1432 silly fetch manifest jsonfile@^6.0.1
1433 silly packumentCache full:https://registry.npmjs.org/jsonfile cache-miss
1434 http fetch GET 200 https://registry.npmjs.org/yoctocolors 826ms (cache miss)
1435 silly packumentCache full:https://registry.npmjs.org/yoctocolors set size:undefined disposed:false
1436 silly fetch manifest universalify@^2.0.0
1437 silly packumentCache full:https://registry.npmjs.org/universalify cache-miss
1438 http fetch GET 200 https://registry.npmjs.org/unicorn-magic 325ms (cache miss)
1439 silly packumentCache full:https://registry.npmjs.org/unicorn-magic set size:undefined disposed:false
1440 silly fetch manifest argparse@^2.0.1
1441 silly packumentCache full:https://registry.npmjs.org/argparse cache-miss
1442 http fetch GET 200 https://registry.npmjs.org/cross-spawn 4258ms (cache miss)
1443 silly packumentCache full:https://registry.npmjs.org/cross-spawn set size:undefined disposed:false
1444 silly fetch manifest @gerrit0/mini-shiki@^3.23.0
1445 silly packumentCache full:https://registry.npmjs.org/@gerrit0%2fmini-shiki cache-miss
1446 http fetch GET 200 https://registry.npmjs.org/readdirp 7221ms (cache miss)
1447 silly packumentCache full:https://registry.npmjs.org/readdirp set size:undefined disposed:false
1448 silly fetch manifest lunr@^2.3.9
1449 silly packumentCache full:https://registry.npmjs.org/lunr cache-miss
1450 http fetch GET 200 https://registry.npmjs.org/ajv 10092ms (cache miss)
1451 silly packumentCache full:https://registry.npmjs.org/ajv set size:undefined disposed:false
1452 silly fetch manifest markdown-it@^14.1.1
1453 silly packumentCache full:https://registry.npmjs.org/markdown-it cache-miss
1454 http fetch GET 200 https://registry.npmjs.org/locate-path 869ms (cache miss)
1455 silly packumentCache full:https://registry.npmjs.org/locate-path set size:undefined disposed:false
1456 silly fetch manifest minimatch@^10.2.5
1457 silly packumentCache full:https://registry.npmjs.org/minimatch cache-miss
1458 http fetch GET 200 https://registry.npmjs.org/universalify 550ms (cache miss)
1459 silly packumentCache full:https://registry.npmjs.org/universalify set size:undefined disposed:false
1460 silly fetch manifest yaml@^2.8.3
1461 silly packumentCache full:https://registry.npmjs.org/yaml cache-hit
1462 http fetch GET 200 https://registry.npmjs.org/strip-final-newline 2003ms (cache miss)
1463 silly packumentCache full:https://registry.npmjs.org/strip-final-newline set size:undefined disposed:false
1464 http fetch GET 200 https://registry.npmjs.org/argparse 1027ms (cache miss)
1465 silly packumentCache full:https://registry.npmjs.org/argparse set size:undefined disposed:false
1466 http fetch GET 200 https://registry.npmjs.org/jsonfile 1887ms (cache miss)
1467 silly packumentCache full:https://registry.npmjs.org/jsonfile set size:undefined disposed:false
1468 http fetch GET 200 https://registry.npmjs.org/@gerrit0%2fmini-shiki 4085ms (cache miss)
1469 silly packumentCache full:https://registry.npmjs.org/@gerrit0%2fmini-shiki set size:undefined disposed:false
1470 http fetch GET 200 https://registry.npmjs.org/lunr 4417ms (cache miss)
1471 silly packumentCache full:https://registry.npmjs.org/lunr set size:undefined disposed:false
1472 http fetch GET 200 https://registry.npmjs.org/signal-exit 6790ms (cache miss)
1473 silly packumentCache full:https://registry.npmjs.org/signal-exit set size:undefined disposed:false
1474 http fetch GET 200 https://registry.npmjs.org/minimatch 6403ms (cache miss)
1475 silly packumentCache full:https://registry.npmjs.org/minimatch set size:undefined disposed:false
1476 http fetch GET 200 https://registry.npmjs.org/@scalar%2fhelpers 16767ms (cache miss)
1477 silly packumentCache full:https://registry.npmjs.org/@scalar%2fhelpers set size:undefined disposed:false
1478 http fetch GET 200 https://registry.npmjs.org/markdown-it 15848ms (cache miss)
1479 silly packumentCache full:https://registry.npmjs.org/markdown-it set size:undefined disposed:false
1480 http fetch GET 200 https://registry.npmjs.org/@sindresorhus%2fmerge-streams 34678ms (cache miss)
1481 silly packumentCache full:https://registry.npmjs.org/@sindresorhus%2fmerge-streams set size:undefined disposed:false
1482 silly placeDep ROOT acorn@8.16.0 OK for: @orval/core@8.8.1 want: ^8.15.0
1483 silly placeDep ROOT compare-versions@6.1.1 OK for: @orval/core@8.8.1 want: ^6.1.1
1484 silly placeDep node_modules/@orval/core esbuild@0.27.7 OK for: @orval/core@8.8.1 want: ^0.27.4
1485 silly placeDep ROOT esutils@2.0.3 OK for: @orval/core@8.8.1 want: 2.0.3
1486 silly placeDep ROOT globby@16.1.0 OK for: @orval/core@8.8.1 want: 16.1.0
1487 silly fetch manifest @esbuild/aix-ppc64@0.27.7
1488 silly packumentCache full:https://registry.npmjs.org/@esbuild%2faix-ppc64 cache-hit
1489 silly fetch manifest @esbuild/linux-arm@0.27.7
1490 silly packumentCache full:https://registry.npmjs.org/@esbuild%2flinux-arm cache-hit
1491 silly fetch manifest @esbuild/linux-x64@0.27.7
1492 silly packumentCache full:https://registry.npmjs.org/@esbuild%2flinux-x64 cache-hit
1493 silly fetch manifest @esbuild/sunos-x64@0.27.7
1494 silly packumentCache full:https://registry.npmjs.org/@esbuild%2fsunos-x64 cache-hit
1495 silly fetch manifest @esbuild/win32-x64@0.27.7
1496 silly packumentCache full:https://registry.npmjs.org/@esbuild%2fwin32-x64 cache-hit
1497 silly fetch manifest @esbuild/darwin-x64@0.27.7
1498 silly packumentCache full:https://registry.npmjs.org/@esbuild%2fdarwin-x64 cache-hit
1499 silly fetch manifest @esbuild/linux-ia32@0.27.7
1500 silly packumentCache full:https://registry.npmjs.org/@esbuild%2flinux-ia32 cache-hit
1501 silly fetch manifest @esbuild/netbsd-x64@0.27.7
1502 silly packumentCache full:https://registry.npmjs.org/@esbuild%2fnetbsd-x64 cache-hit
1503 silly fetch manifest @esbuild/win32-ia32@0.27.7
1504 silly packumentCache full:https://registry.npmjs.org/@esbuild%2fwin32-ia32 cache-hit
1505 silly fetch manifest @esbuild/android-arm@0.27.7
1506 silly packumentCache full:https://registry.npmjs.org/@esbuild%2fandroid-arm cache-hit
1507 silly fetch manifest @esbuild/android-x64@0.27.7
1508 silly packumentCache full:https://registry.npmjs.org/@esbuild%2fandroid-x64 cache-hit
1509 silly fetch manifest @esbuild/freebsd-x64@0.27.7
1510 silly packumentCache full:https://registry.npmjs.org/@esbuild%2ffreebsd-x64 cache-hit
1511 silly fetch manifest @esbuild/linux-arm64@0.27.7
1512 silly packumentCache full:https://registry.npmjs.org/@esbuild%2flinux-arm64 cache-hit
1513 silly fetch manifest @esbuild/linux-ppc64@0.27.7
1514 silly packumentCache full:https://registry.npmjs.org/@esbuild%2flinux-ppc64 cache-hit
1515 silly fetch manifest @esbuild/linux-s390x@0.27.7
1516 silly packumentCache full:https://registry.npmjs.org/@esbuild%2flinux-s390x cache-hit
1517 silly fetch manifest @esbuild/openbsd-x64@0.27.7
1518 silly packumentCache full:https://registry.npmjs.org/@esbuild%2fopenbsd-x64 cache-hit
1519 silly fetch manifest @esbuild/win32-arm64@0.27.7
1520 silly packumentCache full:https://registry.npmjs.org/@esbuild%2fwin32-arm64 cache-hit
1521 silly fetch manifest @esbuild/darwin-arm64@0.27.7
1522 silly packumentCache full:https://registry.npmjs.org/@esbuild%2fdarwin-arm64 cache-hit
1523 silly fetch manifest @esbuild/netbsd-arm64@0.27.7
1524 silly packumentCache full:https://registry.npmjs.org/@esbuild%2fnetbsd-arm64 cache-hit
1525 silly fetch manifest @esbuild/android-arm64@0.27.7
1526 silly packumentCache full:https://registry.npmjs.org/@esbuild%2fandroid-arm64 cache-hit
1527 silly fetch manifest @esbuild/freebsd-arm64@0.27.7
1528 silly packumentCache full:https://registry.npmjs.org/@esbuild%2ffreebsd-arm64 cache-hit
1529 silly fetch manifest @esbuild/linux-loong64@0.27.7
1530 silly packumentCache full:https://registry.npmjs.org/@esbuild%2flinux-loong64 cache-hit
1531 silly fetch manifest @esbuild/linux-riscv64@0.27.7
1532 silly packumentCache full:https://registry.npmjs.org/@esbuild%2flinux-riscv64 cache-hit
1533 silly fetch manifest @esbuild/openbsd-arm64@0.27.7
1534 silly packumentCache full:https://registry.npmjs.org/@esbuild%2fopenbsd-arm64 cache-hit
1535 silly fetch manifest @esbuild/linux-mips64el@0.27.7
1536 silly packumentCache full:https://registry.npmjs.org/@esbuild%2flinux-mips64el cache-hit
1537 silly fetch manifest @esbuild/openharmony-arm64@0.27.7
1538 silly packumentCache full:https://registry.npmjs.org/@esbuild%2fopenharmony-arm64 cache-hit
1539 silly fetch manifest slash@^5.1.0
1540 silly packumentCache full:https://registry.npmjs.org/slash cache-miss
1541 silly fetch manifest ignore@^7.0.5
1542 silly packumentCache full:https://registry.npmjs.org/ignore cache-miss
1543 silly fetch manifest fast-glob@^3.3.3
1544 silly packumentCache full:https://registry.npmjs.org/fast-glob cache-miss
1545 silly fetch manifest unicorn-magic@^0.4.0
1546 silly packumentCache full:https://registry.npmjs.org/unicorn-magic cache-miss
1547 silly fetch manifest is-path-inside@^4.0.0
1548 silly packumentCache full:https://registry.npmjs.org/is-path-inside cache-miss
1549 http cache https://registry.npmjs.org/unicorn-magic 16ms (cache hit)
1550 silly packumentCache full:https://registry.npmjs.org/unicorn-magic set size:9139 disposed:false
1551 http fetch GET 200 https://registry.npmjs.org/slash 1763ms (cache miss)
1552 silly packumentCache full:https://registry.npmjs.org/slash set size:undefined disposed:false
1553 http fetch GET 200 https://registry.npmjs.org/is-path-inside 2397ms (cache miss)
1554 silly packumentCache full:https://registry.npmjs.org/is-path-inside set size:undefined disposed:false
1555 http fetch GET 200 https://registry.npmjs.org/ignore 3295ms (cache miss)
1556 silly packumentCache full:https://registry.npmjs.org/ignore set size:undefined disposed:false
1557 http fetch GET 200 https://registry.npmjs.org/fast-glob 7443ms (cache miss)
1558 silly packumentCache full:https://registry.npmjs.org/fast-glob set size:undefined disposed:false
1559 silly placeDep ROOT @scalar/helpers@0.5.2 OK for: @scalar/json-magic@0.12.8 want: 0.5.2
1560 silly placeDep ROOT pathe@2.0.3 OK for: @scalar/json-magic@0.12.8 want: ^2.0.3
1561 silly placeDep ROOT yaml@2.8.3 OK for: @scalar/json-magic@0.12.8 want: ^2.8.0
1562 silly placeDep node_modules/@scalar/openapi-parser @scalar/openapi-types@0.8.0 OK for: @scalar/openapi-parser@0.25.12 want: 0.8.0
1563 silly placeDep ROOT @scalar/openapi-upgrader@0.2.6 OK for: @scalar/openapi-parser@0.25.12 want: 0.2.6
1564 silly placeDep ROOT ajv@8.20.0 OK for: @scalar/openapi-parser@0.25.12 want: ^8.17.1
1565 silly placeDep ROOT ajv-draft-04@1.0.0 OK for: @scalar/openapi-parser@0.25.12 want: ^1.0.0
1566 silly placeDep ROOT ajv-formats@3.0.1 OK for: @scalar/openapi-parser@0.25.12 want: ^3.0.1
1567 silly placeDep ROOT jsonpointer@5.0.1 OK for: @scalar/openapi-parser@0.25.12 want: ^5.0.1
1568 silly placeDep ROOT leven@4.1.0 OK for: @scalar/openapi-parser@0.25.12 want: ^4.0.0
1569 silly fetch manifest fast-deep-equal@^3.1.3
1570 silly packumentCache full:https://registry.npmjs.org/fast-deep-equal cache-miss
1571 silly fetch manifest fast-uri@^3.0.1
1572 silly packumentCache full:https://registry.npmjs.org/fast-uri cache-miss
1573 silly fetch manifest json-schema-traverse@^1.0.0
1574 silly packumentCache full:https://registry.npmjs.org/json-schema-traverse cache-miss
1575 silly fetch manifest require-from-string@^2.0.2
1576 silly packumentCache full:https://registry.npmjs.org/require-from-string cache-miss
1577 http fetch GET 200 https://registry.npmjs.org/require-from-string 1826ms (cache miss)
1578 silly packumentCache full:https://registry.npmjs.org/require-from-string set size:undefined disposed:false
1579 http fetch GET 200 https://registry.npmjs.org/json-schema-traverse 3530ms (cache miss)
1580 silly packumentCache full:https://registry.npmjs.org/json-schema-traverse set size:undefined disposed:false
1581 http fetch GET 200 https://registry.npmjs.org/fast-deep-equal 4539ms (cache miss)
1582 silly packumentCache full:https://registry.npmjs.org/fast-deep-equal set size:undefined disposed:false
1583 http fetch GET 200 https://registry.npmjs.org/fast-uri 6745ms (cache miss)
1584 silly packumentCache full:https://registry.npmjs.org/fast-uri set size:undefined disposed:false
1585 silly placeDep node_modules/@scalar/openapi-upgrader @scalar/openapi-types@0.8.0 OK for: @scalar/openapi-upgrader@0.2.6 want: 0.8.0
1586 silly placeDep ROOT fast-deep-equal@3.1.3 OK for: ajv@8.20.0 want: ^3.1.3
1587 silly placeDep ROOT fast-uri@3.1.0 OK for: ajv@8.20.0 want: ^3.0.1
1588 silly placeDep ROOT json-schema-traverse@1.0.0 OK for: ajv@8.20.0 want: ^1.0.0
1589 silly placeDep ROOT require-from-string@2.0.2 OK for: ajv@8.20.0 want: ^2.0.2
1590 silly placeDep ROOT readdirp@5.0.0 OK for: chokidar@5.0.0 want: ^5.0.0
1591 silly placeDep ROOT ansi-colors@4.1.3 OK for: enquirer@2.4.1 want: ^4.1.1
1592 silly placeDep ROOT strip-ansi@6.0.1 OK for: enquirer@2.4.1 want: ^6.0.1
1593 silly fetch manifest ansi-regex@^5.0.1
1594 silly packumentCache full:https://registry.npmjs.org/ansi-regex cache-miss
1595 http fetch GET 200 https://registry.npmjs.org/ansi-regex 1134ms (cache miss)
1596 silly packumentCache full:https://registry.npmjs.org/ansi-regex set size:undefined disposed:false
1597 silly placeDep ROOT @sindresorhus/merge-streams@4.0.0 OK for: execa@9.6.1 want: ^4.0.0
1598 silly placeDep ROOT cross-spawn@7.0.6 OK for: execa@9.6.1 want: ^7.0.6
1599 silly placeDep ROOT figures@6.1.0 OK for: execa@9.6.1 want: ^6.1.0
1600 silly placeDep ROOT get-stream@9.0.1 OK for: execa@9.6.1 want: ^9.0.0
1601 silly placeDep ROOT human-signals@8.0.1 OK for: execa@9.6.1 want: ^8.0.1
1602 silly placeDep ROOT is-plain-obj@4.1.0 OK for: execa@9.6.1 want: ^4.1.0
1603 silly placeDep ROOT is-stream@4.0.1 OK for: execa@9.6.1 want: ^4.0.1
1604 silly placeDep ROOT npm-run-path@6.0.0 OK for: execa@9.6.1 want: ^6.0.0
1605 silly placeDep ROOT pretty-ms@9.3.0 OK for: execa@9.6.1 want: ^9.2.0
1606 silly placeDep ROOT signal-exit@4.1.0 OK for: execa@9.6.1 want: ^4.1.0
1607 silly placeDep ROOT strip-final-newline@4.0.0 OK for: execa@9.6.1 want: ^4.0.0
1608 silly placeDep ROOT yoctocolors@2.1.2 OK for: execa@9.6.1 want: ^2.1.1
1609 silly fetch manifest which@^2.0.1
1610 silly packumentCache full:https://registry.npmjs.org/which cache-miss
1611 silly fetch manifest path-key@^3.1.0
1612 silly packumentCache full:https://registry.npmjs.org/path-key cache-miss
1613 silly fetch manifest shebang-command@^2.0.0
1614 silly packumentCache full:https://registry.npmjs.org/shebang-command cache-miss
1615 silly fetch manifest is-unicode-supported@^2.0.0
1616 silly packumentCache full:https://registry.npmjs.org/is-unicode-supported cache-miss
1617 silly fetch manifest @sec-ant/readable-stream@^0.4.1
1618 silly packumentCache full:https://registry.npmjs.org/@sec-ant%2freadable-stream cache-miss
1619 silly fetch manifest path-key@^4.0.0
1620 silly packumentCache full:https://registry.npmjs.org/path-key cache-miss
1621 silly fetch manifest parse-ms@^4.0.0
1622 silly packumentCache full:https://registry.npmjs.org/parse-ms cache-miss
1623 http fetch GET 200 https://registry.npmjs.org/is-unicode-supported 1181ms (cache miss)
1624 silly packumentCache full:https://registry.npmjs.org/is-unicode-supported set size:undefined disposed:false
1625 http fetch GET 200 https://registry.npmjs.org/path-key 1230ms (cache miss)
1626 silly packumentCache full:https://registry.npmjs.org/path-key set size:undefined disposed:false
1627 http fetch GET 200 https://registry.npmjs.org/shebang-command 1713ms (cache miss)
1628 silly packumentCache full:https://registry.npmjs.org/shebang-command set size:undefined disposed:false
1629 http fetch GET 200 https://registry.npmjs.org/which 2876ms (cache miss)
1630 silly packumentCache full:https://registry.npmjs.org/which set size:undefined disposed:false
1631 http fetch GET 200 https://registry.npmjs.org/path-key 3010ms (cache miss)
1632 silly packumentCache full:https://registry.npmjs.org/path-key set size:undefined disposed:false
1633 http fetch GET 200 https://registry.npmjs.org/parse-ms 3031ms (cache miss)
1634 silly packumentCache full:https://registry.npmjs.org/parse-ms set size:undefined disposed:false
1635 http fetch GET 200 https://registry.npmjs.org/@sec-ant%2freadable-stream 5464ms (cache miss)
1636 silly packumentCache full:https://registry.npmjs.org/@sec-ant%2freadable-stream set size:undefined disposed:false
1637 silly placeDep ROOT path-key@3.1.1 OK for: cross-spawn@7.0.6 want: ^3.1.0
1638 silly placeDep ROOT shebang-command@2.0.0 OK for: cross-spawn@7.0.6 want: ^2.0.0
1639 silly placeDep ROOT which@2.0.2 OK for: cross-spawn@7.0.6 want: ^2.0.1
1640 silly fetch manifest shebang-regex@^3.0.0
1641 silly packumentCache full:https://registry.npmjs.org/shebang-regex cache-miss
1642 silly fetch manifest isexe@^2.0.0
1643 silly packumentCache full:https://registry.npmjs.org/isexe cache-miss
1644 http fetch GET 200 https://registry.npmjs.org/isexe 2231ms (cache miss)
1645 silly packumentCache full:https://registry.npmjs.org/isexe set size:undefined disposed:false
1646 http fetch GET 200 https://registry.npmjs.org/shebang-regex 3476ms (cache miss)
1647 silly packumentCache full:https://registry.npmjs.org/shebang-regex set size:undefined disposed:false
1648 silly placeDep ROOT is-unicode-supported@2.1.0 OK for: figures@6.1.0 want: ^2.0.0
1649 silly placeDep ROOT locate-path@8.0.0 OK for: find-up@8.0.0 want: ^8.0.0
1650 silly placeDep ROOT unicorn-magic@0.3.0 OK for: find-up@8.0.0 want: ^0.3.0
1651 silly fetch manifest p-locate@^6.0.0
1652 silly packumentCache full:https://registry.npmjs.org/p-locate cache-miss
1653 http fetch GET 200 https://registry.npmjs.org/p-locate 1712ms (cache miss)
1654 silly packumentCache full:https://registry.npmjs.org/p-locate set size:undefined disposed:false
1655 silly placeDep ROOT jsonfile@6.2.1 OK for: fs-extra@11.3.4 want: ^6.0.1
1656 silly placeDep ROOT universalify@2.0.1 OK for: fs-extra@11.3.4 want: ^2.0.0
1657 silly placeDep ROOT @sec-ant/readable-stream@0.4.1 OK for: get-stream@9.0.1 want: ^0.4.1
1658 silly placeDep ROOT fast-glob@3.3.3 OK for: globby@16.1.0 want: ^3.3.3
1659 silly placeDep ROOT ignore@7.0.5 OK for: globby@16.1.0 want: ^7.0.5
1660 silly placeDep ROOT is-path-inside@4.0.0 OK for: globby@16.1.0 want: ^4.0.0
1661 silly placeDep ROOT slash@5.1.0 OK for: globby@16.1.0 want: ^5.1.0
1662 silly placeDep node_modules/globby unicorn-magic@0.4.0 OK for: globby@16.1.0 want: ^0.4.0
1663 silly fetch manifest @nodelib/fs.stat@^2.0.2
1664 silly packumentCache full:https://registry.npmjs.org/@nodelib%2ffs.stat cache-miss
1665 silly fetch manifest @nodelib/fs.walk@^1.2.3
1666 silly packumentCache full:https://registry.npmjs.org/@nodelib%2ffs.walk cache-miss
1667 silly fetch manifest glob-parent@^5.1.2
1668 silly packumentCache full:https://registry.npmjs.org/glob-parent cache-miss
1669 silly fetch manifest merge2@^1.3.0
1670 silly packumentCache full:https://registry.npmjs.org/merge2 cache-miss
1671 silly fetch manifest micromatch@^4.0.8
1672 silly packumentCache full:https://registry.npmjs.org/micromatch cache-miss
1673 http fetch GET 200 https://registry.npmjs.org/@nodelib%2ffs.stat 2446ms (cache miss)
1674 silly packumentCache full:https://registry.npmjs.org/@nodelib%2ffs.stat set size:undefined disposed:false
1675 http fetch GET 200 https://registry.npmjs.org/merge2 3100ms (cache miss)
1676 silly packumentCache full:https://registry.npmjs.org/merge2 set size:undefined disposed:false
1677 http fetch GET 200 https://registry.npmjs.org/@nodelib%2ffs.walk 3137ms (cache miss)
1678 silly packumentCache full:https://registry.npmjs.org/@nodelib%2ffs.walk set size:undefined disposed:false
1679 http fetch GET 200 https://registry.npmjs.org/glob-parent 4574ms (cache miss)
1680 silly packumentCache full:https://registry.npmjs.org/glob-parent set size:undefined disposed:false
1681 http fetch GET 200 https://registry.npmjs.org/micromatch 5405ms (cache miss)
1682 silly packumentCache full:https://registry.npmjs.org/micromatch set size:undefined disposed:false
1683 silly placeDep ROOT @nodelib/fs.stat@2.0.5 OK for: fast-glob@3.3.3 want: ^2.0.2
1684 silly placeDep ROOT @nodelib/fs.walk@1.2.8 OK for: fast-glob@3.3.3 want: ^1.2.3
1685 silly placeDep ROOT glob-parent@5.1.2 OK for: fast-glob@3.3.3 want: ^5.1.2
1686 silly placeDep ROOT merge2@1.4.1 OK for: fast-glob@3.3.3 want: ^1.3.0
1687 silly placeDep ROOT micromatch@4.0.8 OK for: fast-glob@3.3.3 want: ^4.0.8
1688 silly fetch manifest fastq@^1.6.0
1689 silly packumentCache full:https://registry.npmjs.org/fastq cache-miss
1690 silly fetch manifest @nodelib/fs.scandir@2.1.5
1691 silly packumentCache full:https://registry.npmjs.org/@nodelib%2ffs.scandir cache-miss
1692 silly fetch manifest is-glob@^4.0.1
1693 silly packumentCache full:https://registry.npmjs.org/is-glob cache-miss
1694 silly fetch manifest braces@^3.0.3
1695 silly packumentCache full:https://registry.npmjs.org/braces cache-miss
1696 silly fetch manifest picomatch@^2.3.1
1697 silly packumentCache full:https://registry.npmjs.org/picomatch cache-miss
1698 http fetch GET 200 https://registry.npmjs.org/fastq 2906ms (cache miss)
1699 silly packumentCache full:https://registry.npmjs.org/fastq set size:undefined disposed:false
1700 http fetch GET 200 https://registry.npmjs.org/@nodelib%2ffs.scandir 3232ms (cache miss)
1701 silly packumentCache full:https://registry.npmjs.org/@nodelib%2ffs.scandir set size:undefined disposed:false
1702 http fetch GET 200 https://registry.npmjs.org/picomatch 4298ms (cache revalidated)
1703 silly packumentCache full:https://registry.npmjs.org/picomatch set size:126376 disposed:false
1704 http fetch GET 200 https://registry.npmjs.org/is-glob 4309ms (cache miss)
1705 silly packumentCache full:https://registry.npmjs.org/is-glob set size:undefined disposed:false
1706 http fetch GET 200 https://registry.npmjs.org/braces 4950ms (cache miss)
1707 silly packumentCache full:https://registry.npmjs.org/braces set size:undefined disposed:false
1708 silly placeDep ROOT @nodelib/fs.scandir@2.1.5 OK for: @nodelib/fs.walk@1.2.8 want: 2.1.5
1709 silly placeDep ROOT fastq@1.20.1 OK for: @nodelib/fs.walk@1.2.8 want: ^1.6.0
1710 silly fetch manifest run-parallel@^1.1.9
1711 silly packumentCache full:https://registry.npmjs.org/run-parallel cache-miss
1712 silly fetch manifest reusify@^1.0.4
1713 silly packumentCache full:https://registry.npmjs.org/reusify cache-miss
1714 http fetch GET 200 https://registry.npmjs.org/run-parallel 1917ms (cache miss)
1715 silly packumentCache full:https://registry.npmjs.org/run-parallel set size:undefined disposed:false
1716 http fetch GET 200 https://registry.npmjs.org/reusify 3157ms (cache miss)
1717 silly packumentCache full:https://registry.npmjs.org/reusify set size:undefined disposed:false
1718 silly placeDep ROOT run-parallel@1.2.0 OK for: @nodelib/fs.scandir@2.1.5 want: ^1.1.9
1719 silly fetch manifest queue-microtask@^1.2.2
1720 silly packumentCache full:https://registry.npmjs.org/queue-microtask cache-miss
1721 http fetch GET 200 https://registry.npmjs.org/queue-microtask 4264ms (cache miss)
1722 silly packumentCache full:https://registry.npmjs.org/queue-microtask set size:undefined disposed:false
1723 silly placeDep ROOT reusify@1.1.0 OK for: fastq@1.20.1 want: ^1.0.4
1724 silly placeDep ROOT is-glob@4.0.3 OK for: glob-parent@5.1.2 want: ^4.0.1
1725 silly fetch manifest is-extglob@^2.1.1
1726 silly packumentCache full:https://registry.npmjs.org/is-extglob cache-miss
1727 http fetch GET 200 https://registry.npmjs.org/is-extglob 1074ms (cache miss)
1728 silly packumentCache full:https://registry.npmjs.org/is-extglob set size:undefined disposed:false
1729 silly placeDep ROOT is-extglob@2.1.1 OK for: is-glob@4.0.3 want: ^2.1.1
1730 silly placeDep ROOT argparse@2.0.1 OK for: js-yaml@4.1.1 want: ^2.0.1
1731 silly placeDep ROOT p-locate@6.0.0 OK for: locate-path@8.0.0 want: ^6.0.0
1732 silly fetch manifest p-limit@^4.0.0
1733 silly packumentCache full:https://registry.npmjs.org/p-limit cache-miss
1734 http fetch GET 200 https://registry.npmjs.org/p-limit 1912ms (cache miss)
1735 silly packumentCache full:https://registry.npmjs.org/p-limit set size:undefined disposed:false
1736 silly placeDep ROOT braces@3.0.3 OK for: micromatch@4.0.8 want: ^3.0.3
1737 silly placeDep ROOT picomatch@2.3.2 OK for: micromatch@4.0.8 want: ^2.3.1
1738 silly fetch manifest fill-range@^7.1.1
1739 silly packumentCache full:https://registry.npmjs.org/fill-range cache-miss
1740 http fetch GET 200 https://registry.npmjs.org/fill-range 2557ms (cache miss)
1741 silly packumentCache full:https://registry.npmjs.org/fill-range set size:undefined disposed:false
1742 silly placeDep ROOT fill-range@7.1.1 OK for: braces@3.0.3 want: ^7.1.1
1743 silly fetch manifest to-regex-range@^5.0.1
1744 silly packumentCache full:https://registry.npmjs.org/to-regex-range cache-miss
1745 http fetch GET 200 https://registry.npmjs.org/to-regex-range 1619ms (cache miss)
1746 silly packumentCache full:https://registry.npmjs.org/to-regex-range set size:undefined disposed:false
1747 silly placeDep ROOT to-regex-range@5.0.1 OK for: fill-range@7.1.1 want: ^5.0.1
1748 silly fetch manifest is-number@^7.0.0
1749 silly packumentCache full:https://registry.npmjs.org/is-number cache-miss
1750 http fetch GET 200 https://registry.npmjs.org/is-number 798ms (cache miss)
1751 silly packumentCache full:https://registry.npmjs.org/is-number set size:undefined disposed:false
1752 silly placeDep node_modules/npm-run-path path-key@4.0.0 OK for: npm-run-path@6.0.0 want: ^4.0.0
1753 silly placeDep ROOT p-limit@4.0.0 OK for: p-locate@6.0.0 want: ^4.0.0
1754 silly fetch manifest yocto-queue@^1.0.0
1755 silly packumentCache full:https://registry.npmjs.org/yocto-queue cache-miss
1756 http fetch GET 200 https://registry.npmjs.org/yocto-queue 2615ms (cache miss)
1757 silly packumentCache full:https://registry.npmjs.org/yocto-queue set size:undefined disposed:false
1758 silly placeDep ROOT yocto-queue@1.2.2 OK for: p-limit@4.0.0 want: ^1.0.0
1759 silly fetch manifest pg@>=8.0
1760 silly packumentCache full:https://registry.npmjs.org/pg cache-miss
1761 http fetch GET 200 https://registry.npmjs.org/pg 570ms (cache revalidated)
1762 silly packumentCache full:https://registry.npmjs.org/pg set size:475297 disposed:false
1763 silly placeDep ROOT pg-cloudflare@1.3.0 OK for: pg@8.20.0 want: ^1.3.0
1764 silly placeDep ROOT pg-connection-string@2.12.0 OK for: pg@8.20.0 want: ^2.12.0
1765 silly placeDep ROOT pg-pool@3.13.0 OK for: pg@8.20.0 want: ^3.13.0
1766 silly placeDep ROOT pgpass@1.0.5 OK for: pg@8.20.0 want: 1.0.5
1767 silly fetch manifest split2@^4.1.0
1768 silly packumentCache full:https://registry.npmjs.org/split2 cache-miss
1769 http fetch GET 200 https://registry.npmjs.org/split2 2000ms (cache miss)
1770 silly packumentCache full:https://registry.npmjs.org/split2 set size:undefined disposed:false
1771 silly placeDep ROOT pg-int8@1.0.1 OK for: pg-types@2.2.0 want: 1.0.1
1772 silly placeDep ROOT postgres-array@2.0.0 OK for: pg-types@2.2.0 want: ~2.0.0
1773 silly placeDep ROOT postgres-bytea@1.0.1 OK for: pg-types@2.2.0 want: ~1.0.0
1774 silly placeDep ROOT postgres-date@1.0.7 OK for: pg-types@2.2.0 want: ~1.0.4
1775 silly placeDep ROOT postgres-interval@1.2.0 OK for: pg-types@2.2.0 want: ^1.1.0
1776 silly fetch manifest xtend@^4.0.0
1777 silly packumentCache full:https://registry.npmjs.org/xtend cache-miss
1778 http fetch GET 200 https://registry.npmjs.org/xtend 992ms (cache miss)
1779 silly packumentCache full:https://registry.npmjs.org/xtend set size:undefined disposed:false
1780 silly placeDep ROOT split2@4.2.0 OK for: pgpass@1.0.5 want: ^4.1.0
1781 silly placeDep ROOT xtend@4.0.2 OK for: postgres-interval@1.2.0 want: ^4.0.0
1782 silly placeDep ROOT parse-ms@4.0.0 OK for: pretty-ms@9.3.0 want: ^4.0.0
1783 silly placeDep ROOT scheduler@0.27.0 OK for: react-dom@19.2.5 want: ^0.27.0
1784 silly placeDep ROOT queue-microtask@1.2.3 OK for: run-parallel@1.2.0 want: ^1.2.2
1785 silly placeDep ROOT shebang-regex@3.0.0 OK for: shebang-command@2.0.0 want: ^3.0.0
1786 silly placeDep ROOT buffer-from@1.1.2 OK for: source-map-support@0.5.21 want: ^1.0.0
1787 silly placeDep ROOT source-map@0.6.1 OK for: source-map-support@0.5.21 want: ^0.6.0
1788 silly placeDep ROOT ansi-regex@5.0.1 OK for: strip-ansi@6.0.1 want: ^5.0.1
1789 silly placeDep ROOT is-number@7.0.0 OK for: to-regex-range@5.0.1 want: ^7.0.0
1790 silly placeDep node_modules/tsx esbuild@0.27.7 OK for: tsx@4.21.0 want: ~0.27.0
1791 silly placeDep ROOT fsevents@2.3.3 OK for: tsx@4.21.0 want: ~2.3.3
1792 silly placeDep ROOT @gerrit0/mini-shiki@3.23.0 OK for: typedoc@0.28.19 want: ^3.23.0
1793 silly placeDep ROOT lunr@2.3.9 OK for: typedoc@0.28.19 want: ^2.3.9
1794 silly placeDep ROOT markdown-it@14.1.1 OK for: typedoc@0.28.19 want: ^14.1.1
1795 silly placeDep ROOT minimatch@10.2.5 OK for: typedoc@0.28.19 want: ^10.2.5
1796 silly fetch manifest @shikijs/engine-oniguruma@^3.23.0
1797 silly packumentCache full:https://registry.npmjs.org/@shikijs%2fengine-oniguruma cache-miss
1798 silly fetch manifest @shikijs/langs@^3.23.0
1799 silly packumentCache full:https://registry.npmjs.org/@shikijs%2flangs cache-miss
1800 silly fetch manifest @shikijs/themes@^3.23.0
1801 silly packumentCache full:https://registry.npmjs.org/@shikijs%2fthemes cache-miss
1802 silly fetch manifest @shikijs/types@^3.23.0
1803 silly packumentCache full:https://registry.npmjs.org/@shikijs%2ftypes cache-miss
1804 silly fetch manifest @shikijs/vscode-textmate@^10.0.2
1805 silly packumentCache full:https://registry.npmjs.org/@shikijs%2fvscode-textmate cache-miss
1806 silly fetch manifest entities@^4.4.0
1807 silly packumentCache full:https://registry.npmjs.org/entities cache-miss
1808 silly fetch manifest linkify-it@^5.0.0
1809 silly packumentCache full:https://registry.npmjs.org/linkify-it cache-miss
1810 silly fetch manifest mdurl@^2.0.0
1811 silly packumentCache full:https://registry.npmjs.org/mdurl cache-miss
1812 silly fetch manifest punycode.js@^2.3.1
1813 silly packumentCache full:https://registry.npmjs.org/punycode.js cache-miss
1814 silly fetch manifest uc.micro@^2.1.0
1815 silly packumentCache full:https://registry.npmjs.org/uc.micro cache-miss
1816 silly fetch manifest brace-expansion@^5.0.5
1817 silly packumentCache full:https://registry.npmjs.org/brace-expansion cache-miss
1818 http fetch GET 200 https://registry.npmjs.org/linkify-it 1248ms (cache miss)
1819 silly packumentCache full:https://registry.npmjs.org/linkify-it set size:undefined disposed:false
1820 http fetch GET 200 https://registry.npmjs.org/punycode.js 2138ms (cache miss)
1821 silly packumentCache full:https://registry.npmjs.org/punycode.js set size:undefined disposed:false
1822 http fetch GET 200 https://registry.npmjs.org/uc.micro 2287ms (cache miss)
1823 silly packumentCache full:https://registry.npmjs.org/uc.micro set size:undefined disposed:false
1824 http fetch GET 200 https://registry.npmjs.org/@shikijs%2fengine-oniguruma 2540ms (cache miss)
1825 silly packumentCache full:https://registry.npmjs.org/@shikijs%2fengine-oniguruma set size:undefined disposed:false
1826 http fetch GET 200 https://registry.npmjs.org/@shikijs%2fvscode-textmate 2727ms (cache miss)
1827 silly packumentCache full:https://registry.npmjs.org/@shikijs%2fvscode-textmate set size:undefined disposed:false
1828 http fetch GET 200 https://registry.npmjs.org/@shikijs%2ftypes 2736ms (cache miss)
1829 silly packumentCache full:https://registry.npmjs.org/@shikijs%2ftypes set size:undefined disposed:false
1830 http fetch GET 200 https://registry.npmjs.org/mdurl 2974ms (cache miss)
1831 silly packumentCache full:https://registry.npmjs.org/mdurl set size:undefined disposed:false
1832 http fetch GET 200 https://registry.npmjs.org/entities 3370ms (cache miss)
1833 silly packumentCache full:https://registry.npmjs.org/entities set size:undefined disposed:false
1834 http fetch GET 200 https://registry.npmjs.org/@shikijs%2fthemes 3389ms (cache miss)
1835 silly packumentCache full:https://registry.npmjs.org/@shikijs%2fthemes set size:undefined disposed:false
1836 http fetch GET 200 https://registry.npmjs.org/brace-expansion 3395ms (cache miss)
1837 silly packumentCache full:https://registry.npmjs.org/brace-expansion set size:undefined disposed:false
1838 http fetch GET 200 https://registry.npmjs.org/@shikijs%2flangs 5375ms (cache miss)
1839 silly packumentCache full:https://registry.npmjs.org/@shikijs%2flangs set size:undefined disposed:false
1840 silly placeDep ROOT @shikijs/engine-oniguruma@3.23.0 OK for: @gerrit0/mini-shiki@3.23.0 want: ^3.23.0
1841 silly placeDep ROOT @shikijs/langs@3.23.0 OK for: @gerrit0/mini-shiki@3.23.0 want: ^3.23.0
1842 silly placeDep ROOT @shikijs/themes@3.23.0 OK for: @gerrit0/mini-shiki@3.23.0 want: ^3.23.0
1843 silly placeDep ROOT @shikijs/types@3.23.0 OK for: @gerrit0/mini-shiki@3.23.0 want: ^3.23.0
1844 silly placeDep ROOT @shikijs/vscode-textmate@10.0.2 OK for: @gerrit0/mini-shiki@3.23.0 want: ^10.0.2
1845 silly fetch manifest @shikijs/types@3.23.0
1846 silly packumentCache full:https://registry.npmjs.org/@shikijs%2ftypes cache-miss
1847 silly fetch manifest @shikijs/types@3.23.0
1848 silly packumentCache full:https://registry.npmjs.org/@shikijs%2ftypes cache-miss
1849 silly fetch manifest @shikijs/types@3.23.0
1850 silly packumentCache full:https://registry.npmjs.org/@shikijs%2ftypes cache-miss
1851 silly fetch manifest @types/hast@^3.0.4
1852 silly packumentCache full:https://registry.npmjs.org/@types%2fhast cache-miss
1853 http cache https://registry.npmjs.org/@shikijs%2ftypes 61ms (cache hit)
1854 silly packumentCache full:https://registry.npmjs.org/@shikijs%2ftypes set size:177655 disposed:false
1855 http cache https://registry.npmjs.org/@shikijs%2ftypes 64ms (cache hit)
1856 silly packumentCache full:https://registry.npmjs.org/@shikijs%2ftypes set size:177655 disposed:false
1857 silly packumentCache full:https://registry.npmjs.org/@shikijs%2ftypes dispose
1858 http cache https://registry.npmjs.org/@shikijs%2ftypes 67ms (cache hit)
1859 silly packumentCache full:https://registry.npmjs.org/@shikijs%2ftypes set size:177655 disposed:true
1860 silly packumentCache full:https://registry.npmjs.org/@shikijs%2ftypes dispose
1861 http fetch GET 200 https://registry.npmjs.org/@types%2fhast 1248ms (cache miss)
1862 silly packumentCache full:https://registry.npmjs.org/@types%2fhast set size:undefined disposed:false
1863 silly placeDep ROOT @types/hast@3.0.4 OK for: @shikijs/types@3.23.0 want: ^3.0.4
1864 silly fetch manifest @types/unist@*
1865 silly packumentCache full:https://registry.npmjs.org/@types%2funist cache-miss
1866 http fetch GET 200 https://registry.npmjs.org/@types%2funist 2145ms (cache miss)
1867 silly packumentCache full:https://registry.npmjs.org/@types%2funist set size:undefined disposed:false
1868 silly placeDep ROOT @types/unist@3.0.3 OK for: @types/hast@3.0.4 want: *
1869 silly placeDep ROOT entities@4.5.0 OK for: markdown-it@14.1.1 want: ^4.4.0
1870 silly placeDep ROOT linkify-it@5.0.0 OK for: markdown-it@14.1.1 want: ^5.0.0
1871 silly placeDep ROOT mdurl@2.0.0 OK for: markdown-it@14.1.1 want: ^2.0.0
1872 silly placeDep ROOT punycode.js@2.3.1 OK for: markdown-it@14.1.1 want: ^2.3.1
1873 silly placeDep ROOT uc.micro@2.1.0 OK for: markdown-it@14.1.1 want: ^2.1.0
1874 silly fetch manifest uc.micro@^2.0.0
1875 silly packumentCache full:https://registry.npmjs.org/uc.micro cache-miss
1876 http cache https://registry.npmjs.org/uc.micro 18ms (cache hit)
1877 silly packumentCache full:https://registry.npmjs.org/uc.micro set size:16457 disposed:false
1878 silly placeDep ROOT brace-expansion@5.0.5 OK for: minimatch@10.2.5 want: ^5.0.5
1879 silly fetch manifest balanced-match@^4.0.2
1880 silly packumentCache full:https://registry.npmjs.org/balanced-match cache-miss
1881 http fetch GET 200 https://registry.npmjs.org/balanced-match 1456ms (cache miss)
1882 silly packumentCache full:https://registry.npmjs.org/balanced-match set size:undefined disposed:false
1883 silly placeDep ROOT balanced-match@4.0.4 OK for: brace-expansion@5.0.5 want: ^4.0.2
1884 silly placeDep ROOT esbuild@0.28.0 REPLACE for: vite@8.0.10 want: ^0.27.0 || ^0.28.0
1885 silly placeDep node_modules/vite picomatch@4.0.4 OK for: vite@8.0.10 want: ^4.0.4
1886 silly placeDep ROOT postcss@8.5.10 OK for: vite@8.0.10 want: ^8.5.10
1887 silly placeDep ROOT rolldown@1.0.0-rc.17 OK for: vite@8.0.10 want: 1.0.0-rc.17
1888 silly placeDep ROOT tinyglobby@0.2.16 OK for: vite@8.0.10 want: ^0.2.16
1889 silly fetch manifest @esbuild/aix-ppc64@0.28.0
1890 silly packumentCache full:https://registry.npmjs.org/@esbuild%2faix-ppc64 cache-hit
1891 silly fetch manifest @esbuild/android-arm@0.28.0
1892 silly packumentCache full:https://registry.npmjs.org/@esbuild%2fandroid-arm cache-hit
1893 silly fetch manifest @esbuild/android-arm64@0.28.0
1894 silly packumentCache full:https://registry.npmjs.org/@esbuild%2fandroid-arm64 cache-hit
1895 silly fetch manifest @esbuild/android-x64@0.28.0
1896 silly packumentCache full:https://registry.npmjs.org/@esbuild%2fandroid-x64 cache-hit
1897 silly fetch manifest @esbuild/darwin-arm64@0.28.0
1898 silly packumentCache full:https://registry.npmjs.org/@esbuild%2fdarwin-arm64 cache-hit
1899 silly fetch manifest @esbuild/darwin-x64@0.28.0
1900 silly packumentCache full:https://registry.npmjs.org/@esbuild%2fdarwin-x64 cache-hit
1901 silly fetch manifest @esbuild/freebsd-arm64@0.28.0
1902 silly packumentCache full:https://registry.npmjs.org/@esbuild%2ffreebsd-arm64 cache-hit
1903 silly fetch manifest @esbuild/freebsd-x64@0.28.0
1904 silly packumentCache full:https://registry.npmjs.org/@esbuild%2ffreebsd-x64 cache-hit
1905 silly fetch manifest @esbuild/linux-arm@0.28.0
1906 silly packumentCache full:https://registry.npmjs.org/@esbuild%2flinux-arm cache-hit
1907 silly fetch manifest @esbuild/linux-arm64@0.28.0
1908 silly packumentCache full:https://registry.npmjs.org/@esbuild%2flinux-arm64 cache-hit
1909 silly fetch manifest @esbuild/linux-ia32@0.28.0
1910 silly packumentCache full:https://registry.npmjs.org/@esbuild%2flinux-ia32 cache-hit
1911 silly fetch manifest @esbuild/linux-loong64@0.28.0
1912 silly packumentCache full:https://registry.npmjs.org/@esbuild%2flinux-loong64 cache-hit
1913 silly fetch manifest @esbuild/linux-mips64el@0.28.0
1914 silly packumentCache full:https://registry.npmjs.org/@esbuild%2flinux-mips64el cache-hit
1915 silly fetch manifest @esbuild/linux-ppc64@0.28.0
1916 silly packumentCache full:https://registry.npmjs.org/@esbuild%2flinux-ppc64 cache-hit
1917 silly fetch manifest @esbuild/linux-riscv64@0.28.0
1918 silly packumentCache full:https://registry.npmjs.org/@esbuild%2flinux-riscv64 cache-hit
1919 silly fetch manifest @esbuild/linux-s390x@0.28.0
1920 silly packumentCache full:https://registry.npmjs.org/@esbuild%2flinux-s390x cache-hit
1921 silly fetch manifest @esbuild/linux-x64@0.28.0
1922 silly packumentCache full:https://registry.npmjs.org/@esbuild%2flinux-x64 cache-hit
1923 silly fetch manifest @esbuild/netbsd-arm64@0.28.0
1924 silly packumentCache full:https://registry.npmjs.org/@esbuild%2fnetbsd-arm64 cache-hit
1925 silly fetch manifest @esbuild/netbsd-x64@0.28.0
1926 silly packumentCache full:https://registry.npmjs.org/@esbuild%2fnetbsd-x64 cache-hit
1927 silly fetch manifest @esbuild/openbsd-arm64@0.28.0
1928 silly packumentCache full:https://registry.npmjs.org/@esbuild%2fopenbsd-arm64 cache-hit
1929 silly fetch manifest @esbuild/openbsd-x64@0.28.0
1930 silly packumentCache full:https://registry.npmjs.org/@esbuild%2fopenbsd-x64 cache-hit
1931 silly fetch manifest @esbuild/openharmony-arm64@0.28.0
1932 silly packumentCache full:https://registry.npmjs.org/@esbuild%2fopenharmony-arm64 cache-hit
1933 silly fetch manifest @esbuild/sunos-x64@0.28.0
1934 silly packumentCache full:https://registry.npmjs.org/@esbuild%2fsunos-x64 cache-hit
1935 silly fetch manifest @esbuild/win32-arm64@0.28.0
1936 silly packumentCache full:https://registry.npmjs.org/@esbuild%2fwin32-arm64 cache-hit
1937 silly fetch manifest @esbuild/win32-ia32@0.28.0
1938 silly packumentCache full:https://registry.npmjs.org/@esbuild%2fwin32-ia32 cache-hit
1939 silly fetch manifest @esbuild/win32-x64@0.28.0
1940 silly packumentCache full:https://registry.npmjs.org/@esbuild%2fwin32-x64 cache-hit
1941 silly fetch manifest nanoid@^3.3.11
1942 silly packumentCache full:https://registry.npmjs.org/nanoid cache-miss
1943 silly fetch manifest @oxc-project/types@=0.127.0
1944 silly packumentCache full:https://registry.npmjs.org/@oxc-project%2ftypes cache-miss
1945 silly fetch manifest @rolldown/pluginutils@1.0.0-rc.17
1946 silly packumentCache full:https://registry.npmjs.org/@rolldown%2fpluginutils cache-miss
1947 silly fetch manifest @rolldown/binding-darwin-x64@1.0.0-rc.17
1948 silly packumentCache full:https://registry.npmjs.org/@rolldown%2fbinding-darwin-x64 cache-miss
1949 silly fetch manifest @rolldown/binding-win32-x64-msvc@1.0.0-rc.17
1950 silly packumentCache full:https://registry.npmjs.org/@rolldown%2fbinding-win32-x64-msvc cache-miss
1951 silly fetch manifest @rolldown/binding-linux-x64-gnu@1.0.0-rc.17
1952 silly packumentCache full:https://registry.npmjs.org/@rolldown%2fbinding-linux-x64-gnu cache-miss
1953 silly fetch manifest @rolldown/binding-linux-x64-musl@1.0.0-rc.17
1954 silly packumentCache full:https://registry.npmjs.org/@rolldown%2fbinding-linux-x64-musl cache-miss
1955 silly fetch manifest @rolldown/binding-freebsd-x64@1.0.0-rc.17
1956 silly packumentCache full:https://registry.npmjs.org/@rolldown%2fbinding-freebsd-x64 cache-miss
1957 silly fetch manifest @rolldown/binding-linux-arm-gnueabihf@1.0.0-rc.17
1958 silly packumentCache full:https://registry.npmjs.org/@rolldown%2fbinding-linux-arm-gnueabihf cache-miss
1959 silly fetch manifest @rolldown/binding-linux-arm64-gnu@1.0.0-rc.17
1960 silly packumentCache full:https://registry.npmjs.org/@rolldown%2fbinding-linux-arm64-gnu cache-miss
1961 silly fetch manifest @rolldown/binding-darwin-arm64@1.0.0-rc.17
1962 silly packumentCache full:https://registry.npmjs.org/@rolldown%2fbinding-darwin-arm64 cache-miss
1963 http fetch GET 200 https://registry.npmjs.org/@rolldown%2fpluginutils 1349ms (cache revalidated)
1964 silly packumentCache full:https://registry.npmjs.org/@rolldown%2fpluginutils set size:289482 disposed:false
1965 silly fetch manifest @rolldown/binding-linux-arm64-musl@1.0.0-rc.17
1966 silly packumentCache full:https://registry.npmjs.org/@rolldown%2fbinding-linux-arm64-musl cache-miss
1967 http fetch GET 200 https://registry.npmjs.org/@oxc-project%2ftypes 6185ms (cache miss)
1968 silly packumentCache full:https://registry.npmjs.org/@oxc-project%2ftypes set size:undefined disposed:false
1969 silly fetch manifest @rolldown/binding-openharmony-arm64@1.0.0-rc.17
1970 silly packumentCache full:https://registry.npmjs.org/@rolldown%2fbinding-openharmony-arm64 cache-miss
1971 http fetch GET 200 https://registry.npmjs.org/nanoid 6719ms (cache miss)
1972 silly packumentCache full:https://registry.npmjs.org/nanoid set size:undefined disposed:false
1973 silly fetch manifest @rolldown/binding-win32-arm64-msvc@1.0.0-rc.17
1974 silly packumentCache full:https://registry.npmjs.org/@rolldown%2fbinding-win32-arm64-msvc cache-miss
1975 http fetch GET 200 https://registry.npmjs.org/@rolldown%2fbinding-openharmony-arm64 1306ms (cache miss)
1976 silly packumentCache full:https://registry.npmjs.org/@rolldown%2fbinding-openharmony-arm64 set size:undefined disposed:false
1977 silly fetch manifest @rolldown/binding-android-arm64@1.0.0-rc.17
1978 silly packumentCache full:https://registry.npmjs.org/@rolldown%2fbinding-android-arm64 cache-miss
1979 http fetch GET 200 https://registry.npmjs.org/@rolldown%2fbinding-linux-arm64-gnu 8577ms (cache miss)
1980 silly packumentCache full:https://registry.npmjs.org/@rolldown%2fbinding-linux-arm64-gnu set size:undefined disposed:false
1981 silly fetch manifest @rolldown/binding-wasm32-wasi@1.0.0-rc.17
1982 silly packumentCache full:https://registry.npmjs.org/@rolldown%2fbinding-wasm32-wasi cache-miss
1983 http fetch GET 200 https://registry.npmjs.org/@rolldown%2fbinding-android-arm64 1295ms (cache miss)
1984 silly packumentCache full:https://registry.npmjs.org/@rolldown%2fbinding-android-arm64 set size:undefined disposed:false
1985 silly fetch manifest @rolldown/binding-linux-s390x-gnu@1.0.0-rc.17
1986 silly packumentCache full:https://registry.npmjs.org/@rolldown%2fbinding-linux-s390x-gnu cache-miss
1987 http fetch GET 200 https://registry.npmjs.org/@rolldown%2fbinding-linux-s390x-gnu 477ms (cache miss)
1988 silly packumentCache full:https://registry.npmjs.org/@rolldown%2fbinding-linux-s390x-gnu set size:undefined disposed:false
1989 silly fetch manifest @rolldown/binding-linux-ppc64-gnu@1.0.0-rc.17
1990 silly packumentCache full:https://registry.npmjs.org/@rolldown%2fbinding-linux-ppc64-gnu cache-miss
1991 http fetch GET 200 https://registry.npmjs.org/@rolldown%2fbinding-linux-ppc64-gnu 1231ms (cache miss)
1992 silly packumentCache full:https://registry.npmjs.org/@rolldown%2fbinding-linux-ppc64-gnu set size:undefined disposed:false
1993 silly fetch manifest fdir@^6.5.0
1994 silly packumentCache full:https://registry.npmjs.org/fdir cache-miss
