0 verbose cli C:\Program Files\nodejs\node.exe C:\Program Files\nodejs\node_modules\npm\bin\npm-cli.js
1 info using npm@11.6.2
2 info using node@v24.12.0
3 silly config load:file:C:\Program Files\nodejs\node_modules\npm\npmrc
4 silly config load:file:C:\Users\abdelmezhuid_r\Desktop\GA\Work Projects\Asset-Manager\.npmrc
5 warn Unknown project config "auto-install-peers". This will stop working in the next major version of npm.
6 warn Unknown project config "strict-peer-dependencies". This will stop working in the next major version of npm.
7 silly config load:file:C:\Users\abdelmezhuid_r\.npmrc
8 silly config load:file:C:\Users\abdelmezhuid_r\AppData\Roaming\npm\etc\npmrc
9 verbose title npm install
10 verbose argv "install"
11 verbose logfile logs-max:10 dir:C:\Users\abdelmezhuid_r\Desktop\GA\Work Projects\Asset-Manager\.npm-cache\_logs\2026-04-25T15_36_40_580Z-
12 verbose logfile C:\Users\abdelmezhuid_r\Desktop\GA\Work Projects\Asset-Manager\.npm-cache\_logs\2026-04-25T15_36_40_580Z-debug-0.log
13 silly logfile done cleaning log files
14 http fetch GET https://registry.npmjs.org/npm attempt 1 failed with ECONNREFUSED
15 silly packumentCache heap:4496293888 maxSize:1124073472 maxEntrySize:562036736
16 silly idealTree buildDeps
17 silly fetch manifest typescript@~5.9.2
18 silly packumentCache full:https://registry.npmjs.org/typescript cache-miss
19 silly fetch manifest prettier@^3.8.1
20 silly packumentCache full:https://registry.npmjs.org/prettier cache-miss
21 silly placeDep ROOT @workspace/api-client-react@0.0.0 OK for: asset-manager@0.0.0 want: file:C:\Users\abdelmezhuid_r\Desktop\GA\Work Projects\Asset-Manager\shared\api-client-react
22 silly placeDep ROOT @workspace/api-server@0.0.0 OK for: asset-manager@0.0.0 want: file:C:\Users\abdelmezhuid_r\Desktop\GA\Work Projects\Asset-Manager\backend
23 silly placeDep ROOT @workspace/api-spec@0.0.0 OK for: asset-manager@0.0.0 want: file:C:\Users\abdelmezhuid_r\Desktop\GA\Work Projects\Asset-Manager\shared\api-spec
24 silly placeDep ROOT @workspace/api-zod@0.0.0 OK for: asset-manager@0.0.0 want: file:C:\Users\abdelmezhuid_r\Desktop\GA\Work Projects\Asset-Manager\shared\api-zod
25 silly placeDep ROOT @workspace/db@0.0.0 OK for: asset-manager@0.0.0 want: file:C:\Users\abdelmezhuid_r\Desktop\GA\Work Projects\Asset-Manager\shared\db
26 silly placeDep ROOT @workspace/showroom@0.0.0 OK for: asset-manager@0.0.0 want: file:C:\Users\abdelmezhuid_r\Desktop\GA\Work Projects\Asset-Manager\frontend
27 silly placeDep ROOT prettier@ OK for: asset-manager@0.0.0 want: ^3.8.1
28 silly placeDep ROOT typescript@ OK for: asset-manager@0.0.0 want: ~5.9.2
29 silly fetch manifest @replit/vite-plugin-cartographer@latest
30 silly packumentCache full:https://registry.npmjs.org/@replit%2fvite-plugin-cartographer cache-miss
31 silly fetch manifest @replit/vite-plugin-dev-banner@latest
32 silly packumentCache full:https://registry.npmjs.org/@replit%2fvite-plugin-dev-banner cache-miss
33 silly fetch manifest @replit/vite-plugin-runtime-error-modal@latest
34 silly packumentCache full:https://registry.npmjs.org/@replit%2fvite-plugin-runtime-error-modal cache-miss
35 silly fetch manifest @tailwindcss/vite@latest
36 silly packumentCache full:https://registry.npmjs.org/@tailwindcss%2fvite cache-miss
37 silly fetch manifest @tanstack/react-query@latest
38 silly packumentCache full:https://registry.npmjs.org/@tanstack%2freact-query cache-miss
39 silly fetch manifest @types/node@latest
40 silly packumentCache full:https://registry.npmjs.org/@types%2fnode cache-miss
41 silly fetch manifest @types/react@latest
42 silly packumentCache full:https://registry.npmjs.org/@types%2freact cache-miss
43 silly fetch manifest @types/react-dom@latest
44 silly packumentCache full:https://registry.npmjs.org/@types%2freact-dom cache-miss
45 silly fetch manifest @vitejs/plugin-react@latest
46 silly packumentCache full:https://registry.npmjs.org/@vitejs%2fplugin-react cache-miss
47 silly fetch manifest class-variance-authority@latest
48 silly packumentCache full:https://registry.npmjs.org/class-variance-authority cache-miss
49 silly fetch manifest clsx@latest
50 silly packumentCache full:https://registry.npmjs.org/clsx cache-miss
51 silly fetch manifest framer-motion@latest
52 silly packumentCache full:https://registry.npmjs.org/framer-motion cache-miss
53 silly fetch manifest react@latest
54 silly packumentCache full:https://registry.npmjs.org/react cache-miss
55 silly fetch manifest react-dom@latest
56 silly packumentCache full:https://registry.npmjs.org/react-dom cache-miss
57 silly fetch manifest tailwind-merge@latest
58 silly packumentCache full:https://registry.npmjs.org/tailwind-merge cache-miss
59 silly fetch manifest tailwindcss@latest
60 silly packumentCache full:https://registry.npmjs.org/tailwindcss cache-miss
61 silly fetch manifest vite@latest
62 silly packumentCache full:https://registry.npmjs.org/vite cache-miss
63 silly fetch manifest zod@latest
64 silly packumentCache full:https://registry.npmjs.org/zod cache-miss
65 silly placeDep frontend @replit/vite-plugin-cartographer@ REPLACE for: @workspace/showroom@0.0.0 want: latest
66 silly placeDep frontend @replit/vite-plugin-dev-banner@ REPLACE for: @workspace/showroom@0.0.0 want: latest
67 silly placeDep frontend @replit/vite-plugin-runtime-error-modal@ REPLACE for: @workspace/showroom@0.0.0 want: latest
68 silly placeDep frontend @tailwindcss/vite@ REPLACE for: @workspace/showroom@0.0.0 want: latest
69 silly placeDep frontend @tanstack/react-query@ REPLACE for: @workspace/showroom@0.0.0 want: latest
70 silly placeDep frontend @types/node@ REPLACE for: @workspace/showroom@0.0.0 want: latest
71 silly placeDep frontend @types/react@ REPLACE for: @workspace/showroom@0.0.0 want: latest
72 warn ERESOLVE overriding peer dependency {
72 warn ERESOLVE   code: 'ERESOLVE',
72 warn ERESOLVE   edge: {
72 warn ERESOLVE     type: 'peer',
72 warn ERESOLVE     name: '@types/react',
72 warn ERESOLVE     spec: '^19.2.0',
72 warn ERESOLVE     from: {
72 warn ERESOLVE       name: '@types/react-dom',
72 warn ERESOLVE       version: '19.2.3',
72 warn ERESOLVE       location: 'frontend/node_modules/@types/react-dom',
72 warn ERESOLVE       isWorkspace: false,
72 warn ERESOLVE       dependents: [Array]
72 warn ERESOLVE     }
72 warn ERESOLVE   },
72 warn ERESOLVE   dep: {
72 warn ERESOLVE     name: '@types/react',
72 warn ERESOLVE     version: undefined,
72 warn ERESOLVE     errors: [ [NotCachedError] ],
72 warn ERESOLVE     package: {},
72 warn ERESOLVE     whileInstalling: {
72 warn ERESOLVE       name: '@workspace/showroom',
72 warn ERESOLVE       version: '0.0.0',
72 warn ERESOLVE       path: 'C:\\Users\\abdelmezhuid_r\\Desktop\\GA\\Work Projects\\Asset-Manager\\frontend'
72 warn ERESOLVE     },
72 warn ERESOLVE     location: 'node_modules/@types/react',
72 warn ERESOLVE     isWorkspace: false,
72 warn ERESOLVE     dependents: [ [Object] ]
72 warn ERESOLVE   },
72 warn ERESOLVE   force: false,
72 warn ERESOLVE   isMine: true,
72 warn ERESOLVE   strictPeerDeps: false,
72 warn ERESOLVE   current: {
72 warn ERESOLVE     name: '@types/react',
72 warn ERESOLVE     version: '19.2.14',
72 warn ERESOLVE     location: 'frontend/node_modules/@types/react',
72 warn ERESOLVE     isWorkspace: false,
72 warn ERESOLVE     dependents: [
72 warn ERESOLVE       [Object], [Object], [Object], [Object], [Object],
72 warn ERESOLVE       [Object], [Object], [Object], [Object], [Object],
72 warn ERESOLVE       [Object], [Object], [Object], [Object], [Object],
72 warn ERESOLVE       [Object], [Object], [Object], [Object], [Object],
72 warn ERESOLVE       [Object], [Object], [Object], [Object], [Object],
72 warn ERESOLVE       [Object], [Object], [Object], [Object], [Object],
72 warn ERESOLVE       [Object], [Object], [Object], [Object], [Object],
72 warn ERESOLVE       [Object], [Object], [Object], [Object], [Object],
72 warn ERESOLVE       [Object], [Object], [Object], [Object], [Object],
72 warn ERESOLVE       [Object], [Object], [Object], [Object], [Object],
72 warn ERESOLVE       [Object], [Object], [Object], [Object], [Object],
72 warn ERESOLVE       [Object], [Object], [Object], [Object], [Object],
72 warn ERESOLVE       [Object], [Object], [Object], [Object], [Object],
72 warn ERESOLVE       [Object], [Object], [Object], [Object], [Object],
72 warn ERESOLVE       [Object], [Object], [Object]
72 warn ERESOLVE     ]
72 warn ERESOLVE   }
72 warn ERESOLVE }
73 warn ERESOLVE overriding peer dependency {
73 warn ERESOLVE   code: 'ERESOLVE',
73 warn ERESOLVE   edge: {
73 warn ERESOLVE     type: 'peer',
73 warn ERESOLVE     name: '@types/react',
73 warn ERESOLVE     spec: '^19.2.0',
73 warn ERESOLVE     from: {
73 warn ERESOLVE       name: '@types/react-dom',
73 warn ERESOLVE       version: '19.2.3',
73 warn ERESOLVE       location: 'frontend/node_modules/@types/react-dom',
73 warn ERESOLVE       isWorkspace: false,
73 warn ERESOLVE       dependents: [Array]
73 warn ERESOLVE     }
73 warn ERESOLVE   },
73 warn ERESOLVE   dep: {
73 warn ERESOLVE     name: '@types/react',
73 warn ERESOLVE     version: undefined,
73 warn ERESOLVE     errors: [ [NotCachedError] ],
73 warn ERESOLVE     package: {},
73 warn ERESOLVE     whileInstalling: {
73 warn ERESOLVE       name: '@workspace/showroom',
73 warn ERESOLVE       version: '0.0.0',
73 warn ERESOLVE       path: 'C:\\Users\\abdelmezhuid_r\\Desktop\\GA\\Work Projects\\Asset-Manager\\frontend'
73 warn ERESOLVE     },
73 warn ERESOLVE     location: 'node_modules/@types/react',
73 warn ERESOLVE     isWorkspace: false,
73 warn ERESOLVE     dependents: [ [Object] ]
73 warn ERESOLVE   },
73 warn ERESOLVE   force: false,
73 warn ERESOLVE   isMine: true,
73 warn ERESOLVE   strictPeerDeps: false,
73 warn ERESOLVE   current: {
73 warn ERESOLVE     name: '@types/react',
73 warn ERESOLVE     version: '19.2.14',
73 warn ERESOLVE     location: 'frontend/node_modules/@types/react',
73 warn ERESOLVE     isWorkspace: false,
73 warn ERESOLVE     dependents: [
73 warn ERESOLVE       [Object], [Object], [Object], [Object], [Object],
73 warn ERESOLVE       [Object], [Object], [Object], [Object], [Object],
73 warn ERESOLVE       [Object], [Object], [Object], [Object], [Object],
73 warn ERESOLVE       [Object], [Object], [Object], [Object], [Object],
73 warn ERESOLVE       [Object], [Object], [Object], [Object], [Object],
73 warn ERESOLVE       [Object], [Object], [Object], [Object], [Object],
73 warn ERESOLVE       [Object], [Object], [Object], [Object], [Object],
73 warn ERESOLVE       [Object], [Object], [Object], [Object], [Object],
73 warn ERESOLVE       [Object], [Object], [Object], [Object], [Object],
73 warn ERESOLVE       [Object], [Object], [Object], [Object], [Object],
73 warn ERESOLVE       [Object], [Object], [Object], [Object], [Object],
73 warn ERESOLVE       [Object], [Object], [Object], [Object], [Object],
73 warn ERESOLVE       [Object], [Object], [Object], [Object], [Object],
73 warn ERESOLVE       [Object], [Object], [Object], [Object], [Object],
73 warn ERESOLVE       [Object], [Object], [Object]
73 warn ERESOLVE     ]
73 warn ERESOLVE   }
73 warn ERESOLVE }
74 warn ERESOLVE overriding peer dependency {
74 warn ERESOLVE   code: 'ERESOLVE',
74 warn ERESOLVE   edge: {
74 warn ERESOLVE     type: 'peer',
74 warn ERESOLVE     name: '@types/react',
74 warn ERESOLVE     spec: '^19.2.0',
74 warn ERESOLVE     from: {
74 warn ERESOLVE       name: '@types/react-dom',
74 warn ERESOLVE       version: '19.2.3',
74 warn ERESOLVE       location: 'frontend/node_modules/@types/react-dom',
74 warn ERESOLVE       isWorkspace: false,
74 warn ERESOLVE       dependents: [Array]
74 warn ERESOLVE     }
74 warn ERESOLVE   },
74 warn ERESOLVE   dep: {
74 warn ERESOLVE     name: '@types/react',
74 warn ERESOLVE     version: undefined,
74 warn ERESOLVE     errors: [ [NotCachedError] ],
74 warn ERESOLVE     package: {},
74 warn ERESOLVE     whileInstalling: {
74 warn ERESOLVE       name: '@workspace/showroom',
74 warn ERESOLVE       version: '0.0.0',
74 warn ERESOLVE       path: 'C:\\Users\\abdelmezhuid_r\\Desktop\\GA\\Work Projects\\Asset-Manager\\frontend'
74 warn ERESOLVE     },
74 warn ERESOLVE     location: 'node_modules/@types/react',
74 warn ERESOLVE     isWorkspace: false,
74 warn ERESOLVE     dependents: [ [Object] ]
74 warn ERESOLVE   },
74 warn ERESOLVE   force: false,
74 warn ERESOLVE   isMine: true,
74 warn ERESOLVE   strictPeerDeps: false,
74 warn ERESOLVE   current: {
74 warn ERESOLVE     name: '@types/react',
74 warn ERESOLVE     version: '19.2.14',
74 warn ERESOLVE     location: 'frontend/node_modules/@types/react',
74 warn ERESOLVE     isWorkspace: false,
74 warn ERESOLVE     dependents: [
74 warn ERESOLVE       [Object], [Object], [Object], [Object], [Object],
74 warn ERESOLVE       [Object], [Object], [Object], [Object], [Object],
74 warn ERESOLVE       [Object], [Object], [Object], [Object], [Object],
74 warn ERESOLVE       [Object], [Object], [Object], [Object], [Object],
74 warn ERESOLVE       [Object], [Object], [Object], [Object], [Object],
74 warn ERESOLVE       [Object], [Object], [Object], [Object], [Object],
74 warn ERESOLVE       [Object], [Object], [Object], [Object], [Object],
74 warn ERESOLVE       [Object], [Object], [Object], [Object], [Object],
74 warn ERESOLVE       [Object], [Object], [Object], [Object], [Object],
74 warn ERESOLVE       [Object], [Object], [Object], [Object], [Object],
74 warn ERESOLVE       [Object], [Object], [Object], [Object], [Object],
74 warn ERESOLVE       [Object], [Object], [Object], [Object], [Object],
74 warn ERESOLVE       [Object], [Object], [Object], [Object], [Object],
74 warn ERESOLVE       [Object], [Object], [Object], [Object], [Object],
74 warn ERESOLVE       [Object], [Object], [Object]
74 warn ERESOLVE     ]
74 warn ERESOLVE   }
74 warn ERESOLVE }
75 warn ERESOLVE overriding peer dependency {
75 warn ERESOLVE   code: 'ERESOLVE',
75 warn ERESOLVE   edge: {
75 warn ERESOLVE     type: 'peer',
75 warn ERESOLVE     name: '@types/react',
75 warn ERESOLVE     spec: '^19.2.0',
75 warn ERESOLVE     from: {
75 warn ERESOLVE       name: '@types/react-dom',
75 warn ERESOLVE       version: '19.2.3',
75 warn ERESOLVE       location: 'frontend/node_modules/@types/react-dom',
75 warn ERESOLVE       isWorkspace: false,
75 warn ERESOLVE       dependents: [Array]
75 warn ERESOLVE     }
75 warn ERESOLVE   },
75 warn ERESOLVE   dep: {
75 warn ERESOLVE     name: '@types/react',
75 warn ERESOLVE     version: undefined,
75 warn ERESOLVE     errors: [ [NotCachedError] ],
75 warn ERESOLVE     package: {},
75 warn ERESOLVE     whileInstalling: {
75 warn ERESOLVE       name: '@workspace/showroom',
75 warn ERESOLVE       version: '0.0.0',
75 warn ERESOLVE       path: 'C:\\Users\\abdelmezhuid_r\\Desktop\\GA\\Work Projects\\Asset-Manager\\frontend'
75 warn ERESOLVE     },
75 warn ERESOLVE     location: 'node_modules/@types/react',
75 warn ERESOLVE     isWorkspace: false,
75 warn ERESOLVE     dependents: [ [Object] ]
75 warn ERESOLVE   },
75 warn ERESOLVE   force: false,
75 warn ERESOLVE   isMine: true,
75 warn ERESOLVE   strictPeerDeps: false,
75 warn ERESOLVE   current: {
75 warn ERESOLVE     name: '@types/react',
75 warn ERESOLVE     version: '19.2.14',
75 warn ERESOLVE     location: 'frontend/node_modules/@types/react',
75 warn ERESOLVE     isWorkspace: false,
75 warn ERESOLVE     dependents: [
75 warn ERESOLVE       [Object], [Object], [Object], [Object], [Object],
75 warn ERESOLVE       [Object], [Object], [Object], [Object], [Object],
75 warn ERESOLVE       [Object], [Object], [Object], [Object], [Object],
75 warn ERESOLVE       [Object], [Object], [Object], [Object], [Object],
75 warn ERESOLVE       [Object], [Object], [Object], [Object], [Object],
75 warn ERESOLVE       [Object], [Object], [Object], [Object], [Object],
75 warn ERESOLVE       [Object], [Object], [Object], [Object], [Object],
75 warn ERESOLVE       [Object], [Object], [Object], [Object], [Object],
75 warn ERESOLVE       [Object], [Object], [Object], [Object], [Object],
75 warn ERESOLVE       [Object], [Object], [Object], [Object], [Object],
75 warn ERESOLVE       [Object], [Object], [Object], [Object], [Object],
75 warn ERESOLVE       [Object], [Object], [Object], [Object], [Object],
75 warn ERESOLVE       [Object], [Object], [Object], [Object], [Object],
75 warn ERESOLVE       [Object], [Object], [Object], [Object], [Object],
75 warn ERESOLVE       [Object], [Object], [Object]
75 warn ERESOLVE     ]
75 warn ERESOLVE   }
75 warn ERESOLVE }
76 warn ERESOLVE overriding peer dependency {
76 warn ERESOLVE   code: 'ERESOLVE',
76 warn ERESOLVE   edge: {
76 warn ERESOLVE     type: 'peer',
76 warn ERESOLVE     name: '@types/react',
76 warn ERESOLVE     spec: '^19.2.0',
76 warn ERESOLVE     from: {
76 warn ERESOLVE       name: '@types/react-dom',
76 warn ERESOLVE       version: '19.2.3',
76 warn ERESOLVE       location: 'frontend/node_modules/@types/react-dom',
76 warn ERESOLVE       isWorkspace: false,
76 warn ERESOLVE       dependents: [Array]
76 warn ERESOLVE     }
76 warn ERESOLVE   },
76 warn ERESOLVE   dep: {
76 warn ERESOLVE     name: '@types/react',
76 warn ERESOLVE     version: undefined,
76 warn ERESOLVE     errors: [ [NotCachedError] ],
76 warn ERESOLVE     package: {},
76 warn ERESOLVE     whileInstalling: {
76 warn ERESOLVE       name: '@workspace/showroom',
76 warn ERESOLVE       version: '0.0.0',
76 warn ERESOLVE       path: 'C:\\Users\\abdelmezhuid_r\\Desktop\\GA\\Work Projects\\Asset-Manager\\frontend'
76 warn ERESOLVE     },
76 warn ERESOLVE     location: 'node_modules/@types/react',
76 warn ERESOLVE     isWorkspace: false,
76 warn ERESOLVE     dependents: [ [Object] ]
76 warn ERESOLVE   },
76 warn ERESOLVE   force: false,
76 warn ERESOLVE   isMine: true,
76 warn ERESOLVE   strictPeerDeps: false,
76 warn ERESOLVE   current: {
76 warn ERESOLVE     name: '@types/react',
76 warn ERESOLVE     version: '19.2.14',
76 warn ERESOLVE     location: 'frontend/node_modules/@types/react',
76 warn ERESOLVE     isWorkspace: false,
76 warn ERESOLVE     dependents: [
76 warn ERESOLVE       [Object], [Object], [Object], [Object], [Object],
76 warn ERESOLVE       [Object], [Object], [Object], [Object], [Object],
76 warn ERESOLVE       [Object], [Object], [Object], [Object], [Object],
76 warn ERESOLVE       [Object], [Object], [Object], [Object], [Object],
76 warn ERESOLVE       [Object], [Object], [Object], [Object], [Object],
76 warn ERESOLVE       [Object], [Object], [Object], [Object], [Object],
76 warn ERESOLVE       [Object], [Object], [Object], [Object], [Object],
76 warn ERESOLVE       [Object], [Object], [Object], [Object], [Object],
76 warn ERESOLVE       [Object], [Object], [Object], [Object], [Object],
76 warn ERESOLVE       [Object], [Object], [Object], [Object], [Object],
76 warn ERESOLVE       [Object], [Object], [Object], [Object], [Object],
76 warn ERESOLVE       [Object], [Object], [Object], [Object], [Object],
76 warn ERESOLVE       [Object], [Object], [Object], [Object], [Object],
76 warn ERESOLVE       [Object], [Object], [Object], [Object], [Object],
76 warn ERESOLVE       [Object], [Object], [Object]
76 warn ERESOLVE     ]
76 warn ERESOLVE   }
76 warn ERESOLVE }
77 warn ERESOLVE overriding peer dependency {
77 warn ERESOLVE   code: 'ERESOLVE',
77 warn ERESOLVE   edge: {
77 warn ERESOLVE     type: 'peer',
77 warn ERESOLVE     name: '@types/react',
77 warn ERESOLVE     spec: '^19.2.0',
77 warn ERESOLVE     from: {
77 warn ERESOLVE       name: '@types/react-dom',
77 warn ERESOLVE       version: '19.2.3',
77 warn ERESOLVE       location: 'frontend/node_modules/@types/react-dom',
77 warn ERESOLVE       isWorkspace: false,
77 warn ERESOLVE       dependents: [Array]
77 warn ERESOLVE     }
77 warn ERESOLVE   },
77 warn ERESOLVE   dep: {
77 warn ERESOLVE     name: '@types/react',
77 warn ERESOLVE     version: undefined,
77 warn ERESOLVE     errors: [ [NotCachedError] ],
77 warn ERESOLVE     package: {},
77 warn ERESOLVE     whileInstalling: {
77 warn ERESOLVE       name: '@workspace/showroom',
77 warn ERESOLVE       version: '0.0.0',
77 warn ERESOLVE       path: 'C:\\Users\\abdelmezhuid_r\\Desktop\\GA\\Work Projects\\Asset-Manager\\frontend'
77 warn ERESOLVE     },
77 warn ERESOLVE     location: 'node_modules/@types/react',
77 warn ERESOLVE     isWorkspace: false,
77 warn ERESOLVE     dependents: [ [Object] ]
77 warn ERESOLVE   },
77 warn ERESOLVE   force: false,
77 warn ERESOLVE   isMine: true,
77 warn ERESOLVE   strictPeerDeps: false,
77 warn ERESOLVE   current: {
77 warn ERESOLVE     name: '@types/react',
77 warn ERESOLVE     version: '19.2.14',
77 warn ERESOLVE     location: 'frontend/node_modules/@types/react',
77 warn ERESOLVE     isWorkspace: false,
77 warn ERESOLVE     dependents: [
77 warn ERESOLVE       [Object], [Object], [Object], [Object], [Object],
77 warn ERESOLVE       [Object], [Object], [Object], [Object], [Object],
77 warn ERESOLVE       [Object], [Object], [Object], [Object], [Object],
77 warn ERESOLVE       [Object], [Object], [Object], [Object], [Object],
77 warn ERESOLVE       [Object], [Object], [Object], [Object], [Object],
77 warn ERESOLVE       [Object], [Object], [Object], [Object], [Object],
77 warn ERESOLVE       [Object], [Object], [Object], [Object], [Object],
77 warn ERESOLVE       [Object], [Object], [Object], [Object], [Object],
77 warn ERESOLVE       [Object], [Object], [Object], [Object], [Object],
77 warn ERESOLVE       [Object], [Object], [Object], [Object], [Object],
77 warn ERESOLVE       [Object], [Object], [Object], [Object], [Object],
77 warn ERESOLVE       [Object], [Object], [Object], [Object], [Object],
77 warn ERESOLVE       [Object], [Object], [Object], [Object], [Object],
77 warn ERESOLVE       [Object], [Object], [Object], [Object], [Object],
77 warn ERESOLVE       [Object], [Object], [Object]
77 warn ERESOLVE     ]
77 warn ERESOLVE   }
77 warn ERESOLVE }
78 warn ERESOLVE overriding peer dependency {
78 warn ERESOLVE   code: 'ERESOLVE',
78 warn ERESOLVE   edge: {
78 warn ERESOLVE     type: 'peer',
78 warn ERESOLVE     name: '@types/react',
78 warn ERESOLVE     spec: '^19.2.0',
78 warn ERESOLVE     from: {
78 warn ERESOLVE       name: '@types/react-dom',
78 warn ERESOLVE       version: '19.2.3',
78 warn ERESOLVE       location: 'frontend/node_modules/@types/react-dom',
78 warn ERESOLVE       isWorkspace: false,
78 warn ERESOLVE       dependents: [Array]
78 warn ERESOLVE     }
78 warn ERESOLVE   },
78 warn ERESOLVE   dep: {
78 warn ERESOLVE     name: '@types/react',
78 warn ERESOLVE     version: undefined,
78 warn ERESOLVE     errors: [ [NotCachedError] ],
78 warn ERESOLVE     package: {},
78 warn ERESOLVE     whileInstalling: {
78 warn ERESOLVE       name: '@workspace/showroom',
78 warn ERESOLVE       version: '0.0.0',
78 warn ERESOLVE       path: 'C:\\Users\\abdelmezhuid_r\\Desktop\\GA\\Work Projects\\Asset-Manager\\frontend'
78 warn ERESOLVE     },
78 warn ERESOLVE     location: 'node_modules/@types/react',
78 warn ERESOLVE     isWorkspace: false,
78 warn ERESOLVE     dependents: [ [Object] ]
78 warn ERESOLVE   },
78 warn ERESOLVE   force: false,
78 warn ERESOLVE   isMine: true,
78 warn ERESOLVE   strictPeerDeps: false,
78 warn ERESOLVE   current: {
78 warn ERESOLVE     name: '@types/react',
78 warn ERESOLVE     version: '19.2.14',
78 warn ERESOLVE     location: 'frontend/node_modules/@types/react',
78 warn ERESOLVE     isWorkspace: false,
78 warn ERESOLVE     dependents: [
78 warn ERESOLVE       [Object], [Object], [Object], [Object], [Object],
78 warn ERESOLVE       [Object], [Object], [Object], [Object], [Object],
78 warn ERESOLVE       [Object], [Object], [Object], [Object], [Object],
78 warn ERESOLVE       [Object], [Object], [Object], [Object], [Object],
78 warn ERESOLVE       [Object], [Object], [Object], [Object], [Object],
78 warn ERESOLVE       [Object], [Object], [Object], [Object], [Object],
78 warn ERESOLVE       [Object], [Object], [Object], [Object], [Object],
78 warn ERESOLVE       [Object], [Object], [Object], [Object], [Object],
78 warn ERESOLVE       [Object], [Object], [Object], [Object], [Object],
78 warn ERESOLVE       [Object], [Object], [Object], [Object], [Object],
78 warn ERESOLVE       [Object], [Object], [Object], [Object], [Object],
78 warn ERESOLVE       [Object], [Object], [Object], [Object], [Object],
78 warn ERESOLVE       [Object], [Object], [Object], [Object], [Object],
78 warn ERESOLVE       [Object], [Object], [Object], [Object], [Object],
78 warn ERESOLVE       [Object], [Object], [Object]
78 warn ERESOLVE     ]
78 warn ERESOLVE   }
78 warn ERESOLVE }
79 warn ERESOLVE overriding peer dependency {
79 warn ERESOLVE   code: 'ERESOLVE',
79 warn ERESOLVE   edge: {
79 warn ERESOLVE     type: 'peer',
79 warn ERESOLVE     name: '@types/react',
79 warn ERESOLVE     spec: '^19.2.0',
79 warn ERESOLVE     from: {
79 warn ERESOLVE       name: '@types/react-dom',
79 warn ERESOLVE       version: '19.2.3',
79 warn ERESOLVE       location: 'frontend/node_modules/@types/react-dom',
79 warn ERESOLVE       isWorkspace: false,
79 warn ERESOLVE       dependents: [Array]
79 warn ERESOLVE     }
79 warn ERESOLVE   },
79 warn ERESOLVE   dep: {
79 warn ERESOLVE     name: '@types/react',
79 warn ERESOLVE     version: undefined,
79 warn ERESOLVE     errors: [ [NotCachedError] ],
79 warn ERESOLVE     package: {},
79 warn ERESOLVE     whileInstalling: {
79 warn ERESOLVE       name: '@workspace/showroom',
79 warn ERESOLVE       version: '0.0.0',
79 warn ERESOLVE       path: 'C:\\Users\\abdelmezhuid_r\\Desktop\\GA\\Work Projects\\Asset-Manager\\frontend'
79 warn ERESOLVE     },
79 warn ERESOLVE     location: 'node_modules/@types/react',
79 warn ERESOLVE     isWorkspace: false,
79 warn ERESOLVE     dependents: [ [Object] ]
79 warn ERESOLVE   },
79 warn ERESOLVE   force: false,
79 warn ERESOLVE   isMine: true,
79 warn ERESOLVE   strictPeerDeps: false,
79 warn ERESOLVE   current: {
79 warn ERESOLVE     name: '@types/react',
79 warn ERESOLVE     version: '19.2.14',
79 warn ERESOLVE     location: 'frontend/node_modules/@types/react',
79 warn ERESOLVE     isWorkspace: false,
79 warn ERESOLVE     dependents: [
79 warn ERESOLVE       [Object], [Object], [Object], [Object], [Object],
79 warn ERESOLVE       [Object], [Object], [Object], [Object], [Object],
79 warn ERESOLVE       [Object], [Object], [Object], [Object], [Object],
79 warn ERESOLVE       [Object], [Object], [Object], [Object], [Object],
79 warn ERESOLVE       [Object], [Object], [Object], [Object], [Object],
79 warn ERESOLVE       [Object], [Object], [Object], [Object], [Object],
79 warn ERESOLVE       [Object], [Object], [Object], [Object], [Object],
79 warn ERESOLVE       [Object], [Object], [Object], [Object], [Object],
79 warn ERESOLVE       [Object], [Object], [Object], [Object], [Object],
79 warn ERESOLVE       [Object], [Object], [Object], [Object], [Object],
79 warn ERESOLVE       [Object], [Object], [Object], [Object], [Object],
79 warn ERESOLVE       [Object], [Object], [Object], [Object], [Object],
79 warn ERESOLVE       [Object], [Object], [Object], [Object], [Object],
79 warn ERESOLVE       [Object], [Object], [Object], [Object], [Object],
79 warn ERESOLVE       [Object], [Object], [Object]
79 warn ERESOLVE     ]
79 warn ERESOLVE   }
79 warn ERESOLVE }
80 warn ERESOLVE overriding peer dependency {
80 warn ERESOLVE   code: 'ERESOLVE',
80 warn ERESOLVE   edge: {
80 warn ERESOLVE     type: 'peer',
80 warn ERESOLVE     name: '@types/react',
80 warn ERESOLVE     spec: '^19.2.0',
80 warn ERESOLVE     from: {
80 warn ERESOLVE       name: '@types/react-dom',
80 warn ERESOLVE       version: '19.2.3',
80 warn ERESOLVE       location: 'frontend/node_modules/@types/react-dom',
80 warn ERESOLVE       isWorkspace: false,
80 warn ERESOLVE       dependents: [Array]
80 warn ERESOLVE     }
80 warn ERESOLVE   },
80 warn ERESOLVE   dep: {
80 warn ERESOLVE     name: '@types/react',
80 warn ERESOLVE     version: undefined,
80 warn ERESOLVE     errors: [ [NotCachedError] ],
80 warn ERESOLVE     package: {},
80 warn ERESOLVE     whileInstalling: {
80 warn ERESOLVE       name: '@workspace/showroom',
80 warn ERESOLVE       version: '0.0.0',
80 warn ERESOLVE       path: 'C:\\Users\\abdelmezhuid_r\\Desktop\\GA\\Work Projects\\Asset-Manager\\frontend'
80 warn ERESOLVE     },
80 warn ERESOLVE     location: 'node_modules/@types/react',
80 warn ERESOLVE     isWorkspace: false,
80 warn ERESOLVE     dependents: [ [Object] ]
80 warn ERESOLVE   },
80 warn ERESOLVE   force: false,
80 warn ERESOLVE   isMine: true,
80 warn ERESOLVE   strictPeerDeps: false,
80 warn ERESOLVE   current: {
80 warn ERESOLVE     name: '@types/react',
80 warn ERESOLVE     version: '19.2.14',
80 warn ERESOLVE     location: 'frontend/node_modules/@types/react',
80 warn ERESOLVE     isWorkspace: false,
80 warn ERESOLVE     dependents: [
80 warn ERESOLVE       [Object], [Object], [Object], [Object], [Object],
80 warn ERESOLVE       [Object], [Object], [Object], [Object], [Object],
80 warn ERESOLVE       [Object], [Object], [Object], [Object], [Object],
80 warn ERESOLVE       [Object], [Object], [Object], [Object], [Object],
80 warn ERESOLVE       [Object], [Object], [Object], [Object], [Object],
80 warn ERESOLVE       [Object], [Object], [Object], [Object], [Object],
80 warn ERESOLVE       [Object], [Object], [Object], [Object], [Object],
80 warn ERESOLVE       [Object], [Object], [Object], [Object], [Object],
80 warn ERESOLVE       [Object], [Object], [Object], [Object], [Object],
80 warn ERESOLVE       [Object], [Object], [Object], [Object], [Object],
80 warn ERESOLVE       [Object], [Object], [Object], [Object], [Object],
80 warn ERESOLVE       [Object], [Object], [Object], [Object], [Object],
80 warn ERESOLVE       [Object], [Object], [Object], [Object], [Object],
80 warn ERESOLVE       [Object], [Object], [Object], [Object], [Object],
80 warn ERESOLVE       [Object], [Object], [Object]
80 warn ERESOLVE     ]
80 warn ERESOLVE   }
80 warn ERESOLVE }
81 warn ERESOLVE overriding peer dependency {
81 warn ERESOLVE   code: 'ERESOLVE',
81 warn ERESOLVE   edge: {
81 warn ERESOLVE     type: 'peer',
81 warn ERESOLVE     name: '@types/react',
81 warn ERESOLVE     spec: '^19.2.0',
81 warn ERESOLVE     from: {
81 warn ERESOLVE       name: '@types/react-dom',
81 warn ERESOLVE       version: '19.2.3',
81 warn ERESOLVE       location: 'frontend/node_modules/@types/react-dom',
81 warn ERESOLVE       isWorkspace: false,
81 warn ERESOLVE       dependents: [Array]
81 warn ERESOLVE     }
81 warn ERESOLVE   },
81 warn ERESOLVE   dep: {
81 warn ERESOLVE     name: '@types/react',
81 warn ERESOLVE     version: undefined,
81 warn ERESOLVE     errors: [ [NotCachedError] ],
81 warn ERESOLVE     package: {},
81 warn ERESOLVE     whileInstalling: {
81 warn ERESOLVE       name: '@workspace/showroom',
81 warn ERESOLVE       version: '0.0.0',
81 warn ERESOLVE       path: 'C:\\Users\\abdelmezhuid_r\\Desktop\\GA\\Work Projects\\Asset-Manager\\frontend'
81 warn ERESOLVE     },
81 warn ERESOLVE     location: 'node_modules/@types/react',
81 warn ERESOLVE     isWorkspace: false,
81 warn ERESOLVE     dependents: [ [Object] ]
81 warn ERESOLVE   },
81 warn ERESOLVE   force: false,
81 warn ERESOLVE   isMine: true,
81 warn ERESOLVE   strictPeerDeps: false,
81 warn ERESOLVE   current: {
81 warn ERESOLVE     name: '@types/react',
81 warn ERESOLVE     version: '19.2.14',
81 warn ERESOLVE     location: 'frontend/node_modules/@types/react',
81 warn ERESOLVE     isWorkspace: false,
81 warn ERESOLVE     dependents: [
81 warn ERESOLVE       [Object], [Object], [Object], [Object], [Object],
81 warn ERESOLVE       [Object], [Object], [Object], [Object], [Object],
81 warn ERESOLVE       [Object], [Object], [Object], [Object], [Object],
81 warn ERESOLVE       [Object], [Object], [Object], [Object], [Object],
81 warn ERESOLVE       [Object], [Object], [Object], [Object], [Object],
81 warn ERESOLVE       [Object], [Object], [Object], [Object], [Object],
81 warn ERESOLVE       [Object], [Object], [Object], [Object], [Object],
81 warn ERESOLVE       [Object], [Object], [Object], [Object], [Object],
81 warn ERESOLVE       [Object], [Object], [Object], [Object], [Object],
81 warn ERESOLVE       [Object], [Object], [Object], [Object], [Object],
81 warn ERESOLVE       [Object], [Object], [Object], [Object], [Object],
81 warn ERESOLVE       [Object], [Object], [Object], [Object], [Object],
81 warn ERESOLVE       [Object], [Object], [Object], [Object], [Object],
81 warn ERESOLVE       [Object], [Object], [Object], [Object], [Object],
81 warn ERESOLVE       [Object], [Object], [Object]
81 warn ERESOLVE     ]
81 warn ERESOLVE   }
81 warn ERESOLVE }
82 warn ERESOLVE overriding peer dependency {
82 warn ERESOLVE   code: 'ERESOLVE',
82 warn ERESOLVE   edge: {
82 warn ERESOLVE     type: 'peer',
82 warn ERESOLVE     name: '@types/react',
82 warn ERESOLVE     spec: '^19.2.0',
82 warn ERESOLVE     from: {
82 warn ERESOLVE       name: '@types/react-dom',
82 warn ERESOLVE       version: '19.2.3',
82 warn ERESOLVE       location: 'frontend/node_modules/@types/react-dom',
82 warn ERESOLVE       isWorkspace: false,
82 warn ERESOLVE       dependents: [Array]
82 warn ERESOLVE     }
82 warn ERESOLVE   },
82 warn ERESOLVE   dep: {
82 warn ERESOLVE     name: '@types/react',
82 warn ERESOLVE     version: undefined,
82 warn ERESOLVE     errors: [ [NotCachedError] ],
82 warn ERESOLVE     package: {},
82 warn ERESOLVE     whileInstalling: {
82 warn ERESOLVE       name: '@workspace/showroom',
82 warn ERESOLVE       version: '0.0.0',
82 warn ERESOLVE       path: 'C:\\Users\\abdelmezhuid_r\\Desktop\\GA\\Work Projects\\Asset-Manager\\frontend'
82 warn ERESOLVE     },
82 warn ERESOLVE     location: 'node_modules/@types/react',
82 warn ERESOLVE     isWorkspace: false,
82 warn ERESOLVE     dependents: [ [Object] ]
82 warn ERESOLVE   },
82 warn ERESOLVE   force: false,
82 warn ERESOLVE   isMine: true,
82 warn ERESOLVE   strictPeerDeps: false,
82 warn ERESOLVE   current: {
82 warn ERESOLVE     name: '@types/react',
82 warn ERESOLVE     version: '19.2.14',
82 warn ERESOLVE     location: 'frontend/node_modules/@types/react',
82 warn ERESOLVE     isWorkspace: false,
82 warn ERESOLVE     dependents: [
82 warn ERESOLVE       [Object], [Object], [Object], [Object], [Object],
82 warn ERESOLVE       [Object], [Object], [Object], [Object], [Object],
82 warn ERESOLVE       [Object], [Object], [Object], [Object], [Object],
82 warn ERESOLVE       [Object], [Object], [Object], [Object], [Object],
82 warn ERESOLVE       [Object], [Object], [Object], [Object], [Object],
82 warn ERESOLVE       [Object], [Object], [Object], [Object], [Object],
82 warn ERESOLVE       [Object], [Object], [Object], [Object], [Object],
82 warn ERESOLVE       [Object], [Object], [Object], [Object], [Object],
82 warn ERESOLVE       [Object], [Object], [Object], [Object], [Object],
82 warn ERESOLVE       [Object], [Object], [Object], [Object], [Object],
82 warn ERESOLVE       [Object], [Object], [Object], [Object], [Object],
82 warn ERESOLVE       [Object], [Object], [Object], [Object], [Object],
82 warn ERESOLVE       [Object], [Object], [Object], [Object], [Object],
82 warn ERESOLVE       [Object], [Object], [Object], [Object], [Object],
82 warn ERESOLVE       [Object], [Object], [Object]
82 warn ERESOLVE     ]
82 warn ERESOLVE   }
82 warn ERESOLVE }
83 warn ERESOLVE overriding peer dependency {
83 warn ERESOLVE   code: 'ERESOLVE',
83 warn ERESOLVE   edge: {
83 warn ERESOLVE     type: 'peer',
83 warn ERESOLVE     name: '@types/react',
83 warn ERESOLVE     spec: '^19.2.0',
83 warn ERESOLVE     from: {
83 warn ERESOLVE       name: '@types/react-dom',
83 warn ERESOLVE       version: '19.2.3',
83 warn ERESOLVE       location: 'frontend/node_modules/@types/react-dom',
83 warn ERESOLVE       isWorkspace: false,
83 warn ERESOLVE       dependents: [Array]
83 warn ERESOLVE     }
83 warn ERESOLVE   },
83 warn ERESOLVE   dep: {
83 warn ERESOLVE     name: '@types/react',
83 warn ERESOLVE     version: undefined,
83 warn ERESOLVE     errors: [ [NotCachedError] ],
83 warn ERESOLVE     package: {},
83 warn ERESOLVE     whileInstalling: {
83 warn ERESOLVE       name: '@workspace/showroom',
83 warn ERESOLVE       version: '0.0.0',
83 warn ERESOLVE       path: 'C:\\Users\\abdelmezhuid_r\\Desktop\\GA\\Work Projects\\Asset-Manager\\frontend'
83 warn ERESOLVE     },
83 warn ERESOLVE     location: 'node_modules/@types/react',
83 warn ERESOLVE     isWorkspace: false,
83 warn ERESOLVE     dependents: [ [Object] ]
83 warn ERESOLVE   },
83 warn ERESOLVE   force: false,
83 warn ERESOLVE   isMine: true,
83 warn ERESOLVE   strictPeerDeps: false,
83 warn ERESOLVE   current: {
83 warn ERESOLVE     name: '@types/react',
83 warn ERESOLVE     version: '19.2.14',
83 warn ERESOLVE     location: 'frontend/node_modules/@types/react',
83 warn ERESOLVE     isWorkspace: false,
83 warn ERESOLVE     dependents: [
83 warn ERESOLVE       [Object], [Object], [Object], [Object], [Object],
83 warn ERESOLVE       [Object], [Object], [Object], [Object], [Object],
83 warn ERESOLVE       [Object], [Object], [Object], [Object], [Object],
83 warn ERESOLVE       [Object], [Object], [Object], [Object], [Object],
83 warn ERESOLVE       [Object], [Object], [Object], [Object], [Object],
83 warn ERESOLVE       [Object], [Object], [Object], [Object], [Object],
83 warn ERESOLVE       [Object], [Object], [Object], [Object], [Object],
83 warn ERESOLVE       [Object], [Object], [Object], [Object], [Object],
83 warn ERESOLVE       [Object], [Object], [Object], [Object], [Object],
83 warn ERESOLVE       [Object], [Object], [Object], [Object], [Object],
83 warn ERESOLVE       [Object], [Object], [Object], [Object], [Object],
83 warn ERESOLVE       [Object], [Object], [Object], [Object], [Object],
83 warn ERESOLVE       [Object], [Object], [Object], [Object], [Object],
83 warn ERESOLVE       [Object], [Object], [Object], [Object], [Object],
83 warn ERESOLVE       [Object], [Object], [Object]
83 warn ERESOLVE     ]
83 warn ERESOLVE   }
83 warn ERESOLVE }
84 warn ERESOLVE overriding peer dependency {
84 warn ERESOLVE   code: 'ERESOLVE',
84 warn ERESOLVE   edge: {
84 warn ERESOLVE     type: 'peer',
84 warn ERESOLVE     name: '@types/react',
84 warn ERESOLVE     spec: '^19.2.0',
84 warn ERESOLVE     from: {
84 warn ERESOLVE       name: '@types/react-dom',
84 warn ERESOLVE       version: '19.2.3',
84 warn ERESOLVE       location: 'frontend/node_modules/@types/react-dom',
84 warn ERESOLVE       isWorkspace: false,
84 warn ERESOLVE       dependents: [Array]
84 warn ERESOLVE     }
84 warn ERESOLVE   },
84 warn ERESOLVE   dep: {
84 warn ERESOLVE     name: '@types/react',
84 warn ERESOLVE     version: undefined,
84 warn ERESOLVE     errors: [ [NotCachedError] ],
84 warn ERESOLVE     package: {},
84 warn ERESOLVE     whileInstalling: {
84 warn ERESOLVE       name: '@workspace/showroom',
84 warn ERESOLVE       version: '0.0.0',
84 warn ERESOLVE       path: 'C:\\Users\\abdelmezhuid_r\\Desktop\\GA\\Work Projects\\Asset-Manager\\frontend'
84 warn ERESOLVE     },
84 warn ERESOLVE     location: 'node_modules/@types/react',
84 warn ERESOLVE     isWorkspace: false,
84 warn ERESOLVE     dependents: [ [Object] ]
84 warn ERESOLVE   },
84 warn ERESOLVE   force: false,
84 warn ERESOLVE   isMine: true,
84 warn ERESOLVE   strictPeerDeps: false,
84 warn ERESOLVE   current: {
84 warn ERESOLVE     name: '@types/react',
84 warn ERESOLVE     version: '19.2.14',
84 warn ERESOLVE     location: 'frontend/node_modules/@types/react',
84 warn ERESOLVE     isWorkspace: false,
84 warn ERESOLVE     dependents: [
84 warn ERESOLVE       [Object], [Object], [Object], [Object], [Object],
84 warn ERESOLVE       [Object], [Object], [Object], [Object], [Object],
84 warn ERESOLVE       [Object], [Object], [Object], [Object], [Object],
84 warn ERESOLVE       [Object], [Object], [Object], [Object], [Object],
84 warn ERESOLVE       [Object], [Object], [Object], [Object], [Object],
84 warn ERESOLVE       [Object], [Object], [Object], [Object], [Object],
84 warn ERESOLVE       [Object], [Object], [Object], [Object], [Object],
84 warn ERESOLVE       [Object], [Object], [Object], [Object], [Object],
84 warn ERESOLVE       [Object], [Object], [Object], [Object], [Object],
84 warn ERESOLVE       [Object], [Object], [Object], [Object], [Object],
84 warn ERESOLVE       [Object], [Object], [Object], [Object], [Object],
84 warn ERESOLVE       [Object], [Object], [Object], [Object], [Object],
84 warn ERESOLVE       [Object], [Object], [Object], [Object], [Object],
84 warn ERESOLVE       [Object], [Object], [Object], [Object], [Object],
84 warn ERESOLVE       [Object], [Object], [Object]
84 warn ERESOLVE     ]
84 warn ERESOLVE   }
84 warn ERESOLVE }
85 warn ERESOLVE overriding peer dependency {
85 warn ERESOLVE   code: 'ERESOLVE',
85 warn ERESOLVE   edge: {
85 warn ERESOLVE     type: 'peer',
85 warn ERESOLVE     name: '@types/react',
85 warn ERESOLVE     spec: '^19.2.0',
85 warn ERESOLVE     from: {
85 warn ERESOLVE       name: '@types/react-dom',
85 warn ERESOLVE       version: '19.2.3',
85 warn ERESOLVE       location: 'frontend/node_modules/@types/react-dom',
85 warn ERESOLVE       isWorkspace: false,
85 warn ERESOLVE       dependents: [Array]
85 warn ERESOLVE     }
85 warn ERESOLVE   },
85 warn ERESOLVE   dep: {
85 warn ERESOLVE     name: '@types/react',
85 warn ERESOLVE     version: undefined,
85 warn ERESOLVE     errors: [ [NotCachedError] ],
85 warn ERESOLVE     package: {},
85 warn ERESOLVE     whileInstalling: {
85 warn ERESOLVE       name: '@workspace/showroom',
85 warn ERESOLVE       version: '0.0.0',
85 warn ERESOLVE       path: 'C:\\Users\\abdelmezhuid_r\\Desktop\\GA\\Work Projects\\Asset-Manager\\frontend'
85 warn ERESOLVE     },
85 warn ERESOLVE     location: 'node_modules/@types/react',
85 warn ERESOLVE     isWorkspace: false,
85 warn ERESOLVE     dependents: [ [Object] ]
85 warn ERESOLVE   },
85 warn ERESOLVE   force: false,
85 warn ERESOLVE   isMine: true,
85 warn ERESOLVE   strictPeerDeps: false,
85 warn ERESOLVE   current: {
85 warn ERESOLVE     name: '@types/react',
85 warn ERESOLVE     version: '19.2.14',
85 warn ERESOLVE     location: 'frontend/node_modules/@types/react',
85 warn ERESOLVE     isWorkspace: false,
85 warn ERESOLVE     dependents: [
85 warn ERESOLVE       [Object], [Object], [Object], [Object], [Object],
85 warn ERESOLVE       [Object], [Object], [Object], [Object], [Object],
85 warn ERESOLVE       [Object], [Object], [Object], [Object], [Object],
85 warn ERESOLVE       [Object], [Object], [Object], [Object], [Object],
85 warn ERESOLVE       [Object], [Object], [Object], [Object], [Object],
85 warn ERESOLVE       [Object], [Object], [Object], [Object], [Object],
85 warn ERESOLVE       [Object], [Object], [Object], [Object], [Object],
85 warn ERESOLVE       [Object], [Object], [Object], [Object], [Object],
85 warn ERESOLVE       [Object], [Object], [Object], [Object], [Object],
85 warn ERESOLVE       [Object], [Object], [Object], [Object], [Object],
85 warn ERESOLVE       [Object], [Object], [Object], [Object], [Object],
85 warn ERESOLVE       [Object], [Object], [Object], [Object], [Object],
85 warn ERESOLVE       [Object], [Object], [Object], [Object], [Object],
85 warn ERESOLVE       [Object], [Object], [Object], [Object], [Object],
85 warn ERESOLVE       [Object], [Object], [Object]
85 warn ERESOLVE     ]
85 warn ERESOLVE   }
85 warn ERESOLVE }
86 warn ERESOLVE overriding peer dependency {
86 warn ERESOLVE   code: 'ERESOLVE',
86 warn ERESOLVE   edge: {
86 warn ERESOLVE     type: 'peer',
86 warn ERESOLVE     name: '@types/react',
86 warn ERESOLVE     spec: '^19.2.0',
86 warn ERESOLVE     from: {
86 warn ERESOLVE       name: '@types/react-dom',
86 warn ERESOLVE       version: '19.2.3',
86 warn ERESOLVE       location: 'frontend/node_modules/@types/react-dom',
86 warn ERESOLVE       isWorkspace: false,
86 warn ERESOLVE       dependents: [Array]
86 warn ERESOLVE     }
86 warn ERESOLVE   },
86 warn ERESOLVE   dep: {
86 warn ERESOLVE     name: '@types/react',
86 warn ERESOLVE     version: undefined,
86 warn ERESOLVE     errors: [ [NotCachedError] ],
86 warn ERESOLVE     package: {},
86 warn ERESOLVE     whileInstalling: {
86 warn ERESOLVE       name: '@workspace/showroom',
86 warn ERESOLVE       version: '0.0.0',
86 warn ERESOLVE       path: 'C:\\Users\\abdelmezhuid_r\\Desktop\\GA\\Work Projects\\Asset-Manager\\frontend'
86 warn ERESOLVE     },
86 warn ERESOLVE     location: 'node_modules/@types/react',
86 warn ERESOLVE     isWorkspace: false,
86 warn ERESOLVE     dependents: [ [Object] ]
86 warn ERESOLVE   },
86 warn ERESOLVE   force: false,
86 warn ERESOLVE   isMine: true,
86 warn ERESOLVE   strictPeerDeps: false,
86 warn ERESOLVE   current: {
86 warn ERESOLVE     name: '@types/react',
86 warn ERESOLVE     version: '19.2.14',
86 warn ERESOLVE     location: 'frontend/node_modules/@types/react',
86 warn ERESOLVE     isWorkspace: false,
86 warn ERESOLVE     dependents: [
86 warn ERESOLVE       [Object], [Object], [Object], [Object], [Object],
86 warn ERESOLVE       [Object], [Object], [Object], [Object], [Object],
86 warn ERESOLVE       [Object], [Object], [Object], [Object], [Object],
86 warn ERESOLVE       [Object], [Object], [Object], [Object], [Object],
86 warn ERESOLVE       [Object], [Object], [Object], [Object], [Object],
86 warn ERESOLVE       [Object], [Object], [Object], [Object], [Object],
86 warn ERESOLVE       [Object], [Object], [Object], [Object], [Object],
86 warn ERESOLVE       [Object], [Object], [Object], [Object], [Object],
86 warn ERESOLVE       [Object], [Object], [Object], [Object], [Object],
86 warn ERESOLVE       [Object], [Object], [Object], [Object], [Object],
86 warn ERESOLVE       [Object], [Object], [Object], [Object], [Object],
86 warn ERESOLVE       [Object], [Object], [Object], [Object], [Object],
86 warn ERESOLVE       [Object], [Object], [Object], [Object], [Object],
86 warn ERESOLVE       [Object], [Object], [Object], [Object], [Object],
86 warn ERESOLVE       [Object], [Object], [Object]
86 warn ERESOLVE     ]
86 warn ERESOLVE   }
86 warn ERESOLVE }
87 warn ERESOLVE overriding peer dependency {
87 warn ERESOLVE   code: 'ERESOLVE',
87 warn ERESOLVE   edge: {
87 warn ERESOLVE     type: 'peer',
87 warn ERESOLVE     name: '@types/react',
87 warn ERESOLVE     spec: '^19.2.0',
87 warn ERESOLVE     from: {
87 warn ERESOLVE       name: '@types/react-dom',
87 warn ERESOLVE       version: '19.2.3',
87 warn ERESOLVE       location: 'frontend/node_modules/@types/react-dom',
87 warn ERESOLVE       isWorkspace: false,
87 warn ERESOLVE       dependents: [Array]
87 warn ERESOLVE     }
87 warn ERESOLVE   },
87 warn ERESOLVE   dep: {
87 warn ERESOLVE     name: '@types/react',
87 warn ERESOLVE     version: undefined,
87 warn ERESOLVE     errors: [ [NotCachedError] ],
87 warn ERESOLVE     package: {},
87 warn ERESOLVE     whileInstalling: {
87 warn ERESOLVE       name: '@workspace/showroom',
87 warn ERESOLVE       version: '0.0.0',
87 warn ERESOLVE       path: 'C:\\Users\\abdelmezhuid_r\\Desktop\\GA\\Work Projects\\Asset-Manager\\frontend'
87 warn ERESOLVE     },
87 warn ERESOLVE     location: 'node_modules/@types/react',
87 warn ERESOLVE     isWorkspace: false,
87 warn ERESOLVE     dependents: [ [Object] ]
87 warn ERESOLVE   },
87 warn ERESOLVE   force: false,
87 warn ERESOLVE   isMine: true,
87 warn ERESOLVE   strictPeerDeps: false,
87 warn ERESOLVE   current: {
87 warn ERESOLVE     name: '@types/react',
87 warn ERESOLVE     version: '19.2.14',
87 warn ERESOLVE     location: 'frontend/node_modules/@types/react',
87 warn ERESOLVE     isWorkspace: false,
87 warn ERESOLVE     dependents: [
87 warn ERESOLVE       [Object], [Object], [Object], [Object], [Object],
87 warn ERESOLVE       [Object], [Object], [Object], [Object], [Object],
87 warn ERESOLVE       [Object], [Object], [Object], [Object], [Object],
87 warn ERESOLVE       [Object], [Object], [Object], [Object], [Object],
87 warn ERESOLVE       [Object], [Object], [Object], [Object], [Object],
87 warn ERESOLVE       [Object], [Object], [Object], [Object], [Object],
87 warn ERESOLVE       [Object], [Object], [Object], [Object], [Object],
87 warn ERESOLVE       [Object], [Object], [Object], [Object], [Object],
87 warn ERESOLVE       [Object], [Object], [Object], [Object], [Object],
87 warn ERESOLVE       [Object], [Object], [Object], [Object], [Object],
87 warn ERESOLVE       [Object], [Object], [Object], [Object], [Object],
87 warn ERESOLVE       [Object], [Object], [Object], [Object], [Object],
87 warn ERESOLVE       [Object], [Object], [Object], [Object], [Object],
87 warn ERESOLVE       [Object], [Object], [Object], [Object], [Object],
87 warn ERESOLVE       [Object], [Object], [Object]
87 warn ERESOLVE     ]
87 warn ERESOLVE   }
87 warn ERESOLVE }
88 warn ERESOLVE overriding peer dependency {
88 warn ERESOLVE   code: 'ERESOLVE',
88 warn ERESOLVE   edge: {
88 warn ERESOLVE     type: 'peer',
88 warn ERESOLVE     name: '@types/react',
88 warn ERESOLVE     spec: '^19.2.0',
88 warn ERESOLVE     from: {
88 warn ERESOLVE       name: '@types/react-dom',
88 warn ERESOLVE       version: '19.2.3',
88 warn ERESOLVE       location: 'frontend/node_modules/@types/react-dom',
88 warn ERESOLVE       isWorkspace: false,
88 warn ERESOLVE       dependents: [Array]
88 warn ERESOLVE     }
88 warn ERESOLVE   },
88 warn ERESOLVE   dep: {
88 warn ERESOLVE     name: '@types/react',
88 warn ERESOLVE     version: undefined,
88 warn ERESOLVE     errors: [ [NotCachedError] ],
88 warn ERESOLVE     package: {},
88 warn ERESOLVE     whileInstalling: {
88 warn ERESOLVE       name: '@workspace/showroom',
88 warn ERESOLVE       version: '0.0.0',
88 warn ERESOLVE       path: 'C:\\Users\\abdelmezhuid_r\\Desktop\\GA\\Work Projects\\Asset-Manager\\frontend'
88 warn ERESOLVE     },
88 warn ERESOLVE     location: 'node_modules/@types/react',
88 warn ERESOLVE     isWorkspace: false,
88 warn ERESOLVE     dependents: [ [Object] ]
88 warn ERESOLVE   },
88 warn ERESOLVE   force: false,
88 warn ERESOLVE   isMine: true,
88 warn ERESOLVE   strictPeerDeps: false,
88 warn ERESOLVE   current: {
88 warn ERESOLVE     name: '@types/react',
88 warn ERESOLVE     version: '19.2.14',
88 warn ERESOLVE     location: 'frontend/node_modules/@types/react',
88 warn ERESOLVE     isWorkspace: false,
88 warn ERESOLVE     dependents: [
88 warn ERESOLVE       [Object], [Object], [Object], [Object], [Object],
88 warn ERESOLVE       [Object], [Object], [Object], [Object], [Object],
88 warn ERESOLVE       [Object], [Object], [Object], [Object], [Object],
88 warn ERESOLVE       [Object], [Object], [Object], [Object], [Object],
88 warn ERESOLVE       [Object], [Object], [Object], [Object], [Object],
88 warn ERESOLVE       [Object], [Object], [Object], [Object], [Object],
88 warn ERESOLVE       [Object], [Object], [Object], [Object], [Object],
88 warn ERESOLVE       [Object], [Object], [Object], [Object], [Object],
88 warn ERESOLVE       [Object], [Object], [Object], [Object], [Object],
88 warn ERESOLVE       [Object], [Object], [Object], [Object], [Object],
88 warn ERESOLVE       [Object], [Object], [Object], [Object], [Object],
88 warn ERESOLVE       [Object], [Object], [Object], [Object], [Object],
88 warn ERESOLVE       [Object], [Object], [Object], [Object], [Object],
88 warn ERESOLVE       [Object], [Object], [Object], [Object], [Object],
88 warn ERESOLVE       [Object], [Object], [Object]
88 warn ERESOLVE     ]
88 warn ERESOLVE   }
88 warn ERESOLVE }
89 warn ERESOLVE overriding peer dependency {
89 warn ERESOLVE   code: 'ERESOLVE',
89 warn ERESOLVE   edge: {
89 warn ERESOLVE     type: 'peer',
89 warn ERESOLVE     name: '@types/react',
89 warn ERESOLVE     spec: '^19.2.0',
89 warn ERESOLVE     from: {
89 warn ERESOLVE       name: '@types/react-dom',
89 warn ERESOLVE       version: '19.2.3',
89 warn ERESOLVE       location: 'frontend/node_modules/@types/react-dom',
89 warn ERESOLVE       isWorkspace: false,
89 warn ERESOLVE       dependents: [Array]
89 warn ERESOLVE     }
89 warn ERESOLVE   },
89 warn ERESOLVE   dep: {
89 warn ERESOLVE     name: '@types/react',
89 warn ERESOLVE     version: undefined,
89 warn ERESOLVE     errors: [ [NotCachedError] ],
89 warn ERESOLVE     package: {},
89 warn ERESOLVE     whileInstalling: {
89 warn ERESOLVE       name: '@workspace/showroom',
89 warn ERESOLVE       version: '0.0.0',
89 warn ERESOLVE       path: 'C:\\Users\\abdelmezhuid_r\\Desktop\\GA\\Work Projects\\Asset-Manager\\frontend'
89 warn ERESOLVE     },
89 warn ERESOLVE     location: 'node_modules/@types/react',
89 warn ERESOLVE     isWorkspace: false,
89 warn ERESOLVE     dependents: [ [Object] ]
89 warn ERESOLVE   },
89 warn ERESOLVE   force: false,
89 warn ERESOLVE   isMine: true,
89 warn ERESOLVE   strictPeerDeps: false,
89 warn ERESOLVE   current: {
89 warn ERESOLVE     name: '@types/react',
89 warn ERESOLVE     version: '19.2.14',
89 warn ERESOLVE     location: 'frontend/node_modules/@types/react',
89 warn ERESOLVE     isWorkspace: false,
89 warn ERESOLVE     dependents: [
89 warn ERESOLVE       [Object], [Object], [Object], [Object], [Object],
89 warn ERESOLVE       [Object], [Object], [Object], [Object], [Object],
89 warn ERESOLVE       [Object], [Object], [Object], [Object], [Object],
89 warn ERESOLVE       [Object], [Object], [Object], [Object], [Object],
89 warn ERESOLVE       [Object], [Object], [Object], [Object], [Object],
89 warn ERESOLVE       [Object], [Object], [Object], [Object], [Object],
89 warn ERESOLVE       [Object], [Object], [Object], [Object], [Object],
89 warn ERESOLVE       [Object], [Object], [Object], [Object], [Object],
89 warn ERESOLVE       [Object], [Object], [Object], [Object], [Object],
89 warn ERESOLVE       [Object], [Object], [Object], [Object], [Object],
89 warn ERESOLVE       [Object], [Object], [Object], [Object], [Object],
89 warn ERESOLVE       [Object], [Object], [Object], [Object], [Object],
89 warn ERESOLVE       [Object], [Object], [Object], [Object], [Object],
89 warn ERESOLVE       [Object], [Object], [Object], [Object], [Object],
89 warn ERESOLVE       [Object], [Object], [Object]
89 warn ERESOLVE     ]
89 warn ERESOLVE   }
89 warn ERESOLVE }
90 warn ERESOLVE overriding peer dependency {
90 warn ERESOLVE   code: 'ERESOLVE',
90 warn ERESOLVE   edge: {
90 warn ERESOLVE     type: 'peer',
90 warn ERESOLVE     name: '@types/react',
90 warn ERESOLVE     spec: '^19.2.0',
90 warn ERESOLVE     from: {
90 warn ERESOLVE       name: '@types/react-dom',
90 warn ERESOLVE       version: '19.2.3',
90 warn ERESOLVE       location: 'frontend/node_modules/@types/react-dom',
90 warn ERESOLVE       isWorkspace: false,
90 warn ERESOLVE       dependents: [Array]
90 warn ERESOLVE     }
90 warn ERESOLVE   },
90 warn ERESOLVE   dep: {
90 warn ERESOLVE     name: '@types/react',
90 warn ERESOLVE     version: undefined,
90 warn ERESOLVE     errors: [ [NotCachedError] ],
90 warn ERESOLVE     package: {},
90 warn ERESOLVE     whileInstalling: {
90 warn ERESOLVE       name: '@workspace/showroom',
90 warn ERESOLVE       version: '0.0.0',
90 warn ERESOLVE       path: 'C:\\Users\\abdelmezhuid_r\\Desktop\\GA\\Work Projects\\Asset-Manager\\frontend'
90 warn ERESOLVE     },
90 warn ERESOLVE     location: 'node_modules/@types/react',
90 warn ERESOLVE     isWorkspace: false,
90 warn ERESOLVE     dependents: [ [Object] ]
90 warn ERESOLVE   },
90 warn ERESOLVE   force: false,
90 warn ERESOLVE   isMine: true,
90 warn ERESOLVE   strictPeerDeps: false,
90 warn ERESOLVE   current: {
90 warn ERESOLVE     name: '@types/react',
90 warn ERESOLVE     version: '19.2.14',
90 warn ERESOLVE     location: 'frontend/node_modules/@types/react',
90 warn ERESOLVE     isWorkspace: false,
90 warn ERESOLVE     dependents: [
90 warn ERESOLVE       [Object], [Object], [Object], [Object], [Object],
90 warn ERESOLVE       [Object], [Object], [Object], [Object], [Object],
90 warn ERESOLVE       [Object], [Object], [Object], [Object], [Object],
90 warn ERESOLVE       [Object], [Object], [Object], [Object], [Object],
90 warn ERESOLVE       [Object], [Object], [Object], [Object], [Object],
90 warn ERESOLVE       [Object], [Object], [Object], [Object], [Object],
90 warn ERESOLVE       [Object], [Object], [Object], [Object], [Object],
90 warn ERESOLVE       [Object], [Object], [Object], [Object], [Object],
90 warn ERESOLVE       [Object], [Object], [Object], [Object], [Object],
90 warn ERESOLVE       [Object], [Object], [Object], [Object], [Object],
90 warn ERESOLVE       [Object], [Object], [Object], [Object], [Object],
90 warn ERESOLVE       [Object], [Object], [Object], [Object], [Object],
90 warn ERESOLVE       [Object], [Object], [Object], [Object], [Object],
90 warn ERESOLVE       [Object], [Object], [Object], [Object], [Object],
90 warn ERESOLVE       [Object], [Object], [Object]
90 warn ERESOLVE     ]
90 warn ERESOLVE   }
90 warn ERESOLVE }
91 warn ERESOLVE overriding peer dependency {
91 warn ERESOLVE   code: 'ERESOLVE',
91 warn ERESOLVE   edge: {
91 warn ERESOLVE     type: 'peer',
91 warn ERESOLVE     name: '@types/react',
91 warn ERESOLVE     spec: '^19.2.0',
91 warn ERESOLVE     from: {
91 warn ERESOLVE       name: '@types/react-dom',
91 warn ERESOLVE       version: '19.2.3',
91 warn ERESOLVE       location: 'frontend/node_modules/@types/react-dom',
91 warn ERESOLVE       isWorkspace: false,
91 warn ERESOLVE       dependents: [Array]
91 warn ERESOLVE     }
91 warn ERESOLVE   },
91 warn ERESOLVE   dep: {
91 warn ERESOLVE     name: '@types/react',
91 warn ERESOLVE     version: undefined,
91 warn ERESOLVE     errors: [ [NotCachedError] ],
91 warn ERESOLVE     package: {},
91 warn ERESOLVE     whileInstalling: {
91 warn ERESOLVE       name: '@workspace/showroom',
91 warn ERESOLVE       version: '0.0.0',
91 warn ERESOLVE       path: 'C:\\Users\\abdelmezhuid_r\\Desktop\\GA\\Work Projects\\Asset-Manager\\frontend'
91 warn ERESOLVE     },
91 warn ERESOLVE     location: 'node_modules/@types/react',
91 warn ERESOLVE     isWorkspace: false,
91 warn ERESOLVE     dependents: [ [Object] ]
91 warn ERESOLVE   },
91 warn ERESOLVE   force: false,
91 warn ERESOLVE   isMine: true,
91 warn ERESOLVE   strictPeerDeps: false,
91 warn ERESOLVE   current: {
91 warn ERESOLVE     name: '@types/react',
91 warn ERESOLVE     version: '19.2.14',
91 warn ERESOLVE     location: 'frontend/node_modules/@types/react',
91 warn ERESOLVE     isWorkspace: false,
91 warn ERESOLVE     dependents: [
91 warn ERESOLVE       [Object], [Object], [Object], [Object], [Object],
91 warn ERESOLVE       [Object], [Object], [Object], [Object], [Object],
91 warn ERESOLVE       [Object], [Object], [Object], [Object], [Object],
91 warn ERESOLVE       [Object], [Object], [Object], [Object], [Object],
91 warn ERESOLVE       [Object], [Object], [Object], [Object], [Object],
91 warn ERESOLVE       [Object], [Object], [Object], [Object], [Object],
91 warn ERESOLVE       [Object], [Object], [Object], [Object], [Object],
91 warn ERESOLVE       [Object], [Object], [Object], [Object], [Object],
91 warn ERESOLVE       [Object], [Object], [Object], [Object], [Object],
91 warn ERESOLVE       [Object], [Object], [Object], [Object], [Object],
91 warn ERESOLVE       [Object], [Object], [Object], [Object], [Object],
91 warn ERESOLVE       [Object], [Object], [Object], [Object], [Object],
91 warn ERESOLVE       [Object], [Object], [Object], [Object], [Object],
91 warn ERESOLVE       [Object], [Object], [Object], [Object], [Object],
91 warn ERESOLVE       [Object], [Object], [Object]
91 warn ERESOLVE     ]
91 warn ERESOLVE   }
91 warn ERESOLVE }
92 warn ERESOLVE overriding peer dependency {
92 warn ERESOLVE   code: 'ERESOLVE',
92 warn ERESOLVE   edge: {
92 warn ERESOLVE     type: 'peer',
92 warn ERESOLVE     name: '@types/react',
92 warn ERESOLVE     spec: '^19.2.0',
92 warn ERESOLVE     from: {
92 warn ERESOLVE       name: '@types/react-dom',
92 warn ERESOLVE       version: '19.2.3',
92 warn ERESOLVE       location: 'frontend/node_modules/@types/react-dom',
92 warn ERESOLVE       isWorkspace: false,
92 warn ERESOLVE       dependents: [Array]
92 warn ERESOLVE     }
92 warn ERESOLVE   },
92 warn ERESOLVE   dep: {
92 warn ERESOLVE     name: '@types/react',
92 warn ERESOLVE     version: undefined,
92 warn ERESOLVE     errors: [ [NotCachedError] ],
92 warn ERESOLVE     package: {},
92 warn ERESOLVE     whileInstalling: {
92 warn ERESOLVE       name: '@workspace/showroom',
92 warn ERESOLVE       version: '0.0.0',
92 warn ERESOLVE       path: 'C:\\Users\\abdelmezhuid_r\\Desktop\\GA\\Work Projects\\Asset-Manager\\frontend'
92 warn ERESOLVE     },
92 warn ERESOLVE     location: 'node_modules/@types/react',
92 warn ERESOLVE     isWorkspace: false,
92 warn ERESOLVE     dependents: [ [Object] ]
92 warn ERESOLVE   },
92 warn ERESOLVE   force: false,
92 warn ERESOLVE   isMine: true,
92 warn ERESOLVE   strictPeerDeps: false,
92 warn ERESOLVE   current: {
92 warn ERESOLVE     name: '@types/react',
92 warn ERESOLVE     version: '19.2.14',
92 warn ERESOLVE     location: 'frontend/node_modules/@types/react',
92 warn ERESOLVE     isWorkspace: false,
92 warn ERESOLVE     dependents: [
92 warn ERESOLVE       [Object], [Object], [Object], [Object], [Object],
92 warn ERESOLVE       [Object], [Object], [Object], [Object], [Object],
92 warn ERESOLVE       [Object], [Object], [Object], [Object], [Object],
92 warn ERESOLVE       [Object], [Object], [Object], [Object], [Object],
92 warn ERESOLVE       [Object], [Object], [Object], [Object], [Object],
92 warn ERESOLVE       [Object], [Object], [Object], [Object], [Object],
92 warn ERESOLVE       [Object], [Object], [Object], [Object], [Object],
92 warn ERESOLVE       [Object], [Object], [Object], [Object], [Object],
92 warn ERESOLVE       [Object], [Object], [Object], [Object], [Object],
92 warn ERESOLVE       [Object], [Object], [Object], [Object], [Object],
92 warn ERESOLVE       [Object], [Object], [Object], [Object], [Object],
92 warn ERESOLVE       [Object], [Object], [Object], [Object], [Object],
92 warn ERESOLVE       [Object], [Object], [Object], [Object], [Object],
92 warn ERESOLVE       [Object], [Object], [Object], [Object], [Object],
92 warn ERESOLVE       [Object], [Object], [Object]
92 warn ERESOLVE     ]
92 warn ERESOLVE   }
92 warn ERESOLVE }
93 warn ERESOLVE overriding peer dependency {
93 warn ERESOLVE   code: 'ERESOLVE',
93 warn ERESOLVE   edge: {
93 warn ERESOLVE     type: 'peer',
93 warn ERESOLVE     name: '@types/react',
93 warn ERESOLVE     spec: '^19.2.0',
93 warn ERESOLVE     from: {
93 warn ERESOLVE       name: '@types/react-dom',
93 warn ERESOLVE       version: '19.2.3',
93 warn ERESOLVE       location: 'frontend/node_modules/@types/react-dom',
93 warn ERESOLVE       isWorkspace: false,
93 warn ERESOLVE       dependents: [Array]
93 warn ERESOLVE     }
93 warn ERESOLVE   },
93 warn ERESOLVE   dep: {
93 warn ERESOLVE     name: '@types/react',
93 warn ERESOLVE     version: undefined,
93 warn ERESOLVE     errors: [ [NotCachedError] ],
93 warn ERESOLVE     package: {},
93 warn ERESOLVE     whileInstalling: {
93 warn ERESOLVE       name: '@workspace/showroom',
93 warn ERESOLVE       version: '0.0.0',
93 warn ERESOLVE       path: 'C:\\Users\\abdelmezhuid_r\\Desktop\\GA\\Work Projects\\Asset-Manager\\frontend'
93 warn ERESOLVE     },
93 warn ERESOLVE     location: 'node_modules/@types/react',
93 warn ERESOLVE     isWorkspace: false,
93 warn ERESOLVE     dependents: [ [Object] ]
93 warn ERESOLVE   },
93 warn ERESOLVE   force: false,
93 warn ERESOLVE   isMine: true,
93 warn ERESOLVE   strictPeerDeps: false,
93 warn ERESOLVE   current: {
93 warn ERESOLVE     name: '@types/react',
93 warn ERESOLVE     version: '19.2.14',
93 warn ERESOLVE     location: 'frontend/node_modules/@types/react',
93 warn ERESOLVE     isWorkspace: false,
93 warn ERESOLVE     dependents: [
93 warn ERESOLVE       [Object], [Object], [Object], [Object], [Object],
93 warn ERESOLVE       [Object], [Object], [Object], [Object], [Object],
93 warn ERESOLVE       [Object], [Object], [Object], [Object], [Object],
93 warn ERESOLVE       [Object], [Object], [Object], [Object], [Object],
93 warn ERESOLVE       [Object], [Object], [Object], [Object], [Object],
93 warn ERESOLVE       [Object], [Object], [Object], [Object], [Object],
93 warn ERESOLVE       [Object], [Object], [Object], [Object], [Object],
93 warn ERESOLVE       [Object], [Object], [Object], [Object], [Object],
93 warn ERESOLVE       [Object], [Object], [Object], [Object], [Object],
93 warn ERESOLVE       [Object], [Object], [Object], [Object], [Object],
93 warn ERESOLVE       [Object], [Object], [Object], [Object], [Object],
93 warn ERESOLVE       [Object], [Object], [Object], [Object], [Object],
93 warn ERESOLVE       [Object], [Object], [Object], [Object], [Object],
93 warn ERESOLVE       [Object], [Object], [Object], [Object], [Object],
93 warn ERESOLVE       [Object], [Object], [Object]
93 warn ERESOLVE     ]
93 warn ERESOLVE   }
93 warn ERESOLVE }
94 warn ERESOLVE overriding peer dependency {
94 warn ERESOLVE   code: 'ERESOLVE',
94 warn ERESOLVE   edge: {
94 warn ERESOLVE     type: 'peer',
94 warn ERESOLVE     name: '@types/react',
94 warn ERESOLVE     spec: '^19.2.0',
94 warn ERESOLVE     from: {
94 warn ERESOLVE       name: '@types/react-dom',
94 warn ERESOLVE       version: '19.2.3',
94 warn ERESOLVE       location: 'frontend/node_modules/@types/react-dom',
94 warn ERESOLVE       isWorkspace: false,
94 warn ERESOLVE       dependents: [Array]
94 warn ERESOLVE     }
94 warn ERESOLVE   },
94 warn ERESOLVE   dep: {
94 warn ERESOLVE     name: '@types/react',
94 warn ERESOLVE     version: undefined,
94 warn ERESOLVE     errors: [ [NotCachedError] ],
94 warn ERESOLVE     package: {},
94 warn ERESOLVE     whileInstalling: {
94 warn ERESOLVE       name: '@workspace/showroom',
94 warn ERESOLVE       version: '0.0.0',
94 warn ERESOLVE       path: 'C:\\Users\\abdelmezhuid_r\\Desktop\\GA\\Work Projects\\Asset-Manager\\frontend'
94 warn ERESOLVE     },
94 warn ERESOLVE     location: 'node_modules/@types/react',
94 warn ERESOLVE     isWorkspace: false,
94 warn ERESOLVE     dependents: [ [Object] ]
94 warn ERESOLVE   },
94 warn ERESOLVE   force: false,
94 warn ERESOLVE   isMine: true,
94 warn ERESOLVE   strictPeerDeps: false,
94 warn ERESOLVE   current: {
94 warn ERESOLVE     name: '@types/react',
94 warn ERESOLVE     version: '19.2.14',
94 warn ERESOLVE     location: 'frontend/node_modules/@types/react',
94 warn ERESOLVE     isWorkspace: false,
94 warn ERESOLVE     dependents: [
94 warn ERESOLVE       [Object], [Object], [Object], [Object], [Object],
94 warn ERESOLVE       [Object], [Object], [Object], [Object], [Object],
94 warn ERESOLVE       [Object], [Object], [Object], [Object], [Object],
94 warn ERESOLVE       [Object], [Object], [Object], [Object], [Object],
94 warn ERESOLVE       [Object], [Object], [Object], [Object], [Object],
94 warn ERESOLVE       [Object], [Object], [Object], [Object], [Object],
94 warn ERESOLVE       [Object], [Object], [Object], [Object], [Object],
94 warn ERESOLVE       [Object], [Object], [Object], [Object], [Object],
94 warn ERESOLVE       [Object], [Object], [Object], [Object], [Object],
94 warn ERESOLVE       [Object], [Object], [Object], [Object], [Object],
94 warn ERESOLVE       [Object], [Object], [Object], [Object], [Object],
94 warn ERESOLVE       [Object], [Object], [Object], [Object], [Object],
94 warn ERESOLVE       [Object], [Object], [Object], [Object], [Object],
94 warn ERESOLVE       [Object], [Object], [Object], [Object], [Object],
94 warn ERESOLVE       [Object], [Object], [Object]
94 warn ERESOLVE     ]
94 warn ERESOLVE   }
94 warn ERESOLVE }
95 warn ERESOLVE overriding peer dependency {
95 warn ERESOLVE   code: 'ERESOLVE',
95 warn ERESOLVE   edge: {
95 warn ERESOLVE     type: 'peer',
95 warn ERESOLVE     name: '@types/react',
95 warn ERESOLVE     spec: '^19.2.0',
95 warn ERESOLVE     from: {
95 warn ERESOLVE       name: '@types/react-dom',
95 warn ERESOLVE       version: '19.2.3',
95 warn ERESOLVE       location: 'frontend/node_modules/@types/react-dom',
95 warn ERESOLVE       isWorkspace: false,
95 warn ERESOLVE       dependents: [Array]
95 warn ERESOLVE     }
95 warn ERESOLVE   },
95 warn ERESOLVE   dep: {
95 warn ERESOLVE     name: '@types/react',
95 warn ERESOLVE     version: undefined,
95 warn ERESOLVE     errors: [ [NotCachedError] ],
95 warn ERESOLVE     package: {},
95 warn ERESOLVE     whileInstalling: {
95 warn ERESOLVE       name: '@workspace/showroom',
95 warn ERESOLVE       version: '0.0.0',
95 warn ERESOLVE       path: 'C:\\Users\\abdelmezhuid_r\\Desktop\\GA\\Work Projects\\Asset-Manager\\frontend'
95 warn ERESOLVE     },
95 warn ERESOLVE     location: 'node_modules/@types/react',
95 warn ERESOLVE     isWorkspace: false,
95 warn ERESOLVE     dependents: [ [Object] ]
95 warn ERESOLVE   },
95 warn ERESOLVE   force: false,
95 warn ERESOLVE   isMine: true,
95 warn ERESOLVE   strictPeerDeps: false,
95 warn ERESOLVE   current: {
95 warn ERESOLVE     name: '@types/react',
95 warn ERESOLVE     version: '19.2.14',
95 warn ERESOLVE     location: 'frontend/node_modules/@types/react',
95 warn ERESOLVE     isWorkspace: false,
95 warn ERESOLVE     dependents: [
95 warn ERESOLVE       [Object], [Object], [Object], [Object], [Object],
95 warn ERESOLVE       [Object], [Object], [Object], [Object], [Object],
95 warn ERESOLVE       [Object], [Object], [Object], [Object], [Object],
95 warn ERESOLVE       [Object], [Object], [Object], [Object], [Object],
95 warn ERESOLVE       [Object], [Object], [Object], [Object], [Object],
95 warn ERESOLVE       [Object], [Object], [Object], [Object], [Object],
95 warn ERESOLVE       [Object], [Object], [Object], [Object], [Object],
95 warn ERESOLVE       [Object], [Object], [Object], [Object], [Object],
95 warn ERESOLVE       [Object], [Object], [Object], [Object], [Object],
95 warn ERESOLVE       [Object], [Object], [Object], [Object], [Object],
95 warn ERESOLVE       [Object], [Object], [Object], [Object], [Object],
95 warn ERESOLVE       [Object], [Object], [Object], [Object], [Object],
95 warn ERESOLVE       [Object], [Object], [Object], [Object], [Object],
95 warn ERESOLVE       [Object], [Object], [Object], [Object], [Object],
95 warn ERESOLVE       [Object], [Object], [Object]
95 warn ERESOLVE     ]
95 warn ERESOLVE   }
95 warn ERESOLVE }
96 warn ERESOLVE overriding peer dependency {
96 warn ERESOLVE   code: 'ERESOLVE',
96 warn ERESOLVE   edge: {
96 warn ERESOLVE     type: 'peer',
96 warn ERESOLVE     name: '@types/react',
96 warn ERESOLVE     spec: '^19.2.0',
96 warn ERESOLVE     from: {
96 warn ERESOLVE       name: '@types/react-dom',
96 warn ERESOLVE       version: '19.2.3',
96 warn ERESOLVE       location: 'frontend/node_modules/@types/react-dom',
96 warn ERESOLVE       isWorkspace: false,
96 warn ERESOLVE       dependents: [Array]
96 warn ERESOLVE     }
96 warn ERESOLVE   },
96 warn ERESOLVE   dep: {
96 warn ERESOLVE     name: '@types/react',
96 warn ERESOLVE     version: undefined,
96 warn ERESOLVE     errors: [ [NotCachedError] ],
96 warn ERESOLVE     package: {},
96 warn ERESOLVE     whileInstalling: {
96 warn ERESOLVE       name: '@workspace/showroom',
96 warn ERESOLVE       version: '0.0.0',
96 warn ERESOLVE       path: 'C:\\Users\\abdelmezhuid_r\\Desktop\\GA\\Work Projects\\Asset-Manager\\frontend'
96 warn ERESOLVE     },
96 warn ERESOLVE     location: 'node_modules/@types/react',
96 warn ERESOLVE     isWorkspace: false,
96 warn ERESOLVE     dependents: [ [Object] ]
96 warn ERESOLVE   },
96 warn ERESOLVE   force: false,
96 warn ERESOLVE   isMine: true,
96 warn ERESOLVE   strictPeerDeps: false,
96 warn ERESOLVE   current: {
96 warn ERESOLVE     name: '@types/react',
96 warn ERESOLVE     version: '19.2.14',
96 warn ERESOLVE     location: 'frontend/node_modules/@types/react',
96 warn ERESOLVE     isWorkspace: false,
96 warn ERESOLVE     dependents: [
96 warn ERESOLVE       [Object], [Object], [Object], [Object], [Object],
96 warn ERESOLVE       [Object], [Object], [Object], [Object], [Object],
96 warn ERESOLVE       [Object], [Object], [Object], [Object], [Object],
96 warn ERESOLVE       [Object], [Object], [Object], [Object], [Object],
96 warn ERESOLVE       [Object], [Object], [Object], [Object], [Object],
96 warn ERESOLVE       [Object], [Object], [Object], [Object], [Object],
96 warn ERESOLVE       [Object], [Object], [Object], [Object], [Object],
96 warn ERESOLVE       [Object], [Object], [Object], [Object], [Object],
96 warn ERESOLVE       [Object], [Object], [Object], [Object], [Object],
96 warn ERESOLVE       [Object], [Object], [Object], [Object], [Object],
96 warn ERESOLVE       [Object], [Object], [Object], [Object], [Object],
96 warn ERESOLVE       [Object], [Object], [Object], [Object], [Object],
96 warn ERESOLVE       [Object], [Object], [Object], [Object], [Object],
96 warn ERESOLVE       [Object], [Object], [Object], [Object], [Object],
96 warn ERESOLVE       [Object], [Object], [Object]
96 warn ERESOLVE     ]
96 warn ERESOLVE   }
96 warn ERESOLVE }
97 warn ERESOLVE overriding peer dependency {
97 warn ERESOLVE   code: 'ERESOLVE',
97 warn ERESOLVE   edge: {
97 warn ERESOLVE     type: 'peer',
97 warn ERESOLVE     name: '@types/react',
97 warn ERESOLVE     spec: '^19.2.0',
97 warn ERESOLVE     from: {
97 warn ERESOLVE       name: '@types/react-dom',
97 warn ERESOLVE       version: '19.2.3',
97 warn ERESOLVE       location: 'frontend/node_modules/@types/react-dom',
97 warn ERESOLVE       isWorkspace: false,
97 warn ERESOLVE       dependents: [Array]
97 warn ERESOLVE     }
97 warn ERESOLVE   },
97 warn ERESOLVE   dep: {
97 warn ERESOLVE     name: '@types/react',
97 warn ERESOLVE     version: undefined,
97 warn ERESOLVE     errors: [ [NotCachedError] ],
97 warn ERESOLVE     package: {},
97 warn ERESOLVE     whileInstalling: {
97 warn ERESOLVE       name: '@workspace/showroom',
97 warn ERESOLVE       version: '0.0.0',
97 warn ERESOLVE       path: 'C:\\Users\\abdelmezhuid_r\\Desktop\\GA\\Work Projects\\Asset-Manager\\frontend'
97 warn ERESOLVE     },
97 warn ERESOLVE     location: 'node_modules/@types/react',
97 warn ERESOLVE     isWorkspace: false,
97 warn ERESOLVE     dependents: [ [Object] ]
97 warn ERESOLVE   },
97 warn ERESOLVE   force: false,
97 warn ERESOLVE   isMine: true,
97 warn ERESOLVE   strictPeerDeps: false,
97 warn ERESOLVE   current: {
97 warn ERESOLVE     name: '@types/react',
97 warn ERESOLVE     version: '19.2.14',
97 warn ERESOLVE     location: 'frontend/node_modules/@types/react',
97 warn ERESOLVE     isWorkspace: false,
97 warn ERESOLVE     dependents: [
97 warn ERESOLVE       [Object], [Object], [Object], [Object], [Object],
97 warn ERESOLVE       [Object], [Object], [Object], [Object], [Object],
97 warn ERESOLVE       [Object], [Object], [Object], [Object], [Object],
97 warn ERESOLVE       [Object], [Object], [Object], [Object], [Object],
97 warn ERESOLVE       [Object], [Object], [Object], [Object], [Object],
97 warn ERESOLVE       [Object], [Object], [Object], [Object], [Object],
97 warn ERESOLVE       [Object], [Object], [Object], [Object], [Object],
97 warn ERESOLVE       [Object], [Object], [Object], [Object], [Object],
97 warn ERESOLVE       [Object], [Object], [Object], [Object], [Object],
97 warn ERESOLVE       [Object], [Object], [Object], [Object], [Object],
97 warn ERESOLVE       [Object], [Object], [Object], [Object], [Object],
97 warn ERESOLVE       [Object], [Object], [Object], [Object], [Object],
97 warn ERESOLVE       [Object], [Object], [Object], [Object], [Object],
97 warn ERESOLVE       [Object], [Object], [Object], [Object], [Object],
97 warn ERESOLVE       [Object], [Object], [Object]
97 warn ERESOLVE     ]
97 warn ERESOLVE   }
97 warn ERESOLVE }
98 silly placeDep frontend @types/react-dom@ REPLACE for: @workspace/showroom@0.0.0 want: latest
99 silly placeDep frontend @vitejs/plugin-react@ REPLACE for: @workspace/showroom@0.0.0 want: latest
100 silly placeDep frontend class-variance-authority@ REPLACE for: @workspace/showroom@0.0.0 want: latest
101 silly placeDep frontend clsx@ REPLACE for: @workspace/showroom@0.0.0 want: latest
102 silly placeDep frontend framer-motion@ REPLACE for: @workspace/showroom@0.0.0 want: latest
103 silly placeDep frontend react@ REPLACE for: @workspace/showroom@0.0.0 want: latest
104 warn ERESOLVE overriding peer dependency {
104 warn ERESOLVE   code: 'ERESOLVE',
104 warn ERESOLVE   edge: {
104 warn ERESOLVE     type: 'peer',
104 warn ERESOLVE     name: 'react',
104 warn ERESOLVE     spec: '^18 || ^19 || ^19.0.0-rc',
104 warn ERESOLVE     from: {
104 warn ERESOLVE       name: 'cmdk',
104 warn ERESOLVE       version: '1.1.1',
104 warn ERESOLVE       location: 'frontend/node_modules/cmdk',
104 warn ERESOLVE       isWorkspace: false,
104 warn ERESOLVE       dependents: [Array]
104 warn ERESOLVE     }
104 warn ERESOLVE   },
104 warn ERESOLVE   dep: {
104 warn ERESOLVE     name: 'react',
104 warn ERESOLVE     version: undefined,
104 warn ERESOLVE     errors: [ [NotCachedError] ],
104 warn ERESOLVE     package: {},
104 warn ERESOLVE     whileInstalling: {
104 warn ERESOLVE       name: '@workspace/showroom',
104 warn ERESOLVE       version: '0.0.0',
104 warn ERESOLVE       path: 'C:\\Users\\abdelmezhuid_r\\Desktop\\GA\\Work Projects\\Asset-Manager\\frontend'
104 warn ERESOLVE     },
104 warn ERESOLVE     location: 'node_modules/react',
104 warn ERESOLVE     isWorkspace: false,
104 warn ERESOLVE     dependents: [ [Object] ]
104 warn ERESOLVE   },
104 warn ERESOLVE   force: false,
104 warn ERESOLVE   isMine: true,
104 warn ERESOLVE   strictPeerDeps: false,
104 warn ERESOLVE   current: {
104 warn ERESOLVE     name: 'react',
104 warn ERESOLVE     version: '19.2.5',
104 warn ERESOLVE     location: 'frontend/node_modules/react',
104 warn ERESOLVE     isWorkspace: false,
104 warn ERESOLVE     dependents: [
104 warn ERESOLVE       [Object], [Object], [Object], [Object], [Object],
104 warn ERESOLVE       [Object], [Object], [Object], [Object], [Object],
104 warn ERESOLVE       [Object], [Object], [Object], [Object], [Object],
104 warn ERESOLVE       [Object], [Object], [Object], [Object], [Object],
104 warn ERESOLVE       [Object], [Object], [Object], [Object], [Object],
104 warn ERESOLVE       [Object], [Object], [Object], [Object], [Object],
104 warn ERESOLVE       [Object], [Object], [Object], [Object], [Object],
104 warn ERESOLVE       [Object], [Object], [Object], [Object], [Object],
104 warn ERESOLVE       [Object], [Object], [Object], [Object], [Object],
104 warn ERESOLVE       [Object], [Object], [Object], [Object], [Object],
104 warn ERESOLVE       [Object], [Object], [Object], [Object], [Object],
104 warn ERESOLVE       [Object], [Object], [Object], [Object], [Object],
104 warn ERESOLVE       [Object], [Object], [Object], [Object], [Object]
104 warn ERESOLVE     ]
104 warn ERESOLVE   }
104 warn ERESOLVE }
105 warn ERESOLVE overriding peer dependency {
105 warn ERESOLVE   code: 'ERESOLVE',
105 warn ERESOLVE   edge: {
105 warn ERESOLVE     type: 'peer',
105 warn ERESOLVE     name: 'react',
105 warn ERESOLVE     spec: '^16.8.0 || ^17.0.1 || ^18.0.0 || ^19.0.0 || ^19.0.0-rc',
105 warn ERESOLVE     from: {
105 warn ERESOLVE       name: 'embla-carousel-react',
105 warn ERESOLVE       version: '8.6.0',
105 warn ERESOLVE       location: 'frontend/node_modules/embla-carousel-react',
105 warn ERESOLVE       isWorkspace: false,
105 warn ERESOLVE       dependents: [Array]
105 warn ERESOLVE     }
105 warn ERESOLVE   },
105 warn ERESOLVE   dep: {
105 warn ERESOLVE     name: 'react',
105 warn ERESOLVE     version: undefined,
105 warn ERESOLVE     errors: [ [NotCachedError] ],
105 warn ERESOLVE     package: {},
105 warn ERESOLVE     whileInstalling: {
105 warn ERESOLVE       name: '@workspace/showroom',
105 warn ERESOLVE       version: '0.0.0',
105 warn ERESOLVE       path: 'C:\\Users\\abdelmezhuid_r\\Desktop\\GA\\Work Projects\\Asset-Manager\\frontend'
105 warn ERESOLVE     },
105 warn ERESOLVE     location: 'node_modules/react',
105 warn ERESOLVE     isWorkspace: false,
105 warn ERESOLVE     dependents: [ [Object] ]
105 warn ERESOLVE   },
105 warn ERESOLVE   force: false,
105 warn ERESOLVE   isMine: true,
105 warn ERESOLVE   strictPeerDeps: false,
105 warn ERESOLVE   current: {
105 warn ERESOLVE     name: 'react',
105 warn ERESOLVE     version: '19.2.5',
105 warn ERESOLVE     location: 'frontend/node_modules/react',
105 warn ERESOLVE     isWorkspace: false,
105 warn ERESOLVE     dependents: [
105 warn ERESOLVE       [Object], [Object], [Object], [Object], [Object],
105 warn ERESOLVE       [Object], [Object], [Object], [Object], [Object],
105 warn ERESOLVE       [Object], [Object], [Object], [Object], [Object],
105 warn ERESOLVE       [Object], [Object], [Object], [Object], [Object],
105 warn ERESOLVE       [Object], [Object], [Object], [Object], [Object],
105 warn ERESOLVE       [Object], [Object], [Object], [Object], [Object],
105 warn ERESOLVE       [Object], [Object], [Object], [Object], [Object],
105 warn ERESOLVE       [Object], [Object], [Object], [Object], [Object],
105 warn ERESOLVE       [Object], [Object], [Object], [Object], [Object],
105 warn ERESOLVE       [Object], [Object], [Object], [Object], [Object],
105 warn ERESOLVE       [Object], [Object], [Object], [Object], [Object],
105 warn ERESOLVE       [Object], [Object], [Object], [Object], [Object],
105 warn ERESOLVE       [Object], [Object], [Object], [Object], [Object]
105 warn ERESOLVE     ]
105 warn ERESOLVE   }
105 warn ERESOLVE }
106 warn ERESOLVE overriding peer dependency {
106 warn ERESOLVE   code: 'ERESOLVE',
106 warn ERESOLVE   edge: {
106 warn ERESOLVE     type: 'peer',
106 warn ERESOLVE     name: 'react',
106 warn ERESOLVE     spec: '^16.8 || ^17.0 || ^18.0 || ^19.0.0 || ^19.0.0-rc',
106 warn ERESOLVE     from: {
106 warn ERESOLVE       name: 'input-otp',
106 warn ERESOLVE       version: '1.4.2',
106 warn ERESOLVE       location: 'frontend/node_modules/input-otp',
106 warn ERESOLVE       isWorkspace: false,
106 warn ERESOLVE       dependents: [Array]
106 warn ERESOLVE     }
106 warn ERESOLVE   },
106 warn ERESOLVE   dep: {
106 warn ERESOLVE     name: 'react',
106 warn ERESOLVE     version: undefined,
106 warn ERESOLVE     errors: [ [NotCachedError] ],
106 warn ERESOLVE     package: {},
106 warn ERESOLVE     whileInstalling: {
106 warn ERESOLVE       name: '@workspace/showroom',
106 warn ERESOLVE       version: '0.0.0',
106 warn ERESOLVE       path: 'C:\\Users\\abdelmezhuid_r\\Desktop\\GA\\Work Projects\\Asset-Manager\\frontend'
106 warn ERESOLVE     },
106 warn ERESOLVE     location: 'node_modules/react',
106 warn ERESOLVE     isWorkspace: false,
106 warn ERESOLVE     dependents: [ [Object] ]
106 warn ERESOLVE   },
106 warn ERESOLVE   force: false,
106 warn ERESOLVE   isMine: true,
106 warn ERESOLVE   strictPeerDeps: false,
106 warn ERESOLVE   current: {
106 warn ERESOLVE     name: 'react',
106 warn ERESOLVE     version: '19.2.5',
106 warn ERESOLVE     location: 'frontend/node_modules/react',
106 warn ERESOLVE     isWorkspace: false,
106 warn ERESOLVE     dependents: [
106 warn ERESOLVE       [Object], [Object], [Object], [Object], [Object],
106 warn ERESOLVE       [Object], [Object], [Object], [Object], [Object],
106 warn ERESOLVE       [Object], [Object], [Object], [Object], [Object],
106 warn ERESOLVE       [Object], [Object], [Object], [Object], [Object],
106 warn ERESOLVE       [Object], [Object], [Object], [Object], [Object],
106 warn ERESOLVE       [Object], [Object], [Object], [Object], [Object],
106 warn ERESOLVE       [Object], [Object], [Object], [Object], [Object],
106 warn ERESOLVE       [Object], [Object], [Object], [Object], [Object],
106 warn ERESOLVE       [Object], [Object], [Object], [Object], [Object],
106 warn ERESOLVE       [Object], [Object], [Object], [Object], [Object],
106 warn ERESOLVE       [Object], [Object], [Object], [Object], [Object],
106 warn ERESOLVE       [Object], [Object], [Object], [Object], [Object],
106 warn ERESOLVE       [Object], [Object], [Object], [Object], [Object]
106 warn ERESOLVE     ]
106 warn ERESOLVE   }
106 warn ERESOLVE }
107 warn ERESOLVE overriding peer dependency {
107 warn ERESOLVE   code: 'ERESOLVE',
107 warn ERESOLVE   edge: {
107 warn ERESOLVE     type: 'peer',
107 warn ERESOLVE     name: 'react',
107 warn ERESOLVE     spec: '^16.5.1 || ^17.0.0 || ^18.0.0 || ^19.0.0',
107 warn ERESOLVE     from: {
107 warn ERESOLVE       name: 'lucide-react',
107 warn ERESOLVE       version: '1.8.0',
107 warn ERESOLVE       location: 'frontend/node_modules/lucide-react',
107 warn ERESOLVE       isWorkspace: false,
107 warn ERESOLVE       dependents: [Array]
107 warn ERESOLVE     }
107 warn ERESOLVE   },
107 warn ERESOLVE   dep: {
107 warn ERESOLVE     name: 'react',
107 warn ERESOLVE     version: undefined,
107 warn ERESOLVE     errors: [ [NotCachedError] ],
107 warn ERESOLVE     package: {},
107 warn ERESOLVE     whileInstalling: {
107 warn ERESOLVE       name: '@workspace/showroom',
107 warn ERESOLVE       version: '0.0.0',
107 warn ERESOLVE       path: 'C:\\Users\\abdelmezhuid_r\\Desktop\\GA\\Work Projects\\Asset-Manager\\frontend'
107 warn ERESOLVE     },
107 warn ERESOLVE     location: 'node_modules/react',
107 warn ERESOLVE     isWorkspace: false,
107 warn ERESOLVE     dependents: [ [Object] ]
107 warn ERESOLVE   },
107 warn ERESOLVE   force: false,
107 warn ERESOLVE   isMine: true,
107 warn ERESOLVE   strictPeerDeps: false,
107 warn ERESOLVE   current: {
107 warn ERESOLVE     name: 'react',
107 warn ERESOLVE     version: '19.2.5',
107 warn ERESOLVE     location: 'frontend/node_modules/react',
107 warn ERESOLVE     isWorkspace: false,
107 warn ERESOLVE     dependents: [
107 warn ERESOLVE       [Object], [Object], [Object], [Object], [Object],
107 warn ERESOLVE       [Object], [Object], [Object], [Object], [Object],
107 warn ERESOLVE       [Object], [Object], [Object], [Object], [Object],
107 warn ERESOLVE       [Object], [Object], [Object], [Object], [Object],
107 warn ERESOLVE       [Object], [Object], [Object], [Object], [Object],
107 warn ERESOLVE       [Object], [Object], [Object], [Object], [Object],
107 warn ERESOLVE       [Object], [Object], [Object], [Object], [Object],
107 warn ERESOLVE       [Object], [Object], [Object], [Object], [Object],
107 warn ERESOLVE       [Object], [Object], [Object], [Object], [Object],
107 warn ERESOLVE       [Object], [Object], [Object], [Object], [Object],
107 warn ERESOLVE       [Object], [Object], [Object], [Object], [Object],
107 warn ERESOLVE       [Object], [Object], [Object], [Object], [Object],
107 warn ERESOLVE       [Object], [Object], [Object], [Object], [Object]
107 warn ERESOLVE     ]
107 warn ERESOLVE   }
107 warn ERESOLVE }
108 warn ERESOLVE overriding peer dependency {
108 warn ERESOLVE   code: 'ERESOLVE',
108 warn ERESOLVE   edge: {
108 warn ERESOLVE     type: 'peer',
108 warn ERESOLVE     name: 'react',
108 warn ERESOLVE     spec: '^16.8 || ^17 || ^18 || ^19 || ^19.0.0-rc',
108 warn ERESOLVE     from: {
108 warn ERESOLVE       name: 'next-themes',
108 warn ERESOLVE       version: '0.4.6',
108 warn ERESOLVE       location: 'frontend/node_modules/next-themes',
108 warn ERESOLVE       isWorkspace: false,
108 warn ERESOLVE       dependents: [Array]
108 warn ERESOLVE     }
108 warn ERESOLVE   },
108 warn ERESOLVE   dep: {
108 warn ERESOLVE     name: 'react',
108 warn ERESOLVE     version: undefined,
108 warn ERESOLVE     errors: [ [NotCachedError] ],
108 warn ERESOLVE     package: {},
108 warn ERESOLVE     whileInstalling: {
108 warn ERESOLVE       name: '@workspace/showroom',
108 warn ERESOLVE       version: '0.0.0',
108 warn ERESOLVE       path: 'C:\\Users\\abdelmezhuid_r\\Desktop\\GA\\Work Projects\\Asset-Manager\\frontend'
108 warn ERESOLVE     },
108 warn ERESOLVE     location: 'node_modules/react',
108 warn ERESOLVE     isWorkspace: false,
108 warn ERESOLVE     dependents: [ [Object] ]
108 warn ERESOLVE   },
108 warn ERESOLVE   force: false,
108 warn ERESOLVE   isMine: true,
108 warn ERESOLVE   strictPeerDeps: false,
108 warn ERESOLVE   current: {
108 warn ERESOLVE     name: 'react',
108 warn ERESOLVE     version: '19.2.5',
108 warn ERESOLVE     location: 'frontend/node_modules/react',
108 warn ERESOLVE     isWorkspace: false,
108 warn ERESOLVE     dependents: [
108 warn ERESOLVE       [Object], [Object], [Object], [Object], [Object],
108 warn ERESOLVE       [Object], [Object], [Object], [Object], [Object],
108 warn ERESOLVE       [Object], [Object], [Object], [Object], [Object],
108 warn ERESOLVE       [Object], [Object], [Object], [Object], [Object],
108 warn ERESOLVE       [Object], [Object], [Object], [Object], [Object],
108 warn ERESOLVE       [Object], [Object], [Object], [Object], [Object],
108 warn ERESOLVE       [Object], [Object], [Object], [Object], [Object],
108 warn ERESOLVE       [Object], [Object], [Object], [Object], [Object],
108 warn ERESOLVE       [Object], [Object], [Object], [Object], [Object],
108 warn ERESOLVE       [Object], [Object], [Object], [Object], [Object],
108 warn ERESOLVE       [Object], [Object], [Object], [Object], [Object],
108 warn ERESOLVE       [Object], [Object], [Object], [Object], [Object],
108 warn ERESOLVE       [Object], [Object], [Object], [Object], [Object]
108 warn ERESOLVE     ]
108 warn ERESOLVE   }
108 warn ERESOLVE }
109 warn ERESOLVE overriding peer dependency {
109 warn ERESOLVE   code: 'ERESOLVE',
109 warn ERESOLVE   edge: {
109 warn ERESOLVE     type: 'peer',
109 warn ERESOLVE     name: 'react',
109 warn ERESOLVE     spec: '^19.2.5',
109 warn ERESOLVE     from: {
109 warn ERESOLVE       name: 'react-dom',
109 warn ERESOLVE       version: '19.2.5',
109 warn ERESOLVE       location: 'frontend/node_modules/react-dom',
109 warn ERESOLVE       isWorkspace: false,
109 warn ERESOLVE       dependents: [Array]
109 warn ERESOLVE     }
109 warn ERESOLVE   },
109 warn ERESOLVE   dep: {
109 warn ERESOLVE     name: 'react',
109 warn ERESOLVE     version: undefined,
109 warn ERESOLVE     errors: [ [NotCachedError] ],
109 warn ERESOLVE     package: {},
109 warn ERESOLVE     whileInstalling: {
109 warn ERESOLVE       name: '@workspace/showroom',
109 warn ERESOLVE       version: '0.0.0',
109 warn ERESOLVE       path: 'C:\\Users\\abdelmezhuid_r\\Desktop\\GA\\Work Projects\\Asset-Manager\\frontend'
109 warn ERESOLVE     },
109 warn ERESOLVE     location: 'node_modules/react',
109 warn ERESOLVE     isWorkspace: false,
109 warn ERESOLVE     dependents: [ [Object] ]
109 warn ERESOLVE   },
109 warn ERESOLVE   force: false,
109 warn ERESOLVE   isMine: true,
109 warn ERESOLVE   strictPeerDeps: false,
109 warn ERESOLVE   current: {
109 warn ERESOLVE     name: 'react',
109 warn ERESOLVE     version: '19.2.5',
109 warn ERESOLVE     location: 'frontend/node_modules/react',
109 warn ERESOLVE     isWorkspace: false,
109 warn ERESOLVE     dependents: [
109 warn ERESOLVE       [Object], [Object], [Object], [Object], [Object],
109 warn ERESOLVE       [Object], [Object], [Object], [Object], [Object],
109 warn ERESOLVE       [Object], [Object], [Object], [Object], [Object],
109 warn ERESOLVE       [Object], [Object], [Object], [Object], [Object],
109 warn ERESOLVE       [Object], [Object], [Object], [Object], [Object],
109 warn ERESOLVE       [Object], [Object], [Object], [Object], [Object],
109 warn ERESOLVE       [Object], [Object], [Object], [Object], [Object],
109 warn ERESOLVE       [Object], [Object], [Object], [Object], [Object],
109 warn ERESOLVE       [Object], [Object], [Object], [Object], [Object],
109 warn ERESOLVE       [Object], [Object], [Object], [Object], [Object],
109 warn ERESOLVE       [Object], [Object], [Object], [Object], [Object],
109 warn ERESOLVE       [Object], [Object], [Object], [Object], [Object],
109 warn ERESOLVE       [Object], [Object], [Object], [Object], [Object]
109 warn ERESOLVE     ]
109 warn ERESOLVE   }
109 warn ERESOLVE }
110 warn ERESOLVE overriding peer dependency {
110 warn ERESOLVE   code: 'ERESOLVE',
110 warn ERESOLVE   edge: {
110 warn ERESOLVE     type: 'peer',
110 warn ERESOLVE     name: 'react',
110 warn ERESOLVE     spec: '^19.2.5',
110 warn ERESOLVE     from: {
110 warn ERESOLVE       name: 'react-dom',
110 warn ERESOLVE       version: '19.2.5',
110 warn ERESOLVE       location: 'frontend/node_modules/react-dom',
110 warn ERESOLVE       isWorkspace: false,
110 warn ERESOLVE       dependents: [Array]
110 warn ERESOLVE     }
110 warn ERESOLVE   },
110 warn ERESOLVE   dep: {
110 warn ERESOLVE     name: 'react',
110 warn ERESOLVE     version: undefined,
110 warn ERESOLVE     errors: [ [NotCachedError] ],
110 warn ERESOLVE     package: {},
110 warn ERESOLVE     whileInstalling: {
110 warn ERESOLVE       name: '@workspace/showroom',
110 warn ERESOLVE       version: '0.0.0',
110 warn ERESOLVE       path: 'C:\\Users\\abdelmezhuid_r\\Desktop\\GA\\Work Projects\\Asset-Manager\\frontend'
110 warn ERESOLVE     },
110 warn ERESOLVE     location: 'node_modules/react',
110 warn ERESOLVE     isWorkspace: false,
110 warn ERESOLVE     dependents: [ [Object] ]
110 warn ERESOLVE   },
110 warn ERESOLVE   force: false,
110 warn ERESOLVE   isMine: true,
110 warn ERESOLVE   strictPeerDeps: false,
110 warn ERESOLVE   current: {
110 warn ERESOLVE     name: 'react',
110 warn ERESOLVE     version: '19.2.5',
110 warn ERESOLVE     location: 'frontend/node_modules/react',
110 warn ERESOLVE     isWorkspace: false,
110 warn ERESOLVE     dependents: [
110 warn ERESOLVE       [Object], [Object], [Object], [Object], [Object],
110 warn ERESOLVE       [Object], [Object], [Object], [Object], [Object],
110 warn ERESOLVE       [Object], [Object], [Object], [Object], [Object],
110 warn ERESOLVE       [Object], [Object], [Object], [Object], [Object],
110 warn ERESOLVE       [Object], [Object], [Object], [Object], [Object],
110 warn ERESOLVE       [Object], [Object], [Object], [Object], [Object],
110 warn ERESOLVE       [Object], [Object], [Object], [Object], [Object],
110 warn ERESOLVE       [Object], [Object], [Object], [Object], [Object],
110 warn ERESOLVE       [Object], [Object], [Object], [Object], [Object],
110 warn ERESOLVE       [Object], [Object], [Object], [Object], [Object],
110 warn ERESOLVE       [Object], [Object], [Object], [Object], [Object],
110 warn ERESOLVE       [Object], [Object], [Object], [Object], [Object],
110 warn ERESOLVE       [Object], [Object], [Object], [Object], [Object]
110 warn ERESOLVE     ]
110 warn ERESOLVE   }
110 warn ERESOLVE }
111 warn ERESOLVE overriding peer dependency {
111 warn ERESOLVE   code: 'ERESOLVE',
111 warn ERESOLVE   edge: {
111 warn ERESOLVE     type: 'peer',
111 warn ERESOLVE     name: 'react',
111 warn ERESOLVE     spec: '^19.2.5',
111 warn ERESOLVE     from: {
111 warn ERESOLVE       name: 'react-dom',
111 warn ERESOLVE       version: '19.2.5',
111 warn ERESOLVE       location: 'frontend/node_modules/react-dom',
111 warn ERESOLVE       isWorkspace: false,
111 warn ERESOLVE       dependents: [Array]
111 warn ERESOLVE     }
111 warn ERESOLVE   },
111 warn ERESOLVE   dep: {
111 warn ERESOLVE     name: 'react',
111 warn ERESOLVE     version: undefined,
111 warn ERESOLVE     errors: [ [NotCachedError] ],
111 warn ERESOLVE     package: {},
111 warn ERESOLVE     whileInstalling: {
111 warn ERESOLVE       name: '@workspace/showroom',
111 warn ERESOLVE       version: '0.0.0',
111 warn ERESOLVE       path: 'C:\\Users\\abdelmezhuid_r\\Desktop\\GA\\Work Projects\\Asset-Manager\\frontend'
111 warn ERESOLVE     },
111 warn ERESOLVE     location: 'node_modules/react',
111 warn ERESOLVE     isWorkspace: false,
111 warn ERESOLVE     dependents: [ [Object] ]
111 warn ERESOLVE   },
111 warn ERESOLVE   force: false,
111 warn ERESOLVE   isMine: true,
111 warn ERESOLVE   strictPeerDeps: false,
111 warn ERESOLVE   current: {
111 warn ERESOLVE     name: 'react',
111 warn ERESOLVE     version: '19.2.5',
111 warn ERESOLVE     location: 'frontend/node_modules/react',
111 warn ERESOLVE     isWorkspace: false,
111 warn ERESOLVE     dependents: [
111 warn ERESOLVE       [Object], [Object], [Object], [Object], [Object],
111 warn ERESOLVE       [Object], [Object], [Object], [Object], [Object],
111 warn ERESOLVE       [Object], [Object], [Object], [Object], [Object],
111 warn ERESOLVE       [Object], [Object], [Object], [Object], [Object],
111 warn ERESOLVE       [Object], [Object], [Object], [Object], [Object],
111 warn ERESOLVE       [Object], [Object], [Object], [Object], [Object],
111 warn ERESOLVE       [Object], [Object], [Object], [Object], [Object],
111 warn ERESOLVE       [Object], [Object], [Object], [Object], [Object],
111 warn ERESOLVE       [Object], [Object], [Object], [Object], [Object],
111 warn ERESOLVE       [Object], [Object], [Object], [Object], [Object],
111 warn ERESOLVE       [Object], [Object], [Object], [Object], [Object],
111 warn ERESOLVE       [Object], [Object], [Object], [Object], [Object],
111 warn ERESOLVE       [Object], [Object], [Object], [Object], [Object]
111 warn ERESOLVE     ]
111 warn ERESOLVE   }
111 warn ERESOLVE }
112 warn ERESOLVE overriding peer dependency {
112 warn ERESOLVE   code: 'ERESOLVE',
112 warn ERESOLVE   edge: {
112 warn ERESOLVE     type: 'peer',
112 warn ERESOLVE     name: 'react',
112 warn ERESOLVE     spec: '^19.2.5',
112 warn ERESOLVE     from: {
112 warn ERESOLVE       name: 'react-dom',
112 warn ERESOLVE       version: '19.2.5',
112 warn ERESOLVE       location: 'frontend/node_modules/react-dom',
112 warn ERESOLVE       isWorkspace: false,
112 warn ERESOLVE       dependents: [Array]
112 warn ERESOLVE     }
112 warn ERESOLVE   },
112 warn ERESOLVE   dep: {
112 warn ERESOLVE     name: 'react',
112 warn ERESOLVE     version: undefined,
112 warn ERESOLVE     errors: [ [NotCachedError] ],
112 warn ERESOLVE     package: {},
112 warn ERESOLVE     whileInstalling: {
112 warn ERESOLVE       name: '@workspace/showroom',
112 warn ERESOLVE       version: '0.0.0',
112 warn ERESOLVE       path: 'C:\\Users\\abdelmezhuid_r\\Desktop\\GA\\Work Projects\\Asset-Manager\\frontend'
112 warn ERESOLVE     },
112 warn ERESOLVE     location: 'node_modules/react',
112 warn ERESOLVE     isWorkspace: false,
112 warn ERESOLVE     dependents: [ [Object] ]
112 warn ERESOLVE   },
112 warn ERESOLVE   force: false,
112 warn ERESOLVE   isMine: true,
112 warn ERESOLVE   strictPeerDeps: false,
112 warn ERESOLVE   current: {
112 warn ERESOLVE     name: 'react',
112 warn ERESOLVE     version: '19.2.5',
112 warn ERESOLVE     location: 'frontend/node_modules/react',
112 warn ERESOLVE     isWorkspace: false,
112 warn ERESOLVE     dependents: [
112 warn ERESOLVE       [Object], [Object], [Object], [Object], [Object],
112 warn ERESOLVE       [Object], [Object], [Object], [Object], [Object],
112 warn ERESOLVE       [Object], [Object], [Object], [Object], [Object],
112 warn ERESOLVE       [Object], [Object], [Object], [Object], [Object],
112 warn ERESOLVE       [Object], [Object], [Object], [Object], [Object],
112 warn ERESOLVE       [Object], [Object], [Object], [Object], [Object],
112 warn ERESOLVE       [Object], [Object], [Object], [Object], [Object],
112 warn ERESOLVE       [Object], [Object], [Object], [Object], [Object],
112 warn ERESOLVE       [Object], [Object], [Object], [Object], [Object],
112 warn ERESOLVE       [Object], [Object], [Object], [Object], [Object],
112 warn ERESOLVE       [Object], [Object], [Object], [Object], [Object],
112 warn ERESOLVE       [Object], [Object], [Object], [Object], [Object],
112 warn ERESOLVE       [Object], [Object], [Object], [Object], [Object]
112 warn ERESOLVE     ]
112 warn ERESOLVE   }
112 warn ERESOLVE }
113 warn ERESOLVE overriding peer dependency {
113 warn ERESOLVE   code: 'ERESOLVE',
113 warn ERESOLVE   edge: {
113 warn ERESOLVE     type: 'peer',
113 warn ERESOLVE     name: 'react',
113 warn ERESOLVE     spec: '^19.2.5',
113 warn ERESOLVE     from: {
113 warn ERESOLVE       name: 'react-dom',
113 warn ERESOLVE       version: '19.2.5',
113 warn ERESOLVE       location: 'frontend/node_modules/react-dom',
113 warn ERESOLVE       isWorkspace: false,
113 warn ERESOLVE       dependents: [Array]
113 warn ERESOLVE     }
113 warn ERESOLVE   },
113 warn ERESOLVE   dep: {
113 warn ERESOLVE     name: 'react',
113 warn ERESOLVE     version: undefined,
113 warn ERESOLVE     errors: [ [NotCachedError] ],
113 warn ERESOLVE     package: {},
113 warn ERESOLVE     whileInstalling: {
113 warn ERESOLVE       name: '@workspace/showroom',
113 warn ERESOLVE       version: '0.0.0',
113 warn ERESOLVE       path: 'C:\\Users\\abdelmezhuid_r\\Desktop\\GA\\Work Projects\\Asset-Manager\\frontend'
113 warn ERESOLVE     },
113 warn ERESOLVE     location: 'node_modules/react',
113 warn ERESOLVE     isWorkspace: false,
113 warn ERESOLVE     dependents: [ [Object] ]
113 warn ERESOLVE   },
113 warn ERESOLVE   force: false,
113 warn ERESOLVE   isMine: true,
113 warn ERESOLVE   strictPeerDeps: false,
113 warn ERESOLVE   current: {
113 warn ERESOLVE     name: 'react',
113 warn ERESOLVE     version: '19.2.5',
113 warn ERESOLVE     location: 'frontend/node_modules/react',
113 warn ERESOLVE     isWorkspace: false,
113 warn ERESOLVE     dependents: [
113 warn ERESOLVE       [Object], [Object], [Object], [Object], [Object],
113 warn ERESOLVE       [Object], [Object], [Object], [Object], [Object],
113 warn ERESOLVE       [Object], [Object], [Object], [Object], [Object],
113 warn ERESOLVE       [Object], [Object], [Object], [Object], [Object],
113 warn ERESOLVE       [Object], [Object], [Object], [Object], [Object],
113 warn ERESOLVE       [Object], [Object], [Object], [Object], [Object],
113 warn ERESOLVE       [Object], [Object], [Object], [Object], [Object],
113 warn ERESOLVE       [Object], [Object], [Object], [Object], [Object],
113 warn ERESOLVE       [Object], [Object], [Object], [Object], [Object],
113 warn ERESOLVE       [Object], [Object], [Object], [Object], [Object],
113 warn ERESOLVE       [Object], [Object], [Object], [Object], [Object],
113 warn ERESOLVE       [Object], [Object], [Object], [Object], [Object],
113 warn ERESOLVE       [Object], [Object], [Object], [Object], [Object]
113 warn ERESOLVE     ]
113 warn ERESOLVE   }
113 warn ERESOLVE }
114 warn ERESOLVE overriding peer dependency {
114 warn ERESOLVE   code: 'ERESOLVE',
114 warn ERESOLVE   edge: {
114 warn ERESOLVE     type: 'peer',
114 warn ERESOLVE     name: 'react',
114 warn ERESOLVE     spec: '^19.2.5',
114 warn ERESOLVE     from: {
114 warn ERESOLVE       name: 'react-dom',
114 warn ERESOLVE       version: '19.2.5',
114 warn ERESOLVE       location: 'frontend/node_modules/react-dom',
114 warn ERESOLVE       isWorkspace: false,
114 warn ERESOLVE       dependents: [Array]
114 warn ERESOLVE     }
114 warn ERESOLVE   },
114 warn ERESOLVE   dep: {
114 warn ERESOLVE     name: 'react',
114 warn ERESOLVE     version: undefined,
114 warn ERESOLVE     errors: [ [NotCachedError] ],
114 warn ERESOLVE     package: {},
114 warn ERESOLVE     whileInstalling: {
114 warn ERESOLVE       name: '@workspace/showroom',
114 warn ERESOLVE       version: '0.0.0',
114 warn ERESOLVE       path: 'C:\\Users\\abdelmezhuid_r\\Desktop\\GA\\Work Projects\\Asset-Manager\\frontend'
114 warn ERESOLVE     },
114 warn ERESOLVE     location: 'node_modules/react',
114 warn ERESOLVE     isWorkspace: false,
114 warn ERESOLVE     dependents: [ [Object] ]
114 warn ERESOLVE   },
114 warn ERESOLVE   force: false,
114 warn ERESOLVE   isMine: true,
114 warn ERESOLVE   strictPeerDeps: false,
114 warn ERESOLVE   current: {
114 warn ERESOLVE     name: 'react',
114 warn ERESOLVE     version: '19.2.5',
114 warn ERESOLVE     location: 'frontend/node_modules/react',
114 warn ERESOLVE     isWorkspace: false,
114 warn ERESOLVE     dependents: [
114 warn ERESOLVE       [Object], [Object], [Object], [Object], [Object],
114 warn ERESOLVE       [Object], [Object], [Object], [Object], [Object],
114 warn ERESOLVE       [Object], [Object], [Object], [Object], [Object],
114 warn ERESOLVE       [Object], [Object], [Object], [Object], [Object],
114 warn ERESOLVE       [Object], [Object], [Object], [Object], [Object],
114 warn ERESOLVE       [Object], [Object], [Object], [Object], [Object],
114 warn ERESOLVE       [Object], [Object], [Object], [Object], [Object],
114 warn ERESOLVE       [Object], [Object], [Object], [Object], [Object],
114 warn ERESOLVE       [Object], [Object], [Object], [Object], [Object],
114 warn ERESOLVE       [Object], [Object], [Object], [Object], [Object],
114 warn ERESOLVE       [Object], [Object], [Object], [Object], [Object],
114 warn ERESOLVE       [Object], [Object], [Object], [Object], [Object],
114 warn ERESOLVE       [Object], [Object], [Object], [Object], [Object]
114 warn ERESOLVE     ]
114 warn ERESOLVE   }
114 warn ERESOLVE }
115 warn ERESOLVE overriding peer dependency {
115 warn ERESOLVE   code: 'ERESOLVE',
115 warn ERESOLVE   edge: {
115 warn ERESOLVE     type: 'peer',
115 warn ERESOLVE     name: 'react',
115 warn ERESOLVE     spec: '^19.2.5',
115 warn ERESOLVE     from: {
115 warn ERESOLVE       name: 'react-dom',
115 warn ERESOLVE       version: '19.2.5',
115 warn ERESOLVE       location: 'frontend/node_modules/react-dom',
115 warn ERESOLVE       isWorkspace: false,
115 warn ERESOLVE       dependents: [Array]
115 warn ERESOLVE     }
115 warn ERESOLVE   },
115 warn ERESOLVE   dep: {
115 warn ERESOLVE     name: 'react',
115 warn ERESOLVE     version: undefined,
115 warn ERESOLVE     errors: [ [NotCachedError] ],
115 warn ERESOLVE     package: {},
115 warn ERESOLVE     whileInstalling: {
115 warn ERESOLVE       name: '@workspace/showroom',
115 warn ERESOLVE       version: '0.0.0',
115 warn ERESOLVE       path: 'C:\\Users\\abdelmezhuid_r\\Desktop\\GA\\Work Projects\\Asset-Manager\\frontend'
115 warn ERESOLVE     },
115 warn ERESOLVE     location: 'node_modules/react',
115 warn ERESOLVE     isWorkspace: false,
115 warn ERESOLVE     dependents: [ [Object] ]
115 warn ERESOLVE   },
115 warn ERESOLVE   force: false,
115 warn ERESOLVE   isMine: true,
115 warn ERESOLVE   strictPeerDeps: false,
115 warn ERESOLVE   current: {
115 warn ERESOLVE     name: 'react',
115 warn ERESOLVE     version: '19.2.5',
115 warn ERESOLVE     location: 'frontend/node_modules/react',
115 warn ERESOLVE     isWorkspace: false,
115 warn ERESOLVE     dependents: [
115 warn ERESOLVE       [Object], [Object], [Object], [Object], [Object],
115 warn ERESOLVE       [Object], [Object], [Object], [Object], [Object],
115 warn ERESOLVE       [Object], [Object], [Object], [Object], [Object],
115 warn ERESOLVE       [Object], [Object], [Object], [Object], [Object],
115 warn ERESOLVE       [Object], [Object], [Object], [Object], [Object],
115 warn ERESOLVE       [Object], [Object], [Object], [Object], [Object],
115 warn ERESOLVE       [Object], [Object], [Object], [Object], [Object],
115 warn ERESOLVE       [Object], [Object], [Object], [Object], [Object],
115 warn ERESOLVE       [Object], [Object], [Object], [Object], [Object],
115 warn ERESOLVE       [Object], [Object], [Object], [Object], [Object],
115 warn ERESOLVE       [Object], [Object], [Object], [Object], [Object],
115 warn ERESOLVE       [Object], [Object], [Object], [Object], [Object],
115 warn ERESOLVE       [Object], [Object], [Object], [Object], [Object]
115 warn ERESOLVE     ]
115 warn ERESOLVE   }
115 warn ERESOLVE }
116 warn ERESOLVE overriding peer dependency {
116 warn ERESOLVE   code: 'ERESOLVE',
116 warn ERESOLVE   edge: {
116 warn ERESOLVE     type: 'peer',
116 warn ERESOLVE     name: 'react',
116 warn ERESOLVE     spec: '^19.2.5',
116 warn ERESOLVE     from: {
116 warn ERESOLVE       name: 'react-dom',
116 warn ERESOLVE       version: '19.2.5',
116 warn ERESOLVE       location: 'frontend/node_modules/react-dom',
116 warn ERESOLVE       isWorkspace: false,
116 warn ERESOLVE       dependents: [Array]
116 warn ERESOLVE     }
116 warn ERESOLVE   },
116 warn ERESOLVE   dep: {
116 warn ERESOLVE     name: 'react',
116 warn ERESOLVE     version: undefined,
116 warn ERESOLVE     errors: [ [NotCachedError] ],
116 warn ERESOLVE     package: {},
116 warn ERESOLVE     whileInstalling: {
116 warn ERESOLVE       name: '@workspace/showroom',
116 warn ERESOLVE       version: '0.0.0',
116 warn ERESOLVE       path: 'C:\\Users\\abdelmezhuid_r\\Desktop\\GA\\Work Projects\\Asset-Manager\\frontend'
116 warn ERESOLVE     },
116 warn ERESOLVE     location: 'node_modules/react',
116 warn ERESOLVE     isWorkspace: false,
116 warn ERESOLVE     dependents: [ [Object] ]
116 warn ERESOLVE   },
116 warn ERESOLVE   force: false,
116 warn ERESOLVE   isMine: true,
116 warn ERESOLVE   strictPeerDeps: false,
116 warn ERESOLVE   current: {
116 warn ERESOLVE     name: 'react',
116 warn ERESOLVE     version: '19.2.5',
116 warn ERESOLVE     location: 'frontend/node_modules/react',
116 warn ERESOLVE     isWorkspace: false,
116 warn ERESOLVE     dependents: [
116 warn ERESOLVE       [Object], [Object], [Object], [Object], [Object],
116 warn ERESOLVE       [Object], [Object], [Object], [Object], [Object],
116 warn ERESOLVE       [Object], [Object], [Object], [Object], [Object],
116 warn ERESOLVE       [Object], [Object], [Object], [Object], [Object],
116 warn ERESOLVE       [Object], [Object], [Object], [Object], [Object],
116 warn ERESOLVE       [Object], [Object], [Object], [Object], [Object],
116 warn ERESOLVE       [Object], [Object], [Object], [Object], [Object],
116 warn ERESOLVE       [Object], [Object], [Object], [Object], [Object],
116 warn ERESOLVE       [Object], [Object], [Object], [Object], [Object],
116 warn ERESOLVE       [Object], [Object], [Object], [Object], [Object],
116 warn ERESOLVE       [Object], [Object], [Object], [Object], [Object],
116 warn ERESOLVE       [Object], [Object], [Object], [Object], [Object],
116 warn ERESOLVE       [Object], [Object], [Object], [Object], [Object]
116 warn ERESOLVE     ]
116 warn ERESOLVE   }
116 warn ERESOLVE }
117 warn ERESOLVE overriding peer dependency {
117 warn ERESOLVE   code: 'ERESOLVE',
117 warn ERESOLVE   edge: {
117 warn ERESOLVE     type: 'peer',
117 warn ERESOLVE     name: 'react',
117 warn ERESOLVE     spec: '^19.2.5',
117 warn ERESOLVE     from: {
117 warn ERESOLVE       name: 'react-dom',
117 warn ERESOLVE       version: '19.2.5',
117 warn ERESOLVE       location: 'frontend/node_modules/react-dom',
117 warn ERESOLVE       isWorkspace: false,
117 warn ERESOLVE       dependents: [Array]
117 warn ERESOLVE     }
117 warn ERESOLVE   },
117 warn ERESOLVE   dep: {
117 warn ERESOLVE     name: 'react',
117 warn ERESOLVE     version: undefined,
117 warn ERESOLVE     errors: [ [NotCachedError] ],
117 warn ERESOLVE     package: {},
117 warn ERESOLVE     whileInstalling: {
117 warn ERESOLVE       name: '@workspace/showroom',
117 warn ERESOLVE       version: '0.0.0',
117 warn ERESOLVE       path: 'C:\\Users\\abdelmezhuid_r\\Desktop\\GA\\Work Projects\\Asset-Manager\\frontend'
117 warn ERESOLVE     },
117 warn ERESOLVE     location: 'node_modules/react',
117 warn ERESOLVE     isWorkspace: false,
117 warn ERESOLVE     dependents: [ [Object] ]
117 warn ERESOLVE   },
117 warn ERESOLVE   force: false,
117 warn ERESOLVE   isMine: true,
117 warn ERESOLVE   strictPeerDeps: false,
117 warn ERESOLVE   current: {
117 warn ERESOLVE     name: 'react',
117 warn ERESOLVE     version: '19.2.5',
117 warn ERESOLVE     location: 'frontend/node_modules/react',
117 warn ERESOLVE     isWorkspace: false,
117 warn ERESOLVE     dependents: [
117 warn ERESOLVE       [Object], [Object], [Object], [Object], [Object],
117 warn ERESOLVE       [Object], [Object], [Object], [Object], [Object],
117 warn ERESOLVE       [Object], [Object], [Object], [Object], [Object],
117 warn ERESOLVE       [Object], [Object], [Object], [Object], [Object],
117 warn ERESOLVE       [Object], [Object], [Object], [Object], [Object],
117 warn ERESOLVE       [Object], [Object], [Object], [Object], [Object],
117 warn ERESOLVE       [Object], [Object], [Object], [Object], [Object],
117 warn ERESOLVE       [Object], [Object], [Object], [Object], [Object],
117 warn ERESOLVE       [Object], [Object], [Object], [Object], [Object],
117 warn ERESOLVE       [Object], [Object], [Object], [Object], [Object],
117 warn ERESOLVE       [Object], [Object], [Object], [Object], [Object],
117 warn ERESOLVE       [Object], [Object], [Object], [Object], [Object],
117 warn ERESOLVE       [Object], [Object], [Object], [Object], [Object]
117 warn ERESOLVE     ]
117 warn ERESOLVE   }
117 warn ERESOLVE }
118 warn ERESOLVE overriding peer dependency {
118 warn ERESOLVE   code: 'ERESOLVE',
118 warn ERESOLVE   edge: {
118 warn ERESOLVE     type: 'peer',
118 warn ERESOLVE     name: 'react',
118 warn ERESOLVE     spec: '^19.2.5',
118 warn ERESOLVE     from: {
118 warn ERESOLVE       name: 'react-dom',
118 warn ERESOLVE       version: '19.2.5',
118 warn ERESOLVE       location: 'frontend/node_modules/react-dom',
118 warn ERESOLVE       isWorkspace: false,
118 warn ERESOLVE       dependents: [Array]
118 warn ERESOLVE     }
118 warn ERESOLVE   },
118 warn ERESOLVE   dep: {
118 warn ERESOLVE     name: 'react',
118 warn ERESOLVE     version: undefined,
118 warn ERESOLVE     errors: [ [NotCachedError] ],
118 warn ERESOLVE     package: {},
118 warn ERESOLVE     whileInstalling: {
118 warn ERESOLVE       name: '@workspace/showroom',
118 warn ERESOLVE       version: '0.0.0',
118 warn ERESOLVE       path: 'C:\\Users\\abdelmezhuid_r\\Desktop\\GA\\Work Projects\\Asset-Manager\\frontend'
118 warn ERESOLVE     },
118 warn ERESOLVE     location: 'node_modules/react',
118 warn ERESOLVE     isWorkspace: false,
118 warn ERESOLVE     dependents: [ [Object] ]
118 warn ERESOLVE   },
118 warn ERESOLVE   force: false,
118 warn ERESOLVE   isMine: true,
118 warn ERESOLVE   strictPeerDeps: false,
118 warn ERESOLVE   current: {
118 warn ERESOLVE     name: 'react',
118 warn ERESOLVE     version: '19.2.5',
118 warn ERESOLVE     location: 'frontend/node_modules/react',
118 warn ERESOLVE     isWorkspace: false,
118 warn ERESOLVE     dependents: [
118 warn ERESOLVE       [Object], [Object], [Object], [Object], [Object],
118 warn ERESOLVE       [Object], [Object], [Object], [Object], [Object],
118 warn ERESOLVE       [Object], [Object], [Object], [Object], [Object],
118 warn ERESOLVE       [Object], [Object], [Object], [Object], [Object],
118 warn ERESOLVE       [Object], [Object], [Object], [Object], [Object],
118 warn ERESOLVE       [Object], [Object], [Object], [Object], [Object],
118 warn ERESOLVE       [Object], [Object], [Object], [Object], [Object],
118 warn ERESOLVE       [Object], [Object], [Object], [Object], [Object],
118 warn ERESOLVE       [Object], [Object], [Object], [Object], [Object],
118 warn ERESOLVE       [Object], [Object], [Object], [Object], [Object],
118 warn ERESOLVE       [Object], [Object], [Object], [Object], [Object],
118 warn ERESOLVE       [Object], [Object], [Object], [Object], [Object],
118 warn ERESOLVE       [Object], [Object], [Object], [Object], [Object]
118 warn ERESOLVE     ]
118 warn ERESOLVE   }
118 warn ERESOLVE }
119 warn ERESOLVE overriding peer dependency {
119 warn ERESOLVE   code: 'ERESOLVE',
119 warn ERESOLVE   edge: {
119 warn ERESOLVE     type: 'peer',
119 warn ERESOLVE     name: 'react',
119 warn ERESOLVE     spec: '^19.2.5',
119 warn ERESOLVE     from: {
119 warn ERESOLVE       name: 'react-dom',
119 warn ERESOLVE       version: '19.2.5',
119 warn ERESOLVE       location: 'frontend/node_modules/react-dom',
119 warn ERESOLVE       isWorkspace: false,
119 warn ERESOLVE       dependents: [Array]
119 warn ERESOLVE     }
119 warn ERESOLVE   },
119 warn ERESOLVE   dep: {
119 warn ERESOLVE     name: 'react',
119 warn ERESOLVE     version: undefined,
119 warn ERESOLVE     errors: [ [NotCachedError] ],
119 warn ERESOLVE     package: {},
119 warn ERESOLVE     whileInstalling: {
119 warn ERESOLVE       name: '@workspace/showroom',
119 warn ERESOLVE       version: '0.0.0',
119 warn ERESOLVE       path: 'C:\\Users\\abdelmezhuid_r\\Desktop\\GA\\Work Projects\\Asset-Manager\\frontend'
119 warn ERESOLVE     },
119 warn ERESOLVE     location: 'node_modules/react',
119 warn ERESOLVE     isWorkspace: false,
119 warn ERESOLVE     dependents: [ [Object] ]
119 warn ERESOLVE   },
119 warn ERESOLVE   force: false,
119 warn ERESOLVE   isMine: true,
119 warn ERESOLVE   strictPeerDeps: false,
119 warn ERESOLVE   current: {
119 warn ERESOLVE     name: 'react',
119 warn ERESOLVE     version: '19.2.5',
119 warn ERESOLVE     location: 'frontend/node_modules/react',
119 warn ERESOLVE     isWorkspace: false,
119 warn ERESOLVE     dependents: [
119 warn ERESOLVE       [Object], [Object], [Object], [Object], [Object],
119 warn ERESOLVE       [Object], [Object], [Object], [Object], [Object],
119 warn ERESOLVE       [Object], [Object], [Object], [Object], [Object],
119 warn ERESOLVE       [Object], [Object], [Object], [Object], [Object],
119 warn ERESOLVE       [Object], [Object], [Object], [Object], [Object],
119 warn ERESOLVE       [Object], [Object], [Object], [Object], [Object],
119 warn ERESOLVE       [Object], [Object], [Object], [Object], [Object],
119 warn ERESOLVE       [Object], [Object], [Object], [Object], [Object],
119 warn ERESOLVE       [Object], [Object], [Object], [Object], [Object],
119 warn ERESOLVE       [Object], [Object], [Object], [Object], [Object],
119 warn ERESOLVE       [Object], [Object], [Object], [Object], [Object],
119 warn ERESOLVE       [Object], [Object], [Object], [Object], [Object],
119 warn ERESOLVE       [Object], [Object], [Object], [Object], [Object]
119 warn ERESOLVE     ]
119 warn ERESOLVE   }
119 warn ERESOLVE }
120 warn ERESOLVE overriding peer dependency {
120 warn ERESOLVE   code: 'ERESOLVE',
120 warn ERESOLVE   edge: {
120 warn ERESOLVE     type: 'peer',
120 warn ERESOLVE     name: 'react',
120 warn ERESOLVE     spec: '^19.2.5',
120 warn ERESOLVE     from: {
120 warn ERESOLVE       name: 'react-dom',
120 warn ERESOLVE       version: '19.2.5',
120 warn ERESOLVE       location: 'frontend/node_modules/react-dom',
120 warn ERESOLVE       isWorkspace: false,
120 warn ERESOLVE       dependents: [Array]
120 warn ERESOLVE     }
120 warn ERESOLVE   },
120 warn ERESOLVE   dep: {
120 warn ERESOLVE     name: 'react',
120 warn ERESOLVE     version: undefined,
120 warn ERESOLVE     errors: [ [NotCachedError] ],
120 warn ERESOLVE     package: {},
120 warn ERESOLVE     whileInstalling: {
120 warn ERESOLVE       name: '@workspace/showroom',
120 warn ERESOLVE       version: '0.0.0',
120 warn ERESOLVE       path: 'C:\\Users\\abdelmezhuid_r\\Desktop\\GA\\Work Projects\\Asset-Manager\\frontend'
120 warn ERESOLVE     },
120 warn ERESOLVE     location: 'node_modules/react',
120 warn ERESOLVE     isWorkspace: false,
120 warn ERESOLVE     dependents: [ [Object] ]
120 warn ERESOLVE   },
120 warn ERESOLVE   force: false,
120 warn ERESOLVE   isMine: true,
120 warn ERESOLVE   strictPeerDeps: false,
120 warn ERESOLVE   current: {
120 warn ERESOLVE     name: 'react',
120 warn ERESOLVE     version: '19.2.5',
120 warn ERESOLVE     location: 'frontend/node_modules/react',
120 warn ERESOLVE     isWorkspace: false,
120 warn ERESOLVE     dependents: [
120 warn ERESOLVE       [Object], [Object], [Object], [Object], [Object],
120 warn ERESOLVE       [Object], [Object], [Object], [Object], [Object],
120 warn ERESOLVE       [Object], [Object], [Object], [Object], [Object],
120 warn ERESOLVE       [Object], [Object], [Object], [Object], [Object],
120 warn ERESOLVE       [Object], [Object], [Object], [Object], [Object],
120 warn ERESOLVE       [Object], [Object], [Object], [Object], [Object],
120 warn ERESOLVE       [Object], [Object], [Object], [Object], [Object],
120 warn ERESOLVE       [Object], [Object], [Object], [Object], [Object],
120 warn ERESOLVE       [Object], [Object], [Object], [Object], [Object],
120 warn ERESOLVE       [Object], [Object], [Object], [Object], [Object],
120 warn ERESOLVE       [Object], [Object], [Object], [Object], [Object],
120 warn ERESOLVE       [Object], [Object], [Object], [Object], [Object],
120 warn ERESOLVE       [Object], [Object], [Object], [Object], [Object]
120 warn ERESOLVE     ]
120 warn ERESOLVE   }
120 warn ERESOLVE }
121 warn ERESOLVE overriding peer dependency {
121 warn ERESOLVE   code: 'ERESOLVE',
121 warn ERESOLVE   edge: {
121 warn ERESOLVE     type: 'peer',
121 warn ERESOLVE     name: 'react',
121 warn ERESOLVE     spec: '^19.2.5',
121 warn ERESOLVE     from: {
121 warn ERESOLVE       name: 'react-dom',
121 warn ERESOLVE       version: '19.2.5',
121 warn ERESOLVE       location: 'frontend/node_modules/react-dom',
121 warn ERESOLVE       isWorkspace: false,
121 warn ERESOLVE       dependents: [Array]
121 warn ERESOLVE     }
121 warn ERESOLVE   },
121 warn ERESOLVE   dep: {
121 warn ERESOLVE     name: 'react',
121 warn ERESOLVE     version: undefined,
121 warn ERESOLVE     errors: [ [NotCachedError] ],
121 warn ERESOLVE     package: {},
121 warn ERESOLVE     whileInstalling: {
121 warn ERESOLVE       name: '@workspace/showroom',
121 warn ERESOLVE       version: '0.0.0',
121 warn ERESOLVE       path: 'C:\\Users\\abdelmezhuid_r\\Desktop\\GA\\Work Projects\\Asset-Manager\\frontend'
121 warn ERESOLVE     },
121 warn ERESOLVE     location: 'node_modules/react',
121 warn ERESOLVE     isWorkspace: false,
121 warn ERESOLVE     dependents: [ [Object] ]
121 warn ERESOLVE   },
121 warn ERESOLVE   force: false,
121 warn ERESOLVE   isMine: true,
121 warn ERESOLVE   strictPeerDeps: false,
121 warn ERESOLVE   current: {
121 warn ERESOLVE     name: 'react',
121 warn ERESOLVE     version: '19.2.5',
121 warn ERESOLVE     location: 'frontend/node_modules/react',
121 warn ERESOLVE     isWorkspace: false,
121 warn ERESOLVE     dependents: [
121 warn ERESOLVE       [Object], [Object], [Object], [Object], [Object],
121 warn ERESOLVE       [Object], [Object], [Object], [Object], [Object],
121 warn ERESOLVE       [Object], [Object], [Object], [Object], [Object],
121 warn ERESOLVE       [Object], [Object], [Object], [Object], [Object],
121 warn ERESOLVE       [Object], [Object], [Object], [Object], [Object],
121 warn ERESOLVE       [Object], [Object], [Object], [Object], [Object],
121 warn ERESOLVE       [Object], [Object], [Object], [Object], [Object],
121 warn ERESOLVE       [Object], [Object], [Object], [Object], [Object],
121 warn ERESOLVE       [Object], [Object], [Object], [Object], [Object],
121 warn ERESOLVE       [Object], [Object], [Object], [Object], [Object],
121 warn ERESOLVE       [Object], [Object], [Object], [Object], [Object],
121 warn ERESOLVE       [Object], [Object], [Object], [Object], [Object],
121 warn ERESOLVE       [Object], [Object], [Object], [Object], [Object]
121 warn ERESOLVE     ]
121 warn ERESOLVE   }
121 warn ERESOLVE }
122 warn ERESOLVE overriding peer dependency {
122 warn ERESOLVE   code: 'ERESOLVE',
122 warn ERESOLVE   edge: {
122 warn ERESOLVE     type: 'peer',
122 warn ERESOLVE     name: 'react',
122 warn ERESOLVE     spec: '^19.2.5',
122 warn ERESOLVE     from: {
122 warn ERESOLVE       name: 'react-dom',
122 warn ERESOLVE       version: '19.2.5',
122 warn ERESOLVE       location: 'frontend/node_modules/react-dom',
122 warn ERESOLVE       isWorkspace: false,
122 warn ERESOLVE       dependents: [Array]
122 warn ERESOLVE     }
122 warn ERESOLVE   },
122 warn ERESOLVE   dep: {
122 warn ERESOLVE     name: 'react',
122 warn ERESOLVE     version: undefined,
122 warn ERESOLVE     errors: [ [NotCachedError] ],
122 warn ERESOLVE     package: {},
122 warn ERESOLVE     whileInstalling: {
122 warn ERESOLVE       name: '@workspace/showroom',
122 warn ERESOLVE       version: '0.0.0',
122 warn ERESOLVE       path: 'C:\\Users\\abdelmezhuid_r\\Desktop\\GA\\Work Projects\\Asset-Manager\\frontend'
122 warn ERESOLVE     },
122 warn ERESOLVE     location: 'node_modules/react',
122 warn ERESOLVE     isWorkspace: false,
122 warn ERESOLVE     dependents: [ [Object] ]
122 warn ERESOLVE   },
122 warn ERESOLVE   force: false,
122 warn ERESOLVE   isMine: true,
122 warn ERESOLVE   strictPeerDeps: false,
122 warn ERESOLVE   current: {
122 warn ERESOLVE     name: 'react',
122 warn ERESOLVE     version: '19.2.5',
122 warn ERESOLVE     location: 'frontend/node_modules/react',
122 warn ERESOLVE     isWorkspace: false,
122 warn ERESOLVE     dependents: [
122 warn ERESOLVE       [Object], [Object], [Object], [Object], [Object],
122 warn ERESOLVE       [Object], [Object], [Object], [Object], [Object],
122 warn ERESOLVE       [Object], [Object], [Object], [Object], [Object],
122 warn ERESOLVE       [Object], [Object], [Object], [Object], [Object],
122 warn ERESOLVE       [Object], [Object], [Object], [Object], [Object],
122 warn ERESOLVE       [Object], [Object], [Object], [Object], [Object],
122 warn ERESOLVE       [Object], [Object], [Object], [Object], [Object],
122 warn ERESOLVE       [Object], [Object], [Object], [Object], [Object],
122 warn ERESOLVE       [Object], [Object], [Object], [Object], [Object],
122 warn ERESOLVE       [Object], [Object], [Object], [Object], [Object],
122 warn ERESOLVE       [Object], [Object], [Object], [Object], [Object],
122 warn ERESOLVE       [Object], [Object], [Object], [Object], [Object],
122 warn ERESOLVE       [Object], [Object], [Object], [Object], [Object]
122 warn ERESOLVE     ]
122 warn ERESOLVE   }
122 warn ERESOLVE }
123 warn ERESOLVE overriding peer dependency {
123 warn ERESOLVE   code: 'ERESOLVE',
123 warn ERESOLVE   edge: {
123 warn ERESOLVE     type: 'peer',
123 warn ERESOLVE     name: 'react',
123 warn ERESOLVE     spec: '^19.2.5',
123 warn ERESOLVE     from: {
123 warn ERESOLVE       name: 'react-dom',
123 warn ERESOLVE       version: '19.2.5',
123 warn ERESOLVE       location: 'frontend/node_modules/react-dom',
123 warn ERESOLVE       isWorkspace: false,
123 warn ERESOLVE       dependents: [Array]
123 warn ERESOLVE     }
123 warn ERESOLVE   },
123 warn ERESOLVE   dep: {
123 warn ERESOLVE     name: 'react',
123 warn ERESOLVE     version: undefined,
123 warn ERESOLVE     errors: [ [NotCachedError] ],
123 warn ERESOLVE     package: {},
123 warn ERESOLVE     whileInstalling: {
123 warn ERESOLVE       name: '@workspace/showroom',
123 warn ERESOLVE       version: '0.0.0',
123 warn ERESOLVE       path: 'C:\\Users\\abdelmezhuid_r\\Desktop\\GA\\Work Projects\\Asset-Manager\\frontend'
123 warn ERESOLVE     },
123 warn ERESOLVE     location: 'node_modules/react',
123 warn ERESOLVE     isWorkspace: false,
123 warn ERESOLVE     dependents: [ [Object] ]
123 warn ERESOLVE   },
123 warn ERESOLVE   force: false,
123 warn ERESOLVE   isMine: true,
123 warn ERESOLVE   strictPeerDeps: false,
123 warn ERESOLVE   current: {
123 warn ERESOLVE     name: 'react',
123 warn ERESOLVE     version: '19.2.5',
123 warn ERESOLVE     location: 'frontend/node_modules/react',
123 warn ERESOLVE     isWorkspace: false,
123 warn ERESOLVE     dependents: [
123 warn ERESOLVE       [Object], [Object], [Object], [Object], [Object],
123 warn ERESOLVE       [Object], [Object], [Object], [Object], [Object],
123 warn ERESOLVE       [Object], [Object], [Object], [Object], [Object],
123 warn ERESOLVE       [Object], [Object], [Object], [Object], [Object],
123 warn ERESOLVE       [Object], [Object], [Object], [Object], [Object],
123 warn ERESOLVE       [Object], [Object], [Object], [Object], [Object],
123 warn ERESOLVE       [Object], [Object], [Object], [Object], [Object],
123 warn ERESOLVE       [Object], [Object], [Object], [Object], [Object],
123 warn ERESOLVE       [Object], [Object], [Object], [Object], [Object],
123 warn ERESOLVE       [Object], [Object], [Object], [Object], [Object],
123 warn ERESOLVE       [Object], [Object], [Object], [Object], [Object],
123 warn ERESOLVE       [Object], [Object], [Object], [Object], [Object],
123 warn ERESOLVE       [Object], [Object], [Object], [Object], [Object]
123 warn ERESOLVE     ]
123 warn ERESOLVE   }
123 warn ERESOLVE }
124 warn ERESOLVE overriding peer dependency {
124 warn ERESOLVE   code: 'ERESOLVE',
124 warn ERESOLVE   edge: {
124 warn ERESOLVE     type: 'peer',
124 warn ERESOLVE     name: 'react',
124 warn ERESOLVE     spec: '^19.2.5',
124 warn ERESOLVE     from: {
124 warn ERESOLVE       name: 'react-dom',
124 warn ERESOLVE       version: '19.2.5',
124 warn ERESOLVE       location: 'frontend/node_modules/react-dom',
124 warn ERESOLVE       isWorkspace: false,
124 warn ERESOLVE       dependents: [Array]
124 warn ERESOLVE     }
124 warn ERESOLVE   },
124 warn ERESOLVE   dep: {
124 warn ERESOLVE     name: 'react',
124 warn ERESOLVE     version: undefined,
124 warn ERESOLVE     errors: [ [NotCachedError] ],
124 warn ERESOLVE     package: {},
124 warn ERESOLVE     whileInstalling: {
124 warn ERESOLVE       name: '@workspace/showroom',
124 warn ERESOLVE       version: '0.0.0',
124 warn ERESOLVE       path: 'C:\\Users\\abdelmezhuid_r\\Desktop\\GA\\Work Projects\\Asset-Manager\\frontend'
124 warn ERESOLVE     },
124 warn ERESOLVE     location: 'node_modules/react',
124 warn ERESOLVE     isWorkspace: false,
124 warn ERESOLVE     dependents: [ [Object] ]
124 warn ERESOLVE   },
124 warn ERESOLVE   force: false,
124 warn ERESOLVE   isMine: true,
124 warn ERESOLVE   strictPeerDeps: false,
124 warn ERESOLVE   current: {
124 warn ERESOLVE     name: 'react',
124 warn ERESOLVE     version: '19.2.5',
124 warn ERESOLVE     location: 'frontend/node_modules/react',
124 warn ERESOLVE     isWorkspace: false,
124 warn ERESOLVE     dependents: [
124 warn ERESOLVE       [Object], [Object], [Object], [Object], [Object],
124 warn ERESOLVE       [Object], [Object], [Object], [Object], [Object],
124 warn ERESOLVE       [Object], [Object], [Object], [Object], [Object],
124 warn ERESOLVE       [Object], [Object], [Object], [Object], [Object],
124 warn ERESOLVE       [Object], [Object], [Object], [Object], [Object],
124 warn ERESOLVE       [Object], [Object], [Object], [Object], [Object],
124 warn ERESOLVE       [Object], [Object], [Object], [Object], [Object],
124 warn ERESOLVE       [Object], [Object], [Object], [Object], [Object],
124 warn ERESOLVE       [Object], [Object], [Object], [Object], [Object],
124 warn ERESOLVE       [Object], [Object], [Object], [Object], [Object],
124 warn ERESOLVE       [Object], [Object], [Object], [Object], [Object],
124 warn ERESOLVE       [Object], [Object], [Object], [Object], [Object],
124 warn ERESOLVE       [Object], [Object], [Object], [Object], [Object]
124 warn ERESOLVE     ]
124 warn ERESOLVE   }
124 warn ERESOLVE }
125 warn ERESOLVE overriding peer dependency {
125 warn ERESOLVE   code: 'ERESOLVE',
125 warn ERESOLVE   edge: {
125 warn ERESOLVE     type: 'peer',
125 warn ERESOLVE     name: 'react',
125 warn ERESOLVE     spec: '^19.2.5',
125 warn ERESOLVE     from: {
125 warn ERESOLVE       name: 'react-dom',
125 warn ERESOLVE       version: '19.2.5',
125 warn ERESOLVE       location: 'frontend/node_modules/react-dom',
125 warn ERESOLVE       isWorkspace: false,
125 warn ERESOLVE       dependents: [Array]
125 warn ERESOLVE     }
125 warn ERESOLVE   },
125 warn ERESOLVE   dep: {
125 warn ERESOLVE     name: 'react',
125 warn ERESOLVE     version: undefined,
125 warn ERESOLVE     errors: [ [NotCachedError] ],
125 warn ERESOLVE     package: {},
125 warn ERESOLVE     whileInstalling: {
125 warn ERESOLVE       name: '@workspace/showroom',
125 warn ERESOLVE       version: '0.0.0',
125 warn ERESOLVE       path: 'C:\\Users\\abdelmezhuid_r\\Desktop\\GA\\Work Projects\\Asset-Manager\\frontend'
125 warn ERESOLVE     },
125 warn ERESOLVE     location: 'node_modules/react',
125 warn ERESOLVE     isWorkspace: false,
125 warn ERESOLVE     dependents: [ [Object] ]
125 warn ERESOLVE   },
125 warn ERESOLVE   force: false,
125 warn ERESOLVE   isMine: true,
125 warn ERESOLVE   strictPeerDeps: false,
125 warn ERESOLVE   current: {
125 warn ERESOLVE     name: 'react',
125 warn ERESOLVE     version: '19.2.5',
125 warn ERESOLVE     location: 'frontend/node_modules/react',
125 warn ERESOLVE     isWorkspace: false,
125 warn ERESOLVE     dependents: [
125 warn ERESOLVE       [Object], [Object], [Object], [Object], [Object],
125 warn ERESOLVE       [Object], [Object], [Object], [Object], [Object],
125 warn ERESOLVE       [Object], [Object], [Object], [Object], [Object],
125 warn ERESOLVE       [Object], [Object], [Object], [Object], [Object],
125 warn ERESOLVE       [Object], [Object], [Object], [Object], [Object],
125 warn ERESOLVE       [Object], [Object], [Object], [Object], [Object],
125 warn ERESOLVE       [Object], [Object], [Object], [Object], [Object],
125 warn ERESOLVE       [Object], [Object], [Object], [Object], [Object],
125 warn ERESOLVE       [Object], [Object], [Object], [Object], [Object],
125 warn ERESOLVE       [Object], [Object], [Object], [Object], [Object],
125 warn ERESOLVE       [Object], [Object], [Object], [Object], [Object],
125 warn ERESOLVE       [Object], [Object], [Object], [Object], [Object],
125 warn ERESOLVE       [Object], [Object], [Object], [Object], [Object]
125 warn ERESOLVE     ]
125 warn ERESOLVE   }
125 warn ERESOLVE }
126 warn ERESOLVE overriding peer dependency {
126 warn ERESOLVE   code: 'ERESOLVE',
126 warn ERESOLVE   edge: {
126 warn ERESOLVE     type: 'peer',
126 warn ERESOLVE     name: 'react',
126 warn ERESOLVE     spec: '^19.2.5',
126 warn ERESOLVE     from: {
126 warn ERESOLVE       name: 'react-dom',
126 warn ERESOLVE       version: '19.2.5',
126 warn ERESOLVE       location: 'frontend/node_modules/react-dom',
126 warn ERESOLVE       isWorkspace: false,
126 warn ERESOLVE       dependents: [Array]
126 warn ERESOLVE     }
126 warn ERESOLVE   },
126 warn ERESOLVE   dep: {
126 warn ERESOLVE     name: 'react',
126 warn ERESOLVE     version: undefined,
126 warn ERESOLVE     errors: [ [NotCachedError] ],
126 warn ERESOLVE     package: {},
126 warn ERESOLVE     whileInstalling: {
126 warn ERESOLVE       name: '@workspace/showroom',
126 warn ERESOLVE       version: '0.0.0',
126 warn ERESOLVE       path: 'C:\\Users\\abdelmezhuid_r\\Desktop\\GA\\Work Projects\\Asset-Manager\\frontend'
126 warn ERESOLVE     },
126 warn ERESOLVE     location: 'node_modules/react',
126 warn ERESOLVE     isWorkspace: false,
126 warn ERESOLVE     dependents: [ [Object] ]
126 warn ERESOLVE   },
126 warn ERESOLVE   force: false,
126 warn ERESOLVE   isMine: true,
126 warn ERESOLVE   strictPeerDeps: false,
126 warn ERESOLVE   current: {
126 warn ERESOLVE     name: 'react',
126 warn ERESOLVE     version: '19.2.5',
126 warn ERESOLVE     location: 'frontend/node_modules/react',
126 warn ERESOLVE     isWorkspace: false,
126 warn ERESOLVE     dependents: [
126 warn ERESOLVE       [Object], [Object], [Object], [Object], [Object],
126 warn ERESOLVE       [Object], [Object], [Object], [Object], [Object],
126 warn ERESOLVE       [Object], [Object], [Object], [Object], [Object],
126 warn ERESOLVE       [Object], [Object], [Object], [Object], [Object],
126 warn ERESOLVE       [Object], [Object], [Object], [Object], [Object],
126 warn ERESOLVE       [Object], [Object], [Object], [Object], [Object],
126 warn ERESOLVE       [Object], [Object], [Object], [Object], [Object],
126 warn ERESOLVE       [Object], [Object], [Object], [Object], [Object],
126 warn ERESOLVE       [Object], [Object], [Object], [Object], [Object],
126 warn ERESOLVE       [Object], [Object], [Object], [Object], [Object],
126 warn ERESOLVE       [Object], [Object], [Object], [Object], [Object],
126 warn ERESOLVE       [Object], [Object], [Object], [Object], [Object],
126 warn ERESOLVE       [Object], [Object], [Object], [Object], [Object]
126 warn ERESOLVE     ]
126 warn ERESOLVE   }
126 warn ERESOLVE }
127 warn ERESOLVE overriding peer dependency {
127 warn ERESOLVE   code: 'ERESOLVE',
127 warn ERESOLVE   edge: {
127 warn ERESOLVE     type: 'peer',
127 warn ERESOLVE     name: 'react',
127 warn ERESOLVE     spec: '^19.2.5',
127 warn ERESOLVE     from: {
127 warn ERESOLVE       name: 'react-dom',
127 warn ERESOLVE       version: '19.2.5',
127 warn ERESOLVE       location: 'frontend/node_modules/react-dom',
127 warn ERESOLVE       isWorkspace: false,
127 warn ERESOLVE       dependents: [Array]
127 warn ERESOLVE     }
127 warn ERESOLVE   },
127 warn ERESOLVE   dep: {
127 warn ERESOLVE     name: 'react',
127 warn ERESOLVE     version: undefined,
127 warn ERESOLVE     errors: [ [NotCachedError] ],
127 warn ERESOLVE     package: {},
127 warn ERESOLVE     whileInstalling: {
127 warn ERESOLVE       name: '@workspace/showroom',
127 warn ERESOLVE       version: '0.0.0',
127 warn ERESOLVE       path: 'C:\\Users\\abdelmezhuid_r\\Desktop\\GA\\Work Projects\\Asset-Manager\\frontend'
127 warn ERESOLVE     },
127 warn ERESOLVE     location: 'node_modules/react',
127 warn ERESOLVE     isWorkspace: false,
127 warn ERESOLVE     dependents: [ [Object] ]
127 warn ERESOLVE   },
127 warn ERESOLVE   force: false,
127 warn ERESOLVE   isMine: true,
127 warn ERESOLVE   strictPeerDeps: false,
127 warn ERESOLVE   current: {
127 warn ERESOLVE     name: 'react',
127 warn ERESOLVE     version: '19.2.5',
127 warn ERESOLVE     location: 'frontend/node_modules/react',
127 warn ERESOLVE     isWorkspace: false,
127 warn ERESOLVE     dependents: [
127 warn ERESOLVE       [Object], [Object], [Object], [Object], [Object],
127 warn ERESOLVE       [Object], [Object], [Object], [Object], [Object],
127 warn ERESOLVE       [Object], [Object], [Object], [Object], [Object],
127 warn ERESOLVE       [Object], [Object], [Object], [Object], [Object],
127 warn ERESOLVE       [Object], [Object], [Object], [Object], [Object],
127 warn ERESOLVE       [Object], [Object], [Object], [Object], [Object],
127 warn ERESOLVE       [Object], [Object], [Object], [Object], [Object],
127 warn ERESOLVE       [Object], [Object], [Object], [Object], [Object],
127 warn ERESOLVE       [Object], [Object], [Object], [Object], [Object],
127 warn ERESOLVE       [Object], [Object], [Object], [Object], [Object],
127 warn ERESOLVE       [Object], [Object], [Object], [Object], [Object],
127 warn ERESOLVE       [Object], [Object], [Object], [Object], [Object],
127 warn ERESOLVE       [Object], [Object], [Object], [Object], [Object]
127 warn ERESOLVE     ]
127 warn ERESOLVE   }
127 warn ERESOLVE }
128 warn ERESOLVE overriding peer dependency {
128 warn ERESOLVE   code: 'ERESOLVE',
128 warn ERESOLVE   edge: {
128 warn ERESOLVE     type: 'peer',
128 warn ERESOLVE     name: 'react',
128 warn ERESOLVE     spec: '^19.2.5',
128 warn ERESOLVE     from: {
128 warn ERESOLVE       name: 'react-dom',
128 warn ERESOLVE       version: '19.2.5',
128 warn ERESOLVE       location: 'frontend/node_modules/react-dom',
128 warn ERESOLVE       isWorkspace: false,
128 warn ERESOLVE       dependents: [Array]
128 warn ERESOLVE     }
128 warn ERESOLVE   },
128 warn ERESOLVE   dep: {
128 warn ERESOLVE     name: 'react',
128 warn ERESOLVE     version: undefined,
128 warn ERESOLVE     errors: [ [NotCachedError] ],
128 warn ERESOLVE     package: {},
128 warn ERESOLVE     whileInstalling: {
128 warn ERESOLVE       name: '@workspace/showroom',
128 warn ERESOLVE       version: '0.0.0',
128 warn ERESOLVE       path: 'C:\\Users\\abdelmezhuid_r\\Desktop\\GA\\Work Projects\\Asset-Manager\\frontend'
128 warn ERESOLVE     },
128 warn ERESOLVE     location: 'node_modules/react',
128 warn ERESOLVE     isWorkspace: false,
128 warn ERESOLVE     dependents: [ [Object] ]
128 warn ERESOLVE   },
128 warn ERESOLVE   force: false,
128 warn ERESOLVE   isMine: true,
128 warn ERESOLVE   strictPeerDeps: false,
128 warn ERESOLVE   current: {
128 warn ERESOLVE     name: 'react',
128 warn ERESOLVE     version: '19.2.5',
128 warn ERESOLVE     location: 'frontend/node_modules/react',
128 warn ERESOLVE     isWorkspace: false,
128 warn ERESOLVE     dependents: [
128 warn ERESOLVE       [Object], [Object], [Object], [Object], [Object],
128 warn ERESOLVE       [Object], [Object], [Object], [Object], [Object],
128 warn ERESOLVE       [Object], [Object], [Object], [Object], [Object],
128 warn ERESOLVE       [Object], [Object], [Object], [Object], [Object],
128 warn ERESOLVE       [Object], [Object], [Object], [Object], [Object],
128 warn ERESOLVE       [Object], [Object], [Object], [Object], [Object],
128 warn ERESOLVE       [Object], [Object], [Object], [Object], [Object],
128 warn ERESOLVE       [Object], [Object], [Object], [Object], [Object],
128 warn ERESOLVE       [Object], [Object], [Object], [Object], [Object],
128 warn ERESOLVE       [Object], [Object], [Object], [Object], [Object],
128 warn ERESOLVE       [Object], [Object], [Object], [Object], [Object],
128 warn ERESOLVE       [Object], [Object], [Object], [Object], [Object],
128 warn ERESOLVE       [Object], [Object], [Object], [Object], [Object]
128 warn ERESOLVE     ]
128 warn ERESOLVE   }
128 warn ERESOLVE }
129 warn ERESOLVE overriding peer dependency {
129 warn ERESOLVE   code: 'ERESOLVE',
129 warn ERESOLVE   edge: {
129 warn ERESOLVE     type: 'peer',
129 warn ERESOLVE     name: 'react',
129 warn ERESOLVE     spec: '^19.2.5',
129 warn ERESOLVE     from: {
129 warn ERESOLVE       name: 'react-dom',
129 warn ERESOLVE       version: '19.2.5',
129 warn ERESOLVE       location: 'frontend/node_modules/react-dom',
129 warn ERESOLVE       isWorkspace: false,
129 warn ERESOLVE       dependents: [Array]
129 warn ERESOLVE     }
129 warn ERESOLVE   },
129 warn ERESOLVE   dep: {
129 warn ERESOLVE     name: 'react',
129 warn ERESOLVE     version: undefined,
129 warn ERESOLVE     errors: [ [NotCachedError] ],
129 warn ERESOLVE     package: {},
129 warn ERESOLVE     whileInstalling: {
129 warn ERESOLVE       name: '@workspace/showroom',
129 warn ERESOLVE       version: '0.0.0',
129 warn ERESOLVE       path: 'C:\\Users\\abdelmezhuid_r\\Desktop\\GA\\Work Projects\\Asset-Manager\\frontend'
129 warn ERESOLVE     },
129 warn ERESOLVE     location: 'node_modules/react',
129 warn ERESOLVE     isWorkspace: false,
129 warn ERESOLVE     dependents: [ [Object] ]
129 warn ERESOLVE   },
129 warn ERESOLVE   force: false,
129 warn ERESOLVE   isMine: true,
129 warn ERESOLVE   strictPeerDeps: false,
129 warn ERESOLVE   current: {
129 warn ERESOLVE     name: 'react',
129 warn ERESOLVE     version: '19.2.5',
129 warn ERESOLVE     location: 'frontend/node_modules/react',
129 warn ERESOLVE     isWorkspace: false,
129 warn ERESOLVE     dependents: [
129 warn ERESOLVE       [Object], [Object], [Object], [Object], [Object],
129 warn ERESOLVE       [Object], [Object], [Object], [Object], [Object],
129 warn ERESOLVE       [Object], [Object], [Object], [Object], [Object],
129 warn ERESOLVE       [Object], [Object], [Object], [Object], [Object],
129 warn ERESOLVE       [Object], [Object], [Object], [Object], [Object],
129 warn ERESOLVE       [Object], [Object], [Object], [Object], [Object],
129 warn ERESOLVE       [Object], [Object], [Object], [Object], [Object],
129 warn ERESOLVE       [Object], [Object], [Object], [Object], [Object],
129 warn ERESOLVE       [Object], [Object], [Object], [Object], [Object],
129 warn ERESOLVE       [Object], [Object], [Object], [Object], [Object],
129 warn ERESOLVE       [Object], [Object], [Object], [Object], [Object],
129 warn ERESOLVE       [Object], [Object], [Object], [Object], [Object],
129 warn ERESOLVE       [Object], [Object], [Object], [Object], [Object]
129 warn ERESOLVE     ]
129 warn ERESOLVE   }
129 warn ERESOLVE }
130 warn ERESOLVE overriding peer dependency {
130 warn ERESOLVE   code: 'ERESOLVE',
130 warn ERESOLVE   edge: {
130 warn ERESOLVE     type: 'peer',
130 warn ERESOLVE     name: 'react',
130 warn ERESOLVE     spec: '^19.2.5',
130 warn ERESOLVE     from: {
130 warn ERESOLVE       name: 'react-dom',
130 warn ERESOLVE       version: '19.2.5',
130 warn ERESOLVE       location: 'frontend/node_modules/react-dom',
130 warn ERESOLVE       isWorkspace: false,
130 warn ERESOLVE       dependents: [Array]
130 warn ERESOLVE     }
130 warn ERESOLVE   },
130 warn ERESOLVE   dep: {
130 warn ERESOLVE     name: 'react',
130 warn ERESOLVE     version: undefined,
130 warn ERESOLVE     errors: [ [NotCachedError] ],
130 warn ERESOLVE     package: {},
130 warn ERESOLVE     whileInstalling: {
130 warn ERESOLVE       name: '@workspace/showroom',
130 warn ERESOLVE       version: '0.0.0',
130 warn ERESOLVE       path: 'C:\\Users\\abdelmezhuid_r\\Desktop\\GA\\Work Projects\\Asset-Manager\\frontend'
130 warn ERESOLVE     },
130 warn ERESOLVE     location: 'node_modules/react',
130 warn ERESOLVE     isWorkspace: false,
130 warn ERESOLVE     dependents: [ [Object] ]
130 warn ERESOLVE   },
130 warn ERESOLVE   force: false,
130 warn ERESOLVE   isMine: true,
130 warn ERESOLVE   strictPeerDeps: false,
130 warn ERESOLVE   current: {
130 warn ERESOLVE     name: 'react',
130 warn ERESOLVE     version: '19.2.5',
130 warn ERESOLVE     location: 'frontend/node_modules/react',
130 warn ERESOLVE     isWorkspace: false,
130 warn ERESOLVE     dependents: [
130 warn ERESOLVE       [Object], [Object], [Object], [Object], [Object],
130 warn ERESOLVE       [Object], [Object], [Object], [Object], [Object],
130 warn ERESOLVE       [Object], [Object], [Object], [Object], [Object],
130 warn ERESOLVE       [Object], [Object], [Object], [Object], [Object],
130 warn ERESOLVE       [Object], [Object], [Object], [Object], [Object],
130 warn ERESOLVE       [Object], [Object], [Object], [Object], [Object],
130 warn ERESOLVE       [Object], [Object], [Object], [Object], [Object],
130 warn ERESOLVE       [Object], [Object], [Object], [Object], [Object],
130 warn ERESOLVE       [Object], [Object], [Object], [Object], [Object],
130 warn ERESOLVE       [Object], [Object], [Object], [Object], [Object],
130 warn ERESOLVE       [Object], [Object], [Object], [Object], [Object],
130 warn ERESOLVE       [Object], [Object], [Object], [Object], [Object],
130 warn ERESOLVE       [Object], [Object], [Object], [Object], [Object]
130 warn ERESOLVE     ]
130 warn ERESOLVE   }
130 warn ERESOLVE }
131 warn ERESOLVE overriding peer dependency {
131 warn ERESOLVE   code: 'ERESOLVE',
131 warn ERESOLVE   edge: {
131 warn ERESOLVE     type: 'peer',
131 warn ERESOLVE     name: 'react',
131 warn ERESOLVE     spec: '^19.2.5',
131 warn ERESOLVE     from: {
131 warn ERESOLVE       name: 'react-dom',
131 warn ERESOLVE       version: '19.2.5',
131 warn ERESOLVE       location: 'frontend/node_modules/react-dom',
131 warn ERESOLVE       isWorkspace: false,
131 warn ERESOLVE       dependents: [Array]
131 warn ERESOLVE     }
131 warn ERESOLVE   },
131 warn ERESOLVE   dep: {
131 warn ERESOLVE     name: 'react',
131 warn ERESOLVE     version: undefined,
131 warn ERESOLVE     errors: [ [NotCachedError] ],
131 warn ERESOLVE     package: {},
131 warn ERESOLVE     whileInstalling: {
131 warn ERESOLVE       name: '@workspace/showroom',
131 warn ERESOLVE       version: '0.0.0',
131 warn ERESOLVE       path: 'C:\\Users\\abdelmezhuid_r\\Desktop\\GA\\Work Projects\\Asset-Manager\\frontend'
131 warn ERESOLVE     },
131 warn ERESOLVE     location: 'node_modules/react',
131 warn ERESOLVE     isWorkspace: false,
131 warn ERESOLVE     dependents: [ [Object] ]
131 warn ERESOLVE   },
131 warn ERESOLVE   force: false,
131 warn ERESOLVE   isMine: true,
131 warn ERESOLVE   strictPeerDeps: false,
131 warn ERESOLVE   current: {
131 warn ERESOLVE     name: 'react',
131 warn ERESOLVE     version: '19.2.5',
131 warn ERESOLVE     location: 'frontend/node_modules/react',
131 warn ERESOLVE     isWorkspace: false,
131 warn ERESOLVE     dependents: [
131 warn ERESOLVE       [Object], [Object], [Object], [Object], [Object],
131 warn ERESOLVE       [Object], [Object], [Object], [Object], [Object],
131 warn ERESOLVE       [Object], [Object], [Object], [Object], [Object],
131 warn ERESOLVE       [Object], [Object], [Object], [Object], [Object],
131 warn ERESOLVE       [Object], [Object], [Object], [Object], [Object],
131 warn ERESOLVE       [Object], [Object], [Object], [Object], [Object],
131 warn ERESOLVE       [Object], [Object], [Object], [Object], [Object],
131 warn ERESOLVE       [Object], [Object], [Object], [Object], [Object],
131 warn ERESOLVE       [Object], [Object], [Object], [Object], [Object],
131 warn ERESOLVE       [Object], [Object], [Object], [Object], [Object],
131 warn ERESOLVE       [Object], [Object], [Object], [Object], [Object],
131 warn ERESOLVE       [Object], [Object], [Object], [Object], [Object],
131 warn ERESOLVE       [Object], [Object], [Object], [Object], [Object]
131 warn ERESOLVE     ]
131 warn ERESOLVE   }
131 warn ERESOLVE }
132 warn ERESOLVE overriding peer dependency {
132 warn ERESOLVE   code: 'ERESOLVE',
132 warn ERESOLVE   edge: {
132 warn ERESOLVE     type: 'peer',
132 warn ERESOLVE     name: 'react',
132 warn ERESOLVE     spec: '^19.2.5',
132 warn ERESOLVE     from: {
132 warn ERESOLVE       name: 'react-dom',
132 warn ERESOLVE       version: '19.2.5',
132 warn ERESOLVE       location: 'frontend/node_modules/react-dom',
132 warn ERESOLVE       isWorkspace: false,
132 warn ERESOLVE       dependents: [Array]
132 warn ERESOLVE     }
132 warn ERESOLVE   },
132 warn ERESOLVE   dep: {
132 warn ERESOLVE     name: 'react',
132 warn ERESOLVE     version: undefined,
132 warn ERESOLVE     errors: [ [NotCachedError] ],
132 warn ERESOLVE     package: {},
132 warn ERESOLVE     whileInstalling: {
132 warn ERESOLVE       name: '@workspace/showroom',
132 warn ERESOLVE       version: '0.0.0',
132 warn ERESOLVE       path: 'C:\\Users\\abdelmezhuid_r\\Desktop\\GA\\Work Projects\\Asset-Manager\\frontend'
132 warn ERESOLVE     },
132 warn ERESOLVE     location: 'node_modules/react',
132 warn ERESOLVE     isWorkspace: false,
132 warn ERESOLVE     dependents: [ [Object] ]
132 warn ERESOLVE   },
132 warn ERESOLVE   force: false,
132 warn ERESOLVE   isMine: true,
132 warn ERESOLVE   strictPeerDeps: false,
132 warn ERESOLVE   current: {
132 warn ERESOLVE     name: 'react',
132 warn ERESOLVE     version: '19.2.5',
132 warn ERESOLVE     location: 'frontend/node_modules/react',
132 warn ERESOLVE     isWorkspace: false,
132 warn ERESOLVE     dependents: [
132 warn ERESOLVE       [Object], [Object], [Object], [Object], [Object],
132 warn ERESOLVE       [Object], [Object], [Object], [Object], [Object],
132 warn ERESOLVE       [Object], [Object], [Object], [Object], [Object],
132 warn ERESOLVE       [Object], [Object], [Object], [Object], [Object],
132 warn ERESOLVE       [Object], [Object], [Object], [Object], [Object],
132 warn ERESOLVE       [Object], [Object], [Object], [Object], [Object],
132 warn ERESOLVE       [Object], [Object], [Object], [Object], [Object],
132 warn ERESOLVE       [Object], [Object], [Object], [Object], [Object],
132 warn ERESOLVE       [Object], [Object], [Object], [Object], [Object],
132 warn ERESOLVE       [Object], [Object], [Object], [Object], [Object],
132 warn ERESOLVE       [Object], [Object], [Object], [Object], [Object],
132 warn ERESOLVE       [Object], [Object], [Object], [Object], [Object],
132 warn ERESOLVE       [Object], [Object], [Object], [Object], [Object]
132 warn ERESOLVE     ]
132 warn ERESOLVE   }
132 warn ERESOLVE }
133 warn ERESOLVE overriding peer dependency {
133 warn ERESOLVE   code: 'ERESOLVE',
133 warn ERESOLVE   edge: {
133 warn ERESOLVE     type: 'peer',
133 warn ERESOLVE     name: 'react',
133 warn ERESOLVE     spec: '^19.2.5',
133 warn ERESOLVE     from: {
133 warn ERESOLVE       name: 'react-dom',
133 warn ERESOLVE       version: '19.2.5',
133 warn ERESOLVE       location: 'frontend/node_modules/react-dom',
133 warn ERESOLVE       isWorkspace: false,
133 warn ERESOLVE       dependents: [Array]
133 warn ERESOLVE     }
133 warn ERESOLVE   },
133 warn ERESOLVE   dep: {
133 warn ERESOLVE     name: 'react',
133 warn ERESOLVE     version: undefined,
133 warn ERESOLVE     errors: [ [NotCachedError] ],
133 warn ERESOLVE     package: {},
133 warn ERESOLVE     whileInstalling: {
133 warn ERESOLVE       name: '@workspace/showroom',
133 warn ERESOLVE       version: '0.0.0',
133 warn ERESOLVE       path: 'C:\\Users\\abdelmezhuid_r\\Desktop\\GA\\Work Projects\\Asset-Manager\\frontend'
133 warn ERESOLVE     },
133 warn ERESOLVE     location: 'node_modules/react',
133 warn ERESOLVE     isWorkspace: false,
133 warn ERESOLVE     dependents: [ [Object] ]
133 warn ERESOLVE   },
133 warn ERESOLVE   force: false,
133 warn ERESOLVE   isMine: true,
133 warn ERESOLVE   strictPeerDeps: false,
133 warn ERESOLVE   current: {
133 warn ERESOLVE     name: 'react',
133 warn ERESOLVE     version: '19.2.5',
133 warn ERESOLVE     location: 'frontend/node_modules/react',
133 warn ERESOLVE     isWorkspace: false,
133 warn ERESOLVE     dependents: [
133 warn ERESOLVE       [Object], [Object], [Object], [Object], [Object],
133 warn ERESOLVE       [Object], [Object], [Object], [Object], [Object],
133 warn ERESOLVE       [Object], [Object], [Object], [Object], [Object],
133 warn ERESOLVE       [Object], [Object], [Object], [Object], [Object],
133 warn ERESOLVE       [Object], [Object], [Object], [Object], [Object],
133 warn ERESOLVE       [Object], [Object], [Object], [Object], [Object],
133 warn ERESOLVE       [Object], [Object], [Object], [Object], [Object],
133 warn ERESOLVE       [Object], [Object], [Object], [Object], [Object],
133 warn ERESOLVE       [Object], [Object], [Object], [Object], [Object],
133 warn ERESOLVE       [Object], [Object], [Object], [Object], [Object],
133 warn ERESOLVE       [Object], [Object], [Object], [Object], [Object],
133 warn ERESOLVE       [Object], [Object], [Object], [Object], [Object],
133 warn ERESOLVE       [Object], [Object], [Object], [Object], [Object]
133 warn ERESOLVE     ]
133 warn ERESOLVE   }
133 warn ERESOLVE }
134 warn ERESOLVE overriding peer dependency {
134 warn ERESOLVE   code: 'ERESOLVE',
134 warn ERESOLVE   edge: {
134 warn ERESOLVE     type: 'peer',
134 warn ERESOLVE     name: 'react',
134 warn ERESOLVE     spec: '^19.2.5',
134 warn ERESOLVE     from: {
134 warn ERESOLVE       name: 'react-dom',
134 warn ERESOLVE       version: '19.2.5',
134 warn ERESOLVE       location: 'frontend/node_modules/react-dom',
134 warn ERESOLVE       isWorkspace: false,
134 warn ERESOLVE       dependents: [Array]
134 warn ERESOLVE     }
134 warn ERESOLVE   },
134 warn ERESOLVE   dep: {
134 warn ERESOLVE     name: 'react',
134 warn ERESOLVE     version: undefined,
134 warn ERESOLVE     errors: [ [NotCachedError] ],
134 warn ERESOLVE     package: {},
134 warn ERESOLVE     whileInstalling: {
134 warn ERESOLVE       name: '@workspace/showroom',
134 warn ERESOLVE       version: '0.0.0',
134 warn ERESOLVE       path: 'C:\\Users\\abdelmezhuid_r\\Desktop\\GA\\Work Projects\\Asset-Manager\\frontend'
134 warn ERESOLVE     },
134 warn ERESOLVE     location: 'node_modules/react',
134 warn ERESOLVE     isWorkspace: false,
134 warn ERESOLVE     dependents: [ [Object] ]
134 warn ERESOLVE   },
134 warn ERESOLVE   force: false,
134 warn ERESOLVE   isMine: true,
134 warn ERESOLVE   strictPeerDeps: false,
134 warn ERESOLVE   current: {
134 warn ERESOLVE     name: 'react',
134 warn ERESOLVE     version: '19.2.5',
134 warn ERESOLVE     location: 'frontend/node_modules/react',
134 warn ERESOLVE     isWorkspace: false,
134 warn ERESOLVE     dependents: [
134 warn ERESOLVE       [Object], [Object], [Object], [Object], [Object],
134 warn ERESOLVE       [Object], [Object], [Object], [Object], [Object],
134 warn ERESOLVE       [Object], [Object], [Object], [Object], [Object],
134 warn ERESOLVE       [Object], [Object], [Object], [Object], [Object],
134 warn ERESOLVE       [Object], [Object], [Object], [Object], [Object],
134 warn ERESOLVE       [Object], [Object], [Object], [Object], [Object],
134 warn ERESOLVE       [Object], [Object], [Object], [Object], [Object],
134 warn ERESOLVE       [Object], [Object], [Object], [Object], [Object],
134 warn ERESOLVE       [Object], [Object], [Object], [Object], [Object],
134 warn ERESOLVE       [Object], [Object], [Object], [Object], [Object],
134 warn ERESOLVE       [Object], [Object], [Object], [Object], [Object],
134 warn ERESOLVE       [Object], [Object], [Object], [Object], [Object],
134 warn ERESOLVE       [Object], [Object], [Object], [Object], [Object]
134 warn ERESOLVE     ]
134 warn ERESOLVE   }
134 warn ERESOLVE }
135 warn ERESOLVE overriding peer dependency {
135 warn ERESOLVE   code: 'ERESOLVE',
135 warn ERESOLVE   edge: {
135 warn ERESOLVE     type: 'peer',
135 warn ERESOLVE     name: 'react',
135 warn ERESOLVE     spec: '^19.2.5',
135 warn ERESOLVE     from: {
135 warn ERESOLVE       name: 'react-dom',
135 warn ERESOLVE       version: '19.2.5',
135 warn ERESOLVE       location: 'frontend/node_modules/react-dom',
135 warn ERESOLVE       isWorkspace: false,
135 warn ERESOLVE       dependents: [Array]
135 warn ERESOLVE     }
135 warn ERESOLVE   },
135 warn ERESOLVE   dep: {
135 warn ERESOLVE     name: 'react',
135 warn ERESOLVE     version: undefined,
135 warn ERESOLVE     errors: [ [NotCachedError] ],
135 warn ERESOLVE     package: {},
135 warn ERESOLVE     whileInstalling: {
135 warn ERESOLVE       name: '@workspace/showroom',
135 warn ERESOLVE       version: '0.0.0',
135 warn ERESOLVE       path: 'C:\\Users\\abdelmezhuid_r\\Desktop\\GA\\Work Projects\\Asset-Manager\\frontend'
135 warn ERESOLVE     },
135 warn ERESOLVE     location: 'node_modules/react',
135 warn ERESOLVE     isWorkspace: false,
135 warn ERESOLVE     dependents: [ [Object] ]
135 warn ERESOLVE   },
135 warn ERESOLVE   force: false,
135 warn ERESOLVE   isMine: true,
135 warn ERESOLVE   strictPeerDeps: false,
135 warn ERESOLVE   current: {
135 warn ERESOLVE     name: 'react',
135 warn ERESOLVE     version: '19.2.5',
135 warn ERESOLVE     location: 'frontend/node_modules/react',
135 warn ERESOLVE     isWorkspace: false,
135 warn ERESOLVE     dependents: [
135 warn ERESOLVE       [Object], [Object], [Object], [Object], [Object],
135 warn ERESOLVE       [Object], [Object], [Object], [Object], [Object],
135 warn ERESOLVE       [Object], [Object], [Object], [Object], [Object],
135 warn ERESOLVE       [Object], [Object], [Object], [Object], [Object],
135 warn ERESOLVE       [Object], [Object], [Object], [Object], [Object],
135 warn ERESOLVE       [Object], [Object], [Object], [Object], [Object],
135 warn ERESOLVE       [Object], [Object], [Object], [Object], [Object],
135 warn ERESOLVE       [Object], [Object], [Object], [Object], [Object],
135 warn ERESOLVE       [Object], [Object], [Object], [Object], [Object],
135 warn ERESOLVE       [Object], [Object], [Object], [Object], [Object],
135 warn ERESOLVE       [Object], [Object], [Object], [Object], [Object],
135 warn ERESOLVE       [Object], [Object], [Object], [Object], [Object],
135 warn ERESOLVE       [Object], [Object], [Object], [Object], [Object]
135 warn ERESOLVE     ]
135 warn ERESOLVE   }
135 warn ERESOLVE }
136 warn ERESOLVE overriding peer dependency {
136 warn ERESOLVE   code: 'ERESOLVE',
136 warn ERESOLVE   edge: {
136 warn ERESOLVE     type: 'peer',
136 warn ERESOLVE     name: 'react',
136 warn ERESOLVE     spec: '^19.2.5',
136 warn ERESOLVE     from: {
136 warn ERESOLVE       name: 'react-dom',
136 warn ERESOLVE       version: '19.2.5',
136 warn ERESOLVE       location: 'frontend/node_modules/react-dom',
136 warn ERESOLVE       isWorkspace: false,
136 warn ERESOLVE       dependents: [Array]
136 warn ERESOLVE     }
136 warn ERESOLVE   },
136 warn ERESOLVE   dep: {
136 warn ERESOLVE     name: 'react',
136 warn ERESOLVE     version: undefined,
136 warn ERESOLVE     errors: [ [NotCachedError] ],
136 warn ERESOLVE     package: {},
136 warn ERESOLVE     whileInstalling: {
136 warn ERESOLVE       name: '@workspace/showroom',
136 warn ERESOLVE       version: '0.0.0',
136 warn ERESOLVE       path: 'C:\\Users\\abdelmezhuid_r\\Desktop\\GA\\Work Projects\\Asset-Manager\\frontend'
136 warn ERESOLVE     },
136 warn ERESOLVE     location: 'node_modules/react',
136 warn ERESOLVE     isWorkspace: false,
136 warn ERESOLVE     dependents: [ [Object] ]
136 warn ERESOLVE   },
136 warn ERESOLVE   force: false,
136 warn ERESOLVE   isMine: true,
136 warn ERESOLVE   strictPeerDeps: false,
136 warn ERESOLVE   current: {
136 warn ERESOLVE     name: 'react',
136 warn ERESOLVE     version: '19.2.5',
136 warn ERESOLVE     location: 'frontend/node_modules/react',
136 warn ERESOLVE     isWorkspace: false,
136 warn ERESOLVE     dependents: [
136 warn ERESOLVE       [Object], [Object], [Object], [Object], [Object],
136 warn ERESOLVE       [Object], [Object], [Object], [Object], [Object],
136 warn ERESOLVE       [Object], [Object], [Object], [Object], [Object],
136 warn ERESOLVE       [Object], [Object], [Object], [Object], [Object],
136 warn ERESOLVE       [Object], [Object], [Object], [Object], [Object],
136 warn ERESOLVE       [Object], [Object], [Object], [Object], [Object],
136 warn ERESOLVE       [Object], [Object], [Object], [Object], [Object],
136 warn ERESOLVE       [Object], [Object], [Object], [Object], [Object],
136 warn ERESOLVE       [Object], [Object], [Object], [Object], [Object],
136 warn ERESOLVE       [Object], [Object], [Object], [Object], [Object],
136 warn ERESOLVE       [Object], [Object], [Object], [Object], [Object],
136 warn ERESOLVE       [Object], [Object], [Object], [Object], [Object],
136 warn ERESOLVE       [Object], [Object], [Object], [Object], [Object]
136 warn ERESOLVE     ]
136 warn ERESOLVE   }
136 warn ERESOLVE }
137 warn ERESOLVE overriding peer dependency {
137 warn ERESOLVE   code: 'ERESOLVE',
137 warn ERESOLVE   edge: {
137 warn ERESOLVE     type: 'peer',
137 warn ERESOLVE     name: 'react',
137 warn ERESOLVE     spec: '^19.2.5',
137 warn ERESOLVE     from: {
137 warn ERESOLVE       name: 'react-dom',
137 warn ERESOLVE       version: '19.2.5',
137 warn ERESOLVE       location: 'frontend/node_modules/react-dom',
137 warn ERESOLVE       isWorkspace: false,
137 warn ERESOLVE       dependents: [Array]
137 warn ERESOLVE     }
137 warn ERESOLVE   },
137 warn ERESOLVE   dep: {
137 warn ERESOLVE     name: 'react',
137 warn ERESOLVE     version: undefined,
137 warn ERESOLVE     errors: [ [NotCachedError] ],
137 warn ERESOLVE     package: {},
137 warn ERESOLVE     whileInstalling: {
137 warn ERESOLVE       name: '@workspace/showroom',
137 warn ERESOLVE       version: '0.0.0',
137 warn ERESOLVE       path: 'C:\\Users\\abdelmezhuid_r\\Desktop\\GA\\Work Projects\\Asset-Manager\\frontend'
137 warn ERESOLVE     },
137 warn ERESOLVE     location: 'node_modules/react',
137 warn ERESOLVE     isWorkspace: false,
137 warn ERESOLVE     dependents: [ [Object] ]
137 warn ERESOLVE   },
137 warn ERESOLVE   force: false,
137 warn ERESOLVE   isMine: true,
137 warn ERESOLVE   strictPeerDeps: false,
137 warn ERESOLVE   current: {
137 warn ERESOLVE     name: 'react',
137 warn ERESOLVE     version: '19.2.5',
137 warn ERESOLVE     location: 'frontend/node_modules/react',
137 warn ERESOLVE     isWorkspace: false,
137 warn ERESOLVE     dependents: [
137 warn ERESOLVE       [Object], [Object], [Object], [Object], [Object],
137 warn ERESOLVE       [Object], [Object], [Object], [Object], [Object],
137 warn ERESOLVE       [Object], [Object], [Object], [Object], [Object],
137 warn ERESOLVE       [Object], [Object], [Object], [Object], [Object],
137 warn ERESOLVE       [Object], [Object], [Object], [Object], [Object],
137 warn ERESOLVE       [Object], [Object], [Object], [Object], [Object],
137 warn ERESOLVE       [Object], [Object], [Object], [Object], [Object],
137 warn ERESOLVE       [Object], [Object], [Object], [Object], [Object],
137 warn ERESOLVE       [Object], [Object], [Object], [Object], [Object],
137 warn ERESOLVE       [Object], [Object], [Object], [Object], [Object],
137 warn ERESOLVE       [Object], [Object], [Object], [Object], [Object],
137 warn ERESOLVE       [Object], [Object], [Object], [Object], [Object],
137 warn ERESOLVE       [Object], [Object], [Object], [Object], [Object]
137 warn ERESOLVE     ]
137 warn ERESOLVE   }
137 warn ERESOLVE }
138 warn ERESOLVE overriding peer dependency {
138 warn ERESOLVE   code: 'ERESOLVE',
138 warn ERESOLVE   edge: {
138 warn ERESOLVE     type: 'peer',
138 warn ERESOLVE     name: 'react',
138 warn ERESOLVE     spec: '^19.2.5',
138 warn ERESOLVE     from: {
138 warn ERESOLVE       name: 'react-dom',
138 warn ERESOLVE       version: '19.2.5',
138 warn ERESOLVE       location: 'frontend/node_modules/react-dom',
138 warn ERESOLVE       isWorkspace: false,
138 warn ERESOLVE       dependents: [Array]
138 warn ERESOLVE     }
138 warn ERESOLVE   },
138 warn ERESOLVE   dep: {
138 warn ERESOLVE     name: 'react',
138 warn ERESOLVE     version: undefined,
138 warn ERESOLVE     errors: [ [NotCachedError] ],
138 warn ERESOLVE     package: {},
138 warn ERESOLVE     whileInstalling: {
138 warn ERESOLVE       name: '@workspace/showroom',
138 warn ERESOLVE       version: '0.0.0',
138 warn ERESOLVE       path: 'C:\\Users\\abdelmezhuid_r\\Desktop\\GA\\Work Projects\\Asset-Manager\\frontend'
138 warn ERESOLVE     },
138 warn ERESOLVE     location: 'node_modules/react',
138 warn ERESOLVE     isWorkspace: false,
138 warn ERESOLVE     dependents: [ [Object] ]
138 warn ERESOLVE   },
138 warn ERESOLVE   force: false,
138 warn ERESOLVE   isMine: true,
138 warn ERESOLVE   strictPeerDeps: false,
138 warn ERESOLVE   current: {
138 warn ERESOLVE     name: 'react',
138 warn ERESOLVE     version: '19.2.5',
138 warn ERESOLVE     location: 'frontend/node_modules/react',
138 warn ERESOLVE     isWorkspace: false,
138 warn ERESOLVE     dependents: [
138 warn ERESOLVE       [Object], [Object], [Object], [Object], [Object],
138 warn ERESOLVE       [Object], [Object], [Object], [Object], [Object],
138 warn ERESOLVE       [Object], [Object], [Object], [Object], [Object],
138 warn ERESOLVE       [Object], [Object], [Object], [Object], [Object],
138 warn ERESOLVE       [Object], [Object], [Object], [Object], [Object],
138 warn ERESOLVE       [Object], [Object], [Object], [Object], [Object],
138 warn ERESOLVE       [Object], [Object], [Object], [Object], [Object],
138 warn ERESOLVE       [Object], [Object], [Object], [Object], [Object],
138 warn ERESOLVE       [Object], [Object], [Object], [Object], [Object],
138 warn ERESOLVE       [Object], [Object], [Object], [Object], [Object],
138 warn ERESOLVE       [Object], [Object], [Object], [Object], [Object],
138 warn ERESOLVE       [Object], [Object], [Object], [Object], [Object],
138 warn ERESOLVE       [Object], [Object], [Object], [Object], [Object]
138 warn ERESOLVE     ]
138 warn ERESOLVE   }
138 warn ERESOLVE }
139 warn ERESOLVE overriding peer dependency {
139 warn ERESOLVE   code: 'ERESOLVE',
139 warn ERESOLVE   edge: {
139 warn ERESOLVE     type: 'peer',
139 warn ERESOLVE     name: 'react',
139 warn ERESOLVE     spec: '^19.2.5',
139 warn ERESOLVE     from: {
139 warn ERESOLVE       name: 'react-dom',
139 warn ERESOLVE       version: '19.2.5',
139 warn ERESOLVE       location: 'frontend/node_modules/react-dom',
139 warn ERESOLVE       isWorkspace: false,
139 warn ERESOLVE       dependents: [Array]
139 warn ERESOLVE     }
139 warn ERESOLVE   },
139 warn ERESOLVE   dep: {
139 warn ERESOLVE     name: 'react',
139 warn ERESOLVE     version: undefined,
139 warn ERESOLVE     errors: [ [NotCachedError] ],
139 warn ERESOLVE     package: {},
139 warn ERESOLVE     whileInstalling: {
139 warn ERESOLVE       name: '@workspace/showroom',
139 warn ERESOLVE       version: '0.0.0',
139 warn ERESOLVE       path: 'C:\\Users\\abdelmezhuid_r\\Desktop\\GA\\Work Projects\\Asset-Manager\\frontend'
139 warn ERESOLVE     },
139 warn ERESOLVE     location: 'node_modules/react',
139 warn ERESOLVE     isWorkspace: false,
139 warn ERESOLVE     dependents: [ [Object] ]
139 warn ERESOLVE   },
139 warn ERESOLVE   force: false,
139 warn ERESOLVE   isMine: true,
139 warn ERESOLVE   strictPeerDeps: false,
139 warn ERESOLVE   current: {
139 warn ERESOLVE     name: 'react',
139 warn ERESOLVE     version: '19.2.5',
139 warn ERESOLVE     location: 'frontend/node_modules/react',
139 warn ERESOLVE     isWorkspace: false,
139 warn ERESOLVE     dependents: [
139 warn ERESOLVE       [Object], [Object], [Object], [Object], [Object],
139 warn ERESOLVE       [Object], [Object], [Object], [Object], [Object],
139 warn ERESOLVE       [Object], [Object], [Object], [Object], [Object],
139 warn ERESOLVE       [Object], [Object], [Object], [Object], [Object],
139 warn ERESOLVE       [Object], [Object], [Object], [Object], [Object],
139 warn ERESOLVE       [Object], [Object], [Object], [Object], [Object],
139 warn ERESOLVE       [Object], [Object], [Object], [Object], [Object],
139 warn ERESOLVE       [Object], [Object], [Object], [Object], [Object],
139 warn ERESOLVE       [Object], [Object], [Object], [Object], [Object],
139 warn ERESOLVE       [Object], [Object], [Object], [Object], [Object],
139 warn ERESOLVE       [Object], [Object], [Object], [Object], [Object],
139 warn ERESOLVE       [Object], [Object], [Object], [Object], [Object],
139 warn ERESOLVE       [Object], [Object], [Object], [Object], [Object]
139 warn ERESOLVE     ]
139 warn ERESOLVE   }
139 warn ERESOLVE }
140 warn ERESOLVE overriding peer dependency {
140 warn ERESOLVE   code: 'ERESOLVE',
140 warn ERESOLVE   edge: {
140 warn ERESOLVE     type: 'peer',
140 warn ERESOLVE     name: 'react',
140 warn ERESOLVE     spec: '>=16.8.0',
140 warn ERESOLVE     from: {
140 warn ERESOLVE       name: 'react-day-picker',
140 warn ERESOLVE       version: '9.14.0',
140 warn ERESOLVE       location: 'frontend/node_modules/react-day-picker',
140 warn ERESOLVE       isWorkspace: false,
140 warn ERESOLVE       dependents: [Array]
140 warn ERESOLVE     }
140 warn ERESOLVE   },
140 warn ERESOLVE   dep: {
140 warn ERESOLVE     name: 'react',
140 warn ERESOLVE     version: undefined,
140 warn ERESOLVE     errors: [ [NotCachedError] ],
140 warn ERESOLVE     package: {},
140 warn ERESOLVE     whileInstalling: {
140 warn ERESOLVE       name: '@workspace/showroom',
140 warn ERESOLVE       version: '0.0.0',
140 warn ERESOLVE       path: 'C:\\Users\\abdelmezhuid_r\\Desktop\\GA\\Work Projects\\Asset-Manager\\frontend'
140 warn ERESOLVE     },
140 warn ERESOLVE     location: 'node_modules/react',
140 warn ERESOLVE     isWorkspace: false,
140 warn ERESOLVE     dependents: [ [Object] ]
140 warn ERESOLVE   },
140 warn ERESOLVE   force: false,
140 warn ERESOLVE   isMine: true,
140 warn ERESOLVE   strictPeerDeps: false,
140 warn ERESOLVE   current: {
140 warn ERESOLVE     name: 'react',
140 warn ERESOLVE     version: '19.2.5',
140 warn ERESOLVE     location: 'frontend/node_modules/react',
140 warn ERESOLVE     isWorkspace: false,
140 warn ERESOLVE     dependents: [
140 warn ERESOLVE       [Object], [Object], [Object], [Object], [Object],
140 warn ERESOLVE       [Object], [Object], [Object], [Object], [Object],
140 warn ERESOLVE       [Object], [Object], [Object], [Object], [Object],
140 warn ERESOLVE       [Object], [Object], [Object], [Object], [Object],
140 warn ERESOLVE       [Object], [Object], [Object], [Object], [Object],
140 warn ERESOLVE       [Object], [Object], [Object], [Object], [Object],
140 warn ERESOLVE       [Object], [Object], [Object], [Object], [Object],
140 warn ERESOLVE       [Object], [Object], [Object], [Object], [Object],
140 warn ERESOLVE       [Object], [Object], [Object], [Object], [Object],
140 warn ERESOLVE       [Object], [Object], [Object], [Object], [Object],
140 warn ERESOLVE       [Object], [Object], [Object], [Object], [Object],
140 warn ERESOLVE       [Object], [Object], [Object], [Object], [Object],
140 warn ERESOLVE       [Object], [Object], [Object], [Object], [Object]
140 warn ERESOLVE     ]
140 warn ERESOLVE   }
140 warn ERESOLVE }
141 warn ERESOLVE overriding peer dependency {
141 warn ERESOLVE   code: 'ERESOLVE',
141 warn ERESOLVE   edge: {
141 warn ERESOLVE     type: 'peer',
141 warn ERESOLVE     name: 'react',
141 warn ERESOLVE     spec: '^16.8.0 || ^17 || ^18 || ^19',
141 warn ERESOLVE     from: {
141 warn ERESOLVE       name: 'react-hook-form',
141 warn ERESOLVE       version: '7.73.1',
141 warn ERESOLVE       location: 'frontend/node_modules/react-hook-form',
141 warn ERESOLVE       isWorkspace: false,
141 warn ERESOLVE       dependents: [Array]
141 warn ERESOLVE     }
141 warn ERESOLVE   },
141 warn ERESOLVE   dep: {
141 warn ERESOLVE     name: 'react',
141 warn ERESOLVE     version: undefined,
141 warn ERESOLVE     errors: [ [NotCachedError] ],
141 warn ERESOLVE     package: {},
141 warn ERESOLVE     whileInstalling: {
141 warn ERESOLVE       name: '@workspace/showroom',
141 warn ERESOLVE       version: '0.0.0',
141 warn ERESOLVE       path: 'C:\\Users\\abdelmezhuid_r\\Desktop\\GA\\Work Projects\\Asset-Manager\\frontend'
141 warn ERESOLVE     },
141 warn ERESOLVE     location: 'node_modules/react',
141 warn ERESOLVE     isWorkspace: false,
141 warn ERESOLVE     dependents: [ [Object] ]
141 warn ERESOLVE   },
141 warn ERESOLVE   force: false,
141 warn ERESOLVE   isMine: true,
141 warn ERESOLVE   strictPeerDeps: false,
141 warn ERESOLVE   current: {
141 warn ERESOLVE     name: 'react',
141 warn ERESOLVE     version: '19.2.5',
141 warn ERESOLVE     location: 'frontend/node_modules/react',
141 warn ERESOLVE     isWorkspace: false,
141 warn ERESOLVE     dependents: [
141 warn ERESOLVE       [Object], [Object], [Object], [Object], [Object],
141 warn ERESOLVE       [Object], [Object], [Object], [Object], [Object],
141 warn ERESOLVE       [Object], [Object], [Object], [Object], [Object],
141 warn ERESOLVE       [Object], [Object], [Object], [Object], [Object],
141 warn ERESOLVE       [Object], [Object], [Object], [Object], [Object],
141 warn ERESOLVE       [Object], [Object], [Object], [Object], [Object],
141 warn ERESOLVE       [Object], [Object], [Object], [Object], [Object],
141 warn ERESOLVE       [Object], [Object], [Object], [Object], [Object],
141 warn ERESOLVE       [Object], [Object], [Object], [Object], [Object],
141 warn ERESOLVE       [Object], [Object], [Object], [Object], [Object],
141 warn ERESOLVE       [Object], [Object], [Object], [Object], [Object],
141 warn ERESOLVE       [Object], [Object], [Object], [Object], [Object],
141 warn ERESOLVE       [Object], [Object], [Object], [Object], [Object]
141 warn ERESOLVE     ]
141 warn ERESOLVE   }
141 warn ERESOLVE }
142 warn ERESOLVE overriding peer dependency {
142 warn ERESOLVE   code: 'ERESOLVE',
142 warn ERESOLVE   edge: {
142 warn ERESOLVE     type: 'peer',
142 warn ERESOLVE     name: 'react',
142 warn ERESOLVE     spec: '^16.8.0 || ^17 || ^18 || ^19',
142 warn ERESOLVE     from: {
142 warn ERESOLVE       name: 'react-hook-form',
142 warn ERESOLVE       version: '7.73.1',
142 warn ERESOLVE       location: 'frontend/node_modules/react-hook-form',
142 warn ERESOLVE       isWorkspace: false,
142 warn ERESOLVE       dependents: [Array]
142 warn ERESOLVE     }
142 warn ERESOLVE   },
142 warn ERESOLVE   dep: {
142 warn ERESOLVE     name: 'react',
142 warn ERESOLVE     version: undefined,
142 warn ERESOLVE     errors: [ [NotCachedError] ],
142 warn ERESOLVE     package: {},
142 warn ERESOLVE     whileInstalling: {
142 warn ERESOLVE       name: '@workspace/showroom',
142 warn ERESOLVE       version: '0.0.0',
142 warn ERESOLVE       path: 'C:\\Users\\abdelmezhuid_r\\Desktop\\GA\\Work Projects\\Asset-Manager\\frontend'
142 warn ERESOLVE     },
142 warn ERESOLVE     location: 'node_modules/react',
142 warn ERESOLVE     isWorkspace: false,
142 warn ERESOLVE     dependents: [ [Object] ]
142 warn ERESOLVE   },
142 warn ERESOLVE   force: false,
142 warn ERESOLVE   isMine: true,
142 warn ERESOLVE   strictPeerDeps: false,
142 warn ERESOLVE   current: {
142 warn ERESOLVE     name: 'react',
142 warn ERESOLVE     version: '19.2.5',
142 warn ERESOLVE     location: 'frontend/node_modules/react',
142 warn ERESOLVE     isWorkspace: false,
142 warn ERESOLVE     dependents: [
142 warn ERESOLVE       [Object], [Object], [Object], [Object], [Object],
142 warn ERESOLVE       [Object], [Object], [Object], [Object], [Object],
142 warn ERESOLVE       [Object], [Object], [Object], [Object], [Object],
142 warn ERESOLVE       [Object], [Object], [Object], [Object], [Object],
142 warn ERESOLVE       [Object], [Object], [Object], [Object], [Object],
142 warn ERESOLVE       [Object], [Object], [Object], [Object], [Object],
142 warn ERESOLVE       [Object], [Object], [Object], [Object], [Object],
142 warn ERESOLVE       [Object], [Object], [Object], [Object], [Object],
142 warn ERESOLVE       [Object], [Object], [Object], [Object], [Object],
142 warn ERESOLVE       [Object], [Object], [Object], [Object], [Object],
142 warn ERESOLVE       [Object], [Object], [Object], [Object], [Object],
142 warn ERESOLVE       [Object], [Object], [Object], [Object], [Object],
142 warn ERESOLVE       [Object], [Object], [Object], [Object], [Object]
142 warn ERESOLVE     ]
142 warn ERESOLVE   }
142 warn ERESOLVE }
143 warn ERESOLVE overriding peer dependency {
143 warn ERESOLVE   code: 'ERESOLVE',
143 warn ERESOLVE   edge: {
143 warn ERESOLVE     type: 'peer',
143 warn ERESOLVE     name: 'react',
143 warn ERESOLVE     spec: '^16.14.0 || ^17.0.0 || ^18.0.0 || ^19.0.0 || ^19.0.0-rc',
143 warn ERESOLVE     from: {
143 warn ERESOLVE       name: 'react-resizable-panels',
143 warn ERESOLVE       version: '2.1.9',
143 warn ERESOLVE       location: 'frontend/node_modules/react-resizable-panels',
143 warn ERESOLVE       isWorkspace: false,
143 warn ERESOLVE       dependents: [Array]
143 warn ERESOLVE     }
143 warn ERESOLVE   },
143 warn ERESOLVE   dep: {
143 warn ERESOLVE     name: 'react',
143 warn ERESOLVE     version: undefined,
143 warn ERESOLVE     errors: [ [NotCachedError] ],
143 warn ERESOLVE     package: {},
143 warn ERESOLVE     whileInstalling: {
143 warn ERESOLVE       name: '@workspace/showroom',
143 warn ERESOLVE       version: '0.0.0',
143 warn ERESOLVE       path: 'C:\\Users\\abdelmezhuid_r\\Desktop\\GA\\Work Projects\\Asset-Manager\\frontend'
143 warn ERESOLVE     },
143 warn ERESOLVE     location: 'node_modules/react',
143 warn ERESOLVE     isWorkspace: false,
143 warn ERESOLVE     dependents: [ [Object] ]
143 warn ERESOLVE   },
143 warn ERESOLVE   force: false,
143 warn ERESOLVE   isMine: true,
143 warn ERESOLVE   strictPeerDeps: false,
143 warn ERESOLVE   current: {
143 warn ERESOLVE     name: 'react',
143 warn ERESOLVE     version: '19.2.5',
143 warn ERESOLVE     location: 'frontend/node_modules/react',
143 warn ERESOLVE     isWorkspace: false,
143 warn ERESOLVE     dependents: [
143 warn ERESOLVE       [Object], [Object], [Object], [Object], [Object],
143 warn ERESOLVE       [Object], [Object], [Object], [Object], [Object],
143 warn ERESOLVE       [Object], [Object], [Object], [Object], [Object],
143 warn ERESOLVE       [Object], [Object], [Object], [Object], [Object],
143 warn ERESOLVE       [Object], [Object], [Object], [Object], [Object],
143 warn ERESOLVE       [Object], [Object], [Object], [Object], [Object],
143 warn ERESOLVE       [Object], [Object], [Object], [Object], [Object],
143 warn ERESOLVE       [Object], [Object], [Object], [Object], [Object],
143 warn ERESOLVE       [Object], [Object], [Object], [Object], [Object],
143 warn ERESOLVE       [Object], [Object], [Object], [Object], [Object],
143 warn ERESOLVE       [Object], [Object], [Object], [Object], [Object],
143 warn ERESOLVE       [Object], [Object], [Object], [Object], [Object],
143 warn ERESOLVE       [Object], [Object], [Object], [Object], [Object]
143 warn ERESOLVE     ]
143 warn ERESOLVE   }
143 warn ERESOLVE }
144 warn ERESOLVE overriding peer dependency {
144 warn ERESOLVE   code: 'ERESOLVE',
144 warn ERESOLVE   edge: {
144 warn ERESOLVE     type: 'peer',
144 warn ERESOLVE     name: 'react',
144 warn ERESOLVE     spec: '>=18',
144 warn ERESOLVE     from: {
144 warn ERESOLVE       name: 'react-router-dom',
144 warn ERESOLVE       version: '7.14.2',
144 warn ERESOLVE       location: 'frontend/node_modules/react-router-dom',
144 warn ERESOLVE       isWorkspace: false,
144 warn ERESOLVE       dependents: [Array]
144 warn ERESOLVE     }
144 warn ERESOLVE   },
144 warn ERESOLVE   dep: {
144 warn ERESOLVE     name: 'react',
144 warn ERESOLVE     version: undefined,
144 warn ERESOLVE     errors: [ [NotCachedError] ],
144 warn ERESOLVE     package: {},
144 warn ERESOLVE     whileInstalling: {
144 warn ERESOLVE       name: '@workspace/showroom',
144 warn ERESOLVE       version: '0.0.0',
144 warn ERESOLVE       path: 'C:\\Users\\abdelmezhuid_r\\Desktop\\GA\\Work Projects\\Asset-Manager\\frontend'
144 warn ERESOLVE     },
144 warn ERESOLVE     location: 'node_modules/react',
144 warn ERESOLVE     isWorkspace: false,
144 warn ERESOLVE     dependents: [ [Object] ]
144 warn ERESOLVE   },
144 warn ERESOLVE   force: false,
144 warn ERESOLVE   isMine: true,
144 warn ERESOLVE   strictPeerDeps: false,
144 warn ERESOLVE   current: {
144 warn ERESOLVE     name: 'react',
144 warn ERESOLVE     version: '19.2.5',
144 warn ERESOLVE     location: 'frontend/node_modules/react',
144 warn ERESOLVE     isWorkspace: false,
144 warn ERESOLVE     dependents: [
144 warn ERESOLVE       [Object], [Object], [Object], [Object], [Object],
144 warn ERESOLVE       [Object], [Object], [Object], [Object], [Object],
144 warn ERESOLVE       [Object], [Object], [Object], [Object], [Object],
144 warn ERESOLVE       [Object], [Object], [Object], [Object], [Object],
144 warn ERESOLVE       [Object], [Object], [Object], [Object], [Object],
144 warn ERESOLVE       [Object], [Object], [Object], [Object], [Object],
144 warn ERESOLVE       [Object], [Object], [Object], [Object], [Object],
144 warn ERESOLVE       [Object], [Object], [Object], [Object], [Object],
144 warn ERESOLVE       [Object], [Object], [Object], [Object], [Object],
144 warn ERESOLVE       [Object], [Object], [Object], [Object], [Object],
144 warn ERESOLVE       [Object], [Object], [Object], [Object], [Object],
144 warn ERESOLVE       [Object], [Object], [Object], [Object], [Object],
144 warn ERESOLVE       [Object], [Object], [Object], [Object], [Object]
144 warn ERESOLVE     ]
144 warn ERESOLVE   }
144 warn ERESOLVE }
145 warn ERESOLVE overriding peer dependency {
145 warn ERESOLVE   code: 'ERESOLVE',
145 warn ERESOLVE   edge: {
145 warn ERESOLVE     type: 'peer',
145 warn ERESOLVE     name: 'react',
145 warn ERESOLVE     spec: '^16.0.0 || ^17.0.0 || ^18.0.0 || ^19.0.0',
145 warn ERESOLVE     from: {
145 warn ERESOLVE       name: 'recharts',
145 warn ERESOLVE       version: '2.15.4',
145 warn ERESOLVE       location: 'frontend/node_modules/recharts',
145 warn ERESOLVE       isWorkspace: false,
145 warn ERESOLVE       dependents: [Array]
145 warn ERESOLVE     }
145 warn ERESOLVE   },
145 warn ERESOLVE   dep: {
145 warn ERESOLVE     name: 'react',
145 warn ERESOLVE     version: undefined,
145 warn ERESOLVE     errors: [ [NotCachedError] ],
145 warn ERESOLVE     package: {},
145 warn ERESOLVE     whileInstalling: {
145 warn ERESOLVE       name: '@workspace/showroom',
145 warn ERESOLVE       version: '0.0.0',
145 warn ERESOLVE       path: 'C:\\Users\\abdelmezhuid_r\\Desktop\\GA\\Work Projects\\Asset-Manager\\frontend'
145 warn ERESOLVE     },
145 warn ERESOLVE     location: 'node_modules/react',
145 warn ERESOLVE     isWorkspace: false,
145 warn ERESOLVE     dependents: [ [Object] ]
145 warn ERESOLVE   },
145 warn ERESOLVE   force: false,
145 warn ERESOLVE   isMine: true,
145 warn ERESOLVE   strictPeerDeps: false,
145 warn ERESOLVE   current: {
145 warn ERESOLVE     name: 'react',
145 warn ERESOLVE     version: '19.2.5',
145 warn ERESOLVE     location: 'frontend/node_modules/react',
145 warn ERESOLVE     isWorkspace: false,
145 warn ERESOLVE     dependents: [
145 warn ERESOLVE       [Object], [Object], [Object], [Object], [Object],
145 warn ERESOLVE       [Object], [Object], [Object], [Object], [Object],
145 warn ERESOLVE       [Object], [Object], [Object], [Object], [Object],
145 warn ERESOLVE       [Object], [Object], [Object], [Object], [Object],
145 warn ERESOLVE       [Object], [Object], [Object], [Object], [Object],
145 warn ERESOLVE       [Object], [Object], [Object], [Object], [Object],
145 warn ERESOLVE       [Object], [Object], [Object], [Object], [Object],
145 warn ERESOLVE       [Object], [Object], [Object], [Object], [Object],
145 warn ERESOLVE       [Object], [Object], [Object], [Object], [Object],
145 warn ERESOLVE       [Object], [Object], [Object], [Object], [Object],
145 warn ERESOLVE       [Object], [Object], [Object], [Object], [Object],
145 warn ERESOLVE       [Object], [Object], [Object], [Object], [Object],
145 warn ERESOLVE       [Object], [Object], [Object], [Object], [Object]
145 warn ERESOLVE     ]
145 warn ERESOLVE   }
145 warn ERESOLVE }
146 warn ERESOLVE overriding peer dependency {
146 warn ERESOLVE   code: 'ERESOLVE',
146 warn ERESOLVE   edge: {
146 warn ERESOLVE     type: 'peer',
146 warn ERESOLVE     name: 'react',
146 warn ERESOLVE     spec: '^18.0.0 || ^19.0.0 || ^19.0.0-rc',
146 warn ERESOLVE     from: {
146 warn ERESOLVE       name: 'sonner',
146 warn ERESOLVE       version: '2.0.7',
146 warn ERESOLVE       location: 'frontend/node_modules/sonner',
146 warn ERESOLVE       isWorkspace: false,
146 warn ERESOLVE       dependents: [Array]
146 warn ERESOLVE     }
146 warn ERESOLVE   },
146 warn ERESOLVE   dep: {
146 warn ERESOLVE     name: 'react',
146 warn ERESOLVE     version: undefined,
146 warn ERESOLVE     errors: [ [NotCachedError] ],
146 warn ERESOLVE     package: {},
146 warn ERESOLVE     whileInstalling: {
146 warn ERESOLVE       name: '@workspace/showroom',
146 warn ERESOLVE       version: '0.0.0',
146 warn ERESOLVE       path: 'C:\\Users\\abdelmezhuid_r\\Desktop\\GA\\Work Projects\\Asset-Manager\\frontend'
146 warn ERESOLVE     },
146 warn ERESOLVE     location: 'node_modules/react',
146 warn ERESOLVE     isWorkspace: false,
146 warn ERESOLVE     dependents: [ [Object] ]
146 warn ERESOLVE   },
146 warn ERESOLVE   force: false,
146 warn ERESOLVE   isMine: true,
146 warn ERESOLVE   strictPeerDeps: false,
146 warn ERESOLVE   current: {
146 warn ERESOLVE     name: 'react',
146 warn ERESOLVE     version: '19.2.5',
146 warn ERESOLVE     location: 'frontend/node_modules/react',
146 warn ERESOLVE     isWorkspace: false,
146 warn ERESOLVE     dependents: [
146 warn ERESOLVE       [Object], [Object], [Object], [Object], [Object],
146 warn ERESOLVE       [Object], [Object], [Object], [Object], [Object],
146 warn ERESOLVE       [Object], [Object], [Object], [Object], [Object],
146 warn ERESOLVE       [Object], [Object], [Object], [Object], [Object],
146 warn ERESOLVE       [Object], [Object], [Object], [Object], [Object],
146 warn ERESOLVE       [Object], [Object], [Object], [Object], [Object],
146 warn ERESOLVE       [Object], [Object], [Object], [Object], [Object],
146 warn ERESOLVE       [Object], [Object], [Object], [Object], [Object],
146 warn ERESOLVE       [Object], [Object], [Object], [Object], [Object],
146 warn ERESOLVE       [Object], [Object], [Object], [Object], [Object],
146 warn ERESOLVE       [Object], [Object], [Object], [Object], [Object],
146 warn ERESOLVE       [Object], [Object], [Object], [Object], [Object],
146 warn ERESOLVE       [Object], [Object], [Object], [Object], [Object]
146 warn ERESOLVE     ]
146 warn ERESOLVE   }
146 warn ERESOLVE }
147 warn ERESOLVE overriding peer dependency {
147 warn ERESOLVE   code: 'ERESOLVE',
147 warn ERESOLVE   edge: {
147 warn ERESOLVE     type: 'peer',
147 warn ERESOLVE     name: 'react',
147 warn ERESOLVE     spec: '^16.8 || ^17.0 || ^18.0 || ^19.0.0 || ^19.0.0-rc',
147 warn ERESOLVE     from: {
147 warn ERESOLVE       name: 'vaul',
147 warn ERESOLVE       version: '1.1.2',
147 warn ERESOLVE       location: 'frontend/node_modules/vaul',
147 warn ERESOLVE       isWorkspace: false,
147 warn ERESOLVE       dependents: [Array]
147 warn ERESOLVE     }
147 warn ERESOLVE   },
147 warn ERESOLVE   dep: {
147 warn ERESOLVE     name: 'react',
147 warn ERESOLVE     version: undefined,
147 warn ERESOLVE     errors: [ [NotCachedError] ],
147 warn ERESOLVE     package: {},
147 warn ERESOLVE     whileInstalling: {
147 warn ERESOLVE       name: '@workspace/showroom',
147 warn ERESOLVE       version: '0.0.0',
147 warn ERESOLVE       path: 'C:\\Users\\abdelmezhuid_r\\Desktop\\GA\\Work Projects\\Asset-Manager\\frontend'
147 warn ERESOLVE     },
147 warn ERESOLVE     location: 'node_modules/react',
147 warn ERESOLVE     isWorkspace: false,
147 warn ERESOLVE     dependents: [ [Object] ]
147 warn ERESOLVE   },
147 warn ERESOLVE   force: false,
147 warn ERESOLVE   isMine: true,
147 warn ERESOLVE   strictPeerDeps: false,
147 warn ERESOLVE   current: {
147 warn ERESOLVE     name: 'react',
147 warn ERESOLVE     version: '19.2.5',
147 warn ERESOLVE     location: 'frontend/node_modules/react',
147 warn ERESOLVE     isWorkspace: false,
147 warn ERESOLVE     dependents: [
147 warn ERESOLVE       [Object], [Object], [Object], [Object], [Object],
147 warn ERESOLVE       [Object], [Object], [Object], [Object], [Object],
147 warn ERESOLVE       [Object], [Object], [Object], [Object], [Object],
147 warn ERESOLVE       [Object], [Object], [Object], [Object], [Object],
147 warn ERESOLVE       [Object], [Object], [Object], [Object], [Object],
147 warn ERESOLVE       [Object], [Object], [Object], [Object], [Object],
147 warn ERESOLVE       [Object], [Object], [Object], [Object], [Object],
147 warn ERESOLVE       [Object], [Object], [Object], [Object], [Object],
147 warn ERESOLVE       [Object], [Object], [Object], [Object], [Object],
147 warn ERESOLVE       [Object], [Object], [Object], [Object], [Object],
147 warn ERESOLVE       [Object], [Object], [Object], [Object], [Object],
147 warn ERESOLVE       [Object], [Object], [Object], [Object], [Object],
147 warn ERESOLVE       [Object], [Object], [Object], [Object], [Object]
147 warn ERESOLVE     ]
147 warn ERESOLVE   }
147 warn ERESOLVE }
148 warn ERESOLVE overriding peer dependency {
148 warn ERESOLVE   code: 'ERESOLVE',
148 warn ERESOLVE   edge: {
148 warn ERESOLVE     type: 'peer',
148 warn ERESOLVE     name: 'react',
148 warn ERESOLVE     spec: '^16.8 || ^17.0 || ^18.0 || ^19.0 || ^19.0.0-rc',
148 warn ERESOLVE     from: {
148 warn ERESOLVE       name: '@radix-ui/react-accordion',
148 warn ERESOLVE       version: '1.2.12',
148 warn ERESOLVE       location: 'frontend/node_modules/@radix-ui/react-accordion',
148 warn ERESOLVE       isWorkspace: false,
148 warn ERESOLVE       dependents: [Array]
148 warn ERESOLVE     }
148 warn ERESOLVE   },
148 warn ERESOLVE   dep: {
148 warn ERESOLVE     name: 'react',
148 warn ERESOLVE     version: undefined,
148 warn ERESOLVE     errors: [ [NotCachedError] ],
148 warn ERESOLVE     package: {},
148 warn ERESOLVE     whileInstalling: {
148 warn ERESOLVE       name: '@workspace/showroom',
148 warn ERESOLVE       version: '0.0.0',
148 warn ERESOLVE       path: 'C:\\Users\\abdelmezhuid_r\\Desktop\\GA\\Work Projects\\Asset-Manager\\frontend'
148 warn ERESOLVE     },
148 warn ERESOLVE     location: 'node_modules/react',
148 warn ERESOLVE     isWorkspace: false,
148 warn ERESOLVE     dependents: [ [Object] ]
148 warn ERESOLVE   },
148 warn ERESOLVE   force: false,
148 warn ERESOLVE   isMine: true,
148 warn ERESOLVE   strictPeerDeps: false,
148 warn ERESOLVE   current: {
148 warn ERESOLVE     name: 'react',
148 warn ERESOLVE     version: '19.2.5',
148 warn ERESOLVE     location: 'frontend/node_modules/react',
148 warn ERESOLVE     isWorkspace: false,
148 warn ERESOLVE     dependents: [
148 warn ERESOLVE       [Object], [Object], [Object], [Object], [Object],
148 warn ERESOLVE       [Object], [Object], [Object], [Object], [Object],
148 warn ERESOLVE       [Object], [Object], [Object], [Object], [Object],
148 warn ERESOLVE       [Object], [Object], [Object], [Object], [Object],
148 warn ERESOLVE       [Object], [Object], [Object], [Object], [Object],
148 warn ERESOLVE       [Object], [Object], [Object], [Object], [Object],
148 warn ERESOLVE       [Object], [Object], [Object], [Object], [Object],
148 warn ERESOLVE       [Object], [Object], [Object], [Object], [Object],
148 warn ERESOLVE       [Object], [Object], [Object], [Object], [Object],
148 warn ERESOLVE       [Object], [Object], [Object], [Object], [Object],
148 warn ERESOLVE       [Object], [Object], [Object], [Object], [Object],
148 warn ERESOLVE       [Object], [Object], [Object], [Object], [Object],
148 warn ERESOLVE       [Object], [Object], [Object], [Object], [Object]
148 warn ERESOLVE     ]
148 warn ERESOLVE   }
148 warn ERESOLVE }
149 warn ERESOLVE overriding peer dependency {
149 warn ERESOLVE   code: 'ERESOLVE',
149 warn ERESOLVE   edge: {
149 warn ERESOLVE     type: 'peer',
149 warn ERESOLVE     name: 'react',
149 warn ERESOLVE     spec: '^16.8 || ^17.0 || ^18.0 || ^19.0 || ^19.0.0-rc',
149 warn ERESOLVE     from: {
149 warn ERESOLVE       name: '@radix-ui/react-alert-dialog',
149 warn ERESOLVE       version: '1.1.15',
149 warn ERESOLVE       location: 'frontend/node_modules/@radix-ui/react-alert-dialog',
149 warn ERESOLVE       isWorkspace: false,
149 warn ERESOLVE       dependents: [Array]
149 warn ERESOLVE     }
149 warn ERESOLVE   },
149 warn ERESOLVE   dep: {
149 warn ERESOLVE     name: 'react',
149 warn ERESOLVE     version: undefined,
149 warn ERESOLVE     errors: [ [NotCachedError] ],
149 warn ERESOLVE     package: {},
149 warn ERESOLVE     whileInstalling: {
149 warn ERESOLVE       name: '@workspace/showroom',
149 warn ERESOLVE       version: '0.0.0',
149 warn ERESOLVE       path: 'C:\\Users\\abdelmezhuid_r\\Desktop\\GA\\Work Projects\\Asset-Manager\\frontend'
149 warn ERESOLVE     },
149 warn ERESOLVE     location: 'node_modules/react',
149 warn ERESOLVE     isWorkspace: false,
149 warn ERESOLVE     dependents: [ [Object] ]
149 warn ERESOLVE   },
149 warn ERESOLVE   force: false,
149 warn ERESOLVE   isMine: true,
149 warn ERESOLVE   strictPeerDeps: false,
149 warn ERESOLVE   current: {
149 warn ERESOLVE     name: 'react',
149 warn ERESOLVE     version: '19.2.5',
149 warn ERESOLVE     location: 'frontend/node_modules/react',
149 warn ERESOLVE     isWorkspace: false,
149 warn ERESOLVE     dependents: [
149 warn ERESOLVE       [Object], [Object], [Object], [Object], [Object],
149 warn ERESOLVE       [Object], [Object], [Object], [Object], [Object],
149 warn ERESOLVE       [Object], [Object], [Object], [Object], [Object],
149 warn ERESOLVE       [Object], [Object], [Object], [Object], [Object],
149 warn ERESOLVE       [Object], [Object], [Object], [Object], [Object],
149 warn ERESOLVE       [Object], [Object], [Object], [Object], [Object],
149 warn ERESOLVE       [Object], [Object], [Object], [Object], [Object],
149 warn ERESOLVE       [Object], [Object], [Object], [Object], [Object],
149 warn ERESOLVE       [Object], [Object], [Object], [Object], [Object],
149 warn ERESOLVE       [Object], [Object], [Object], [Object], [Object],
149 warn ERESOLVE       [Object], [Object], [Object], [Object], [Object],
149 warn ERESOLVE       [Object], [Object], [Object], [Object], [Object],
149 warn ERESOLVE       [Object], [Object], [Object], [Object], [Object]
149 warn ERESOLVE     ]
149 warn ERESOLVE   }
149 warn ERESOLVE }
150 warn ERESOLVE overriding peer dependency {
150 warn ERESOLVE   code: 'ERESOLVE',
150 warn ERESOLVE   edge: {
150 warn ERESOLVE     type: 'peer',
150 warn ERESOLVE     name: 'react',
150 warn ERESOLVE     spec: '^16.8 || ^17.0 || ^18.0 || ^19.0 || ^19.0.0-rc',
150 warn ERESOLVE     from: {
150 warn ERESOLVE       name: '@radix-ui/react-aspect-ratio',
150 warn ERESOLVE       version: '1.1.8',
150 warn ERESOLVE       location: 'frontend/node_modules/@radix-ui/react-aspect-ratio',
150 warn ERESOLVE       isWorkspace: false,
150 warn ERESOLVE       dependents: [Array]
150 warn ERESOLVE     }
150 warn ERESOLVE   },
150 warn ERESOLVE   dep: {
150 warn ERESOLVE     name: 'react',
150 warn ERESOLVE     version: undefined,
150 warn ERESOLVE     errors: [ [NotCachedError] ],
150 warn ERESOLVE     package: {},
150 warn ERESOLVE     whileInstalling: {
150 warn ERESOLVE       name: '@workspace/showroom',
150 warn ERESOLVE       version: '0.0.0',
150 warn ERESOLVE       path: 'C:\\Users\\abdelmezhuid_r\\Desktop\\GA\\Work Projects\\Asset-Manager\\frontend'
150 warn ERESOLVE     },
150 warn ERESOLVE     location: 'node_modules/react',
150 warn ERESOLVE     isWorkspace: false,
150 warn ERESOLVE     dependents: [ [Object] ]
150 warn ERESOLVE   },
150 warn ERESOLVE   force: false,
150 warn ERESOLVE   isMine: true,
150 warn ERESOLVE   strictPeerDeps: false,
150 warn ERESOLVE   current: {
150 warn ERESOLVE     name: 'react',
150 warn ERESOLVE     version: '19.2.5',
150 warn ERESOLVE     location: 'frontend/node_modules/react',
150 warn ERESOLVE     isWorkspace: false,
150 warn ERESOLVE     dependents: [
150 warn ERESOLVE       [Object], [Object], [Object], [Object], [Object],
150 warn ERESOLVE       [Object], [Object], [Object], [Object], [Object],
150 warn ERESOLVE       [Object], [Object], [Object], [Object], [Object],
150 warn ERESOLVE       [Object], [Object], [Object], [Object], [Object],
150 warn ERESOLVE       [Object], [Object], [Object], [Object], [Object],
150 warn ERESOLVE       [Object], [Object], [Object], [Object], [Object],
150 warn ERESOLVE       [Object], [Object], [Object], [Object], [Object],
150 warn ERESOLVE       [Object], [Object], [Object], [Object], [Object],
150 warn ERESOLVE       [Object], [Object], [Object], [Object], [Object],
150 warn ERESOLVE       [Object], [Object], [Object], [Object], [Object],
150 warn ERESOLVE       [Object], [Object], [Object], [Object], [Object],
150 warn ERESOLVE       [Object], [Object], [Object], [Object], [Object],
150 warn ERESOLVE       [Object], [Object], [Object], [Object], [Object]
150 warn ERESOLVE     ]
150 warn ERESOLVE   }
150 warn ERESOLVE }
151 warn ERESOLVE overriding peer dependency {
151 warn ERESOLVE   code: 'ERESOLVE',
151 warn ERESOLVE   edge: {
151 warn ERESOLVE     type: 'peer',
151 warn ERESOLVE     name: 'react',
151 warn ERESOLVE     spec: '^16.8 || ^17.0 || ^18.0 || ^19.0 || ^19.0.0-rc',
151 warn ERESOLVE     from: {
151 warn ERESOLVE       name: '@radix-ui/react-checkbox',
151 warn ERESOLVE       version: '1.3.3',
151 warn ERESOLVE       location: 'frontend/node_modules/@radix-ui/react-checkbox',
151 warn ERESOLVE       isWorkspace: false,
151 warn ERESOLVE       dependents: [Array]
151 warn ERESOLVE     }
151 warn ERESOLVE   },
151 warn ERESOLVE   dep: {
151 warn ERESOLVE     name: 'react',
151 warn ERESOLVE     version: undefined,
151 warn ERESOLVE     errors: [ [NotCachedError] ],
151 warn ERESOLVE     package: {},
151 warn ERESOLVE     whileInstalling: {
151 warn ERESOLVE       name: '@workspace/showroom',
151 warn ERESOLVE       version: '0.0.0',
151 warn ERESOLVE       path: 'C:\\Users\\abdelmezhuid_r\\Desktop\\GA\\Work Projects\\Asset-Manager\\frontend'
151 warn ERESOLVE     },
151 warn ERESOLVE     location: 'node_modules/react',
151 warn ERESOLVE     isWorkspace: false,
151 warn ERESOLVE     dependents: [ [Object] ]
151 warn ERESOLVE   },
151 warn ERESOLVE   force: false,
151 warn ERESOLVE   isMine: true,
151 warn ERESOLVE   strictPeerDeps: false,
151 warn ERESOLVE   current: {
151 warn ERESOLVE     name: 'react',
151 warn ERESOLVE     version: '19.2.5',
151 warn ERESOLVE     location: 'frontend/node_modules/react',
151 warn ERESOLVE     isWorkspace: false,
151 warn ERESOLVE     dependents: [
151 warn ERESOLVE       [Object], [Object], [Object], [Object], [Object],
151 warn ERESOLVE       [Object], [Object], [Object], [Object], [Object],
151 warn ERESOLVE       [Object], [Object], [Object], [Object], [Object],
151 warn ERESOLVE       [Object], [Object], [Object], [Object], [Object],
151 warn ERESOLVE       [Object], [Object], [Object], [Object], [Object],
151 warn ERESOLVE       [Object], [Object], [Object], [Object], [Object],
151 warn ERESOLVE       [Object], [Object], [Object], [Object], [Object],
151 warn ERESOLVE       [Object], [Object], [Object], [Object], [Object],
151 warn ERESOLVE       [Object], [Object], [Object], [Object], [Object],
151 warn ERESOLVE       [Object], [Object], [Object], [Object], [Object],
151 warn ERESOLVE       [Object], [Object], [Object], [Object], [Object],
151 warn ERESOLVE       [Object], [Object], [Object], [Object], [Object],
151 warn ERESOLVE       [Object], [Object], [Object], [Object], [Object]
151 warn ERESOLVE     ]
151 warn ERESOLVE   }
151 warn ERESOLVE }
152 warn ERESOLVE overriding peer dependency {
152 warn ERESOLVE   code: 'ERESOLVE',
152 warn ERESOLVE   edge: {
152 warn ERESOLVE     type: 'peer',
152 warn ERESOLVE     name: 'react',
152 warn ERESOLVE     spec: '^16.8 || ^17.0 || ^18.0 || ^19.0 || ^19.0.0-rc',
152 warn ERESOLVE     from: {
152 warn ERESOLVE       name: '@radix-ui/react-avatar',
152 warn ERESOLVE       version: '1.1.11',
152 warn ERESOLVE       location: 'frontend/node_modules/@radix-ui/react-avatar',
152 warn ERESOLVE       isWorkspace: false,
152 warn ERESOLVE       dependents: [Array]
152 warn ERESOLVE     }
152 warn ERESOLVE   },
152 warn ERESOLVE   dep: {
152 warn ERESOLVE     name: 'react',
152 warn ERESOLVE     version: undefined,
152 warn ERESOLVE     errors: [ [NotCachedError] ],
152 warn ERESOLVE     package: {},
152 warn ERESOLVE     whileInstalling: {
152 warn ERESOLVE       name: '@workspace/showroom',
152 warn ERESOLVE       version: '0.0.0',
152 warn ERESOLVE       path: 'C:\\Users\\abdelmezhuid_r\\Desktop\\GA\\Work Projects\\Asset-Manager\\frontend'
152 warn ERESOLVE     },
152 warn ERESOLVE     location: 'node_modules/react',
152 warn ERESOLVE     isWorkspace: false,
152 warn ERESOLVE     dependents: [ [Object] ]
152 warn ERESOLVE   },
152 warn ERESOLVE   force: false,
152 warn ERESOLVE   isMine: true,
152 warn ERESOLVE   strictPeerDeps: false,
152 warn ERESOLVE   current: {
152 warn ERESOLVE     name: 'react',
152 warn ERESOLVE     version: '19.2.5',
152 warn ERESOLVE     location: 'frontend/node_modules/react',
152 warn ERESOLVE     isWorkspace: false,
152 warn ERESOLVE     dependents: [
152 warn ERESOLVE       [Object], [Object], [Object], [Object], [Object],
152 warn ERESOLVE       [Object], [Object], [Object], [Object], [Object],
152 warn ERESOLVE       [Object], [Object], [Object], [Object], [Object],
152 warn ERESOLVE       [Object], [Object], [Object], [Object], [Object],
152 warn ERESOLVE       [Object], [Object], [Object], [Object], [Object],
152 warn ERESOLVE       [Object], [Object], [Object], [Object], [Object],
152 warn ERESOLVE       [Object], [Object], [Object], [Object], [Object],
152 warn ERESOLVE       [Object], [Object], [Object], [Object], [Object],
152 warn ERESOLVE       [Object], [Object], [Object], [Object], [Object],
152 warn ERESOLVE       [Object], [Object], [Object], [Object], [Object],
152 warn ERESOLVE       [Object], [Object], [Object], [Object], [Object],
152 warn ERESOLVE       [Object], [Object], [Object], [Object], [Object],
152 warn ERESOLVE       [Object], [Object], [Object], [Object], [Object]
152 warn ERESOLVE     ]
152 warn ERESOLVE   }
152 warn ERESOLVE }
153 warn ERESOLVE overriding peer dependency {
153 warn ERESOLVE   code: 'ERESOLVE',
153 warn ERESOLVE   edge: {
153 warn ERESOLVE     type: 'peer',
153 warn ERESOLVE     name: 'react',
153 warn ERESOLVE     spec: '^16.8 || ^17.0 || ^18.0 || ^19.0 || ^19.0.0-rc',
153 warn ERESOLVE     from: {
153 warn ERESOLVE       name: '@radix-ui/react-context-menu',
153 warn ERESOLVE       version: '2.2.16',
153 warn ERESOLVE       location: 'frontend/node_modules/@radix-ui/react-context-menu',
153 warn ERESOLVE       isWorkspace: false,
153 warn ERESOLVE       dependents: [Array]
153 warn ERESOLVE     }
153 warn ERESOLVE   },
153 warn ERESOLVE   dep: {
153 warn ERESOLVE     name: 'react',
153 warn ERESOLVE     version: undefined,
153 warn ERESOLVE     errors: [ [NotCachedError] ],
153 warn ERESOLVE     package: {},
153 warn ERESOLVE     whileInstalling: {
153 warn ERESOLVE       name: '@workspace/showroom',
153 warn ERESOLVE       version: '0.0.0',
153 warn ERESOLVE       path: 'C:\\Users\\abdelmezhuid_r\\Desktop\\GA\\Work Projects\\Asset-Manager\\frontend'
153 warn ERESOLVE     },
153 warn ERESOLVE     location: 'node_modules/react',
153 warn ERESOLVE     isWorkspace: false,
153 warn ERESOLVE     dependents: [ [Object] ]
153 warn ERESOLVE   },
153 warn ERESOLVE   force: false,
153 warn ERESOLVE   isMine: true,
153 warn ERESOLVE   strictPeerDeps: false,
153 warn ERESOLVE   current: {
153 warn ERESOLVE     name: 'react',
153 warn ERESOLVE     version: '19.2.5',
153 warn ERESOLVE     location: 'frontend/node_modules/react',
153 warn ERESOLVE     isWorkspace: false,
153 warn ERESOLVE     dependents: [
153 warn ERESOLVE       [Object], [Object], [Object], [Object], [Object],
153 warn ERESOLVE       [Object], [Object], [Object], [Object], [Object],
153 warn ERESOLVE       [Object], [Object], [Object], [Object], [Object],
153 warn ERESOLVE       [Object], [Object], [Object], [Object], [Object],
153 warn ERESOLVE       [Object], [Object], [Object], [Object], [Object],
153 warn ERESOLVE       [Object], [Object], [Object], [Object], [Object],
153 warn ERESOLVE       [Object], [Object], [Object], [Object], [Object],
153 warn ERESOLVE       [Object], [Object], [Object], [Object], [Object],
153 warn ERESOLVE       [Object], [Object], [Object], [Object], [Object],
153 warn ERESOLVE       [Object], [Object], [Object], [Object], [Object],
153 warn ERESOLVE       [Object], [Object], [Object], [Object], [Object],
153 warn ERESOLVE       [Object], [Object], [Object], [Object], [Object],
153 warn ERESOLVE       [Object], [Object], [Object], [Object], [Object]
153 warn ERESOLVE     ]
153 warn ERESOLVE   }
153 warn ERESOLVE }
154 warn ERESOLVE overriding peer dependency {
154 warn ERESOLVE   code: 'ERESOLVE',
154 warn ERESOLVE   edge: {
154 warn ERESOLVE     type: 'peer',
154 warn ERESOLVE     name: 'react',
154 warn ERESOLVE     spec: '^16.8 || ^17.0 || ^18.0 || ^19.0 || ^19.0.0-rc',
154 warn ERESOLVE     from: {
154 warn ERESOLVE       name: '@radix-ui/react-dropdown-menu',
154 warn ERESOLVE       version: '2.1.16',
154 warn ERESOLVE       location: 'frontend/node_modules/@radix-ui/react-dropdown-menu',
154 warn ERESOLVE       isWorkspace: false,
154 warn ERESOLVE       dependents: [Array]
154 warn ERESOLVE     }
154 warn ERESOLVE   },
154 warn ERESOLVE   dep: {
154 warn ERESOLVE     name: 'react',
154 warn ERESOLVE     version: undefined,
154 warn ERESOLVE     errors: [ [NotCachedError] ],
154 warn ERESOLVE     package: {},
154 warn ERESOLVE     whileInstalling: {
154 warn ERESOLVE       name: '@workspace/showroom',
154 warn ERESOLVE       version: '0.0.0',
154 warn ERESOLVE       path: 'C:\\Users\\abdelmezhuid_r\\Desktop\\GA\\Work Projects\\Asset-Manager\\frontend'
154 warn ERESOLVE     },
154 warn ERESOLVE     location: 'node_modules/react',
154 warn ERESOLVE     isWorkspace: false,
154 warn ERESOLVE     dependents: [ [Object] ]
154 warn ERESOLVE   },
154 warn ERESOLVE   force: false,
154 warn ERESOLVE   isMine: true,
154 warn ERESOLVE   strictPeerDeps: false,
154 warn ERESOLVE   current: {
154 warn ERESOLVE     name: 'react',
154 warn ERESOLVE     version: '19.2.5',
154 warn ERESOLVE     location: 'frontend/node_modules/react',
154 warn ERESOLVE     isWorkspace: false,
154 warn ERESOLVE     dependents: [
154 warn ERESOLVE       [Object], [Object], [Object], [Object], [Object],
154 warn ERESOLVE       [Object], [Object], [Object], [Object], [Object],
154 warn ERESOLVE       [Object], [Object], [Object], [Object], [Object],
154 warn ERESOLVE       [Object], [Object], [Object], [Object], [Object],
154 warn ERESOLVE       [Object], [Object], [Object], [Object], [Object],
154 warn ERESOLVE       [Object], [Object], [Object], [Object], [Object],
154 warn ERESOLVE       [Object], [Object], [Object], [Object], [Object],
154 warn ERESOLVE       [Object], [Object], [Object], [Object], [Object],
154 warn ERESOLVE       [Object], [Object], [Object], [Object], [Object],
154 warn ERESOLVE       [Object], [Object], [Object], [Object], [Object],
154 warn ERESOLVE       [Object], [Object], [Object], [Object], [Object],
154 warn ERESOLVE       [Object], [Object], [Object], [Object], [Object],
154 warn ERESOLVE       [Object], [Object], [Object], [Object], [Object]
154 warn ERESOLVE     ]
154 warn ERESOLVE   }
154 warn ERESOLVE }
155 warn ERESOLVE overriding peer dependency {
155 warn ERESOLVE   code: 'ERESOLVE',
155 warn ERESOLVE   edge: {
155 warn ERESOLVE     type: 'peer',
155 warn ERESOLVE     name: 'react',
155 warn ERESOLVE     spec: '^16.8 || ^17.0 || ^18.0 || ^19.0 || ^19.0.0-rc',
155 warn ERESOLVE     from: {
155 warn ERESOLVE       name: '@radix-ui/react-hover-card',
155 warn ERESOLVE       version: '1.1.15',
155 warn ERESOLVE       location: 'frontend/node_modules/@radix-ui/react-hover-card',
155 warn ERESOLVE       isWorkspace: false,
155 warn ERESOLVE       dependents: [Array]
155 warn ERESOLVE     }
155 warn ERESOLVE   },
155 warn ERESOLVE   dep: {
155 warn ERESOLVE     name: 'react',
155 warn ERESOLVE     version: undefined,
155 warn ERESOLVE     errors: [ [NotCachedError] ],
155 warn ERESOLVE     package: {},
155 warn ERESOLVE     whileInstalling: {
155 warn ERESOLVE       name: '@workspace/showroom',
155 warn ERESOLVE       version: '0.0.0',
155 warn ERESOLVE       path: 'C:\\Users\\abdelmezhuid_r\\Desktop\\GA\\Work Projects\\Asset-Manager\\frontend'
155 warn ERESOLVE     },
155 warn ERESOLVE     location: 'node_modules/react',
155 warn ERESOLVE     isWorkspace: false,
155 warn ERESOLVE     dependents: [ [Object] ]
155 warn ERESOLVE   },
155 warn ERESOLVE   force: false,
155 warn ERESOLVE   isMine: true,
155 warn ERESOLVE   strictPeerDeps: false,
155 warn ERESOLVE   current: {
155 warn ERESOLVE     name: 'react',
155 warn ERESOLVE     version: '19.2.5',
155 warn ERESOLVE     location: 'frontend/node_modules/react',
155 warn ERESOLVE     isWorkspace: false,
155 warn ERESOLVE     dependents: [
155 warn ERESOLVE       [Object], [Object], [Object], [Object], [Object],
155 warn ERESOLVE       [Object], [Object], [Object], [Object], [Object],
155 warn ERESOLVE       [Object], [Object], [Object], [Object], [Object],
155 warn ERESOLVE       [Object], [Object], [Object], [Object], [Object],
155 warn ERESOLVE       [Object], [Object], [Object], [Object], [Object],
155 warn ERESOLVE       [Object], [Object], [Object], [Object], [Object],
155 warn ERESOLVE       [Object], [Object], [Object], [Object], [Object],
155 warn ERESOLVE       [Object], [Object], [Object], [Object], [Object],
155 warn ERESOLVE       [Object], [Object], [Object], [Object], [Object],
155 warn ERESOLVE       [Object], [Object], [Object], [Object], [Object],
155 warn ERESOLVE       [Object], [Object], [Object], [Object], [Object],
155 warn ERESOLVE       [Object], [Object], [Object], [Object], [Object],
155 warn ERESOLVE       [Object], [Object], [Object], [Object], [Object]
155 warn ERESOLVE     ]
155 warn ERESOLVE   }
155 warn ERESOLVE }
156 warn ERESOLVE overriding peer dependency {
156 warn ERESOLVE   code: 'ERESOLVE',
156 warn ERESOLVE   edge: {
156 warn ERESOLVE     type: 'peer',
156 warn ERESOLVE     name: 'react',
156 warn ERESOLVE     spec: '^16.8 || ^17.0 || ^18.0 || ^19.0 || ^19.0.0-rc',
156 warn ERESOLVE     from: {
156 warn ERESOLVE       name: '@radix-ui/react-label',
156 warn ERESOLVE       version: '2.1.8',
156 warn ERESOLVE       location: 'frontend/node_modules/@radix-ui/react-label',
156 warn ERESOLVE       isWorkspace: false,
156 warn ERESOLVE       dependents: [Array]
156 warn ERESOLVE     }
156 warn ERESOLVE   },
156 warn ERESOLVE   dep: {
156 warn ERESOLVE     name: 'react',
156 warn ERESOLVE     version: undefined,
156 warn ERESOLVE     errors: [ [NotCachedError] ],
156 warn ERESOLVE     package: {},
156 warn ERESOLVE     whileInstalling: {
156 warn ERESOLVE       name: '@workspace/showroom',
156 warn ERESOLVE       version: '0.0.0',
156 warn ERESOLVE       path: 'C:\\Users\\abdelmezhuid_r\\Desktop\\GA\\Work Projects\\Asset-Manager\\frontend'
156 warn ERESOLVE     },
156 warn ERESOLVE     location: 'node_modules/react',
156 warn ERESOLVE     isWorkspace: false,
156 warn ERESOLVE     dependents: [ [Object] ]
156 warn ERESOLVE   },
156 warn ERESOLVE   force: false,
156 warn ERESOLVE   isMine: true,
156 warn ERESOLVE   strictPeerDeps: false,
156 warn ERESOLVE   current: {
156 warn ERESOLVE     name: 'react',
156 warn ERESOLVE     version: '19.2.5',
156 warn ERESOLVE     location: 'frontend/node_modules/react',
156 warn ERESOLVE     isWorkspace: false,
156 warn ERESOLVE     dependents: [
156 warn ERESOLVE       [Object], [Object], [Object], [Object], [Object],
156 warn ERESOLVE       [Object], [Object], [Object], [Object], [Object],
156 warn ERESOLVE       [Object], [Object], [Object], [Object], [Object],
156 warn ERESOLVE       [Object], [Object], [Object], [Object], [Object],
156 warn ERESOLVE       [Object], [Object], [Object], [Object], [Object],
156 warn ERESOLVE       [Object], [Object], [Object], [Object], [Object],
156 warn ERESOLVE       [Object], [Object], [Object], [Object], [Object],
156 warn ERESOLVE       [Object], [Object], [Object], [Object], [Object],
156 warn ERESOLVE       [Object], [Object], [Object], [Object], [Object],
156 warn ERESOLVE       [Object], [Object], [Object], [Object], [Object],
156 warn ERESOLVE       [Object], [Object], [Object], [Object], [Object],
156 warn ERESOLVE       [Object], [Object], [Object], [Object], [Object],
156 warn ERESOLVE       [Object], [Object], [Object], [Object], [Object]
156 warn ERESOLVE     ]
156 warn ERESOLVE   }
156 warn ERESOLVE }
157 warn ERESOLVE overriding peer dependency {
157 warn ERESOLVE   code: 'ERESOLVE',
157 warn ERESOLVE   edge: {
157 warn ERESOLVE     type: 'peer',
157 warn ERESOLVE     name: 'react',
157 warn ERESOLVE     spec: '^16.8 || ^17.0 || ^18.0 || ^19.0 || ^19.0.0-rc',
157 warn ERESOLVE     from: {
157 warn ERESOLVE       name: '@radix-ui/react-menubar',
157 warn ERESOLVE       version: '1.1.16',
157 warn ERESOLVE       location: 'frontend/node_modules/@radix-ui/react-menubar',
157 warn ERESOLVE       isWorkspace: false,
157 warn ERESOLVE       dependents: [Array]
157 warn ERESOLVE     }
157 warn ERESOLVE   },
157 warn ERESOLVE   dep: {
157 warn ERESOLVE     name: 'react',
157 warn ERESOLVE     version: undefined,
157 warn ERESOLVE     errors: [ [NotCachedError] ],
157 warn ERESOLVE     package: {},
157 warn ERESOLVE     whileInstalling: {
157 warn ERESOLVE       name: '@workspace/showroom',
157 warn ERESOLVE       version: '0.0.0',
157 warn ERESOLVE       path: 'C:\\Users\\abdelmezhuid_r\\Desktop\\GA\\Work Projects\\Asset-Manager\\frontend'
157 warn ERESOLVE     },
157 warn ERESOLVE     location: 'node_modules/react',
157 warn ERESOLVE     isWorkspace: false,
157 warn ERESOLVE     dependents: [ [Object] ]
157 warn ERESOLVE   },
157 warn ERESOLVE   force: false,
157 warn ERESOLVE   isMine: true,
157 warn ERESOLVE   strictPeerDeps: false,
157 warn ERESOLVE   current: {
157 warn ERESOLVE     name: 'react',
157 warn ERESOLVE     version: '19.2.5',
157 warn ERESOLVE     location: 'frontend/node_modules/react',
157 warn ERESOLVE     isWorkspace: false,
157 warn ERESOLVE     dependents: [
157 warn ERESOLVE       [Object], [Object], [Object], [Object], [Object],
157 warn ERESOLVE       [Object], [Object], [Object], [Object], [Object],
157 warn ERESOLVE       [Object], [Object], [Object], [Object], [Object],
157 warn ERESOLVE       [Object], [Object], [Object], [Object], [Object],
157 warn ERESOLVE       [Object], [Object], [Object], [Object], [Object],
157 warn ERESOLVE       [Object], [Object], [Object], [Object], [Object],
157 warn ERESOLVE       [Object], [Object], [Object], [Object], [Object],
157 warn ERESOLVE       [Object], [Object], [Object], [Object], [Object],
157 warn ERESOLVE       [Object], [Object], [Object], [Object], [Object],
157 warn ERESOLVE       [Object], [Object], [Object], [Object], [Object],
157 warn ERESOLVE       [Object], [Object], [Object], [Object], [Object],
157 warn ERESOLVE       [Object], [Object], [Object], [Object], [Object],
157 warn ERESOLVE       [Object], [Object], [Object], [Object], [Object]
157 warn ERESOLVE     ]
157 warn ERESOLVE   }
157 warn ERESOLVE }
158 warn ERESOLVE overriding peer dependency {
158 warn ERESOLVE   code: 'ERESOLVE',
158 warn ERESOLVE   edge: {
158 warn ERESOLVE     type: 'peer',
158 warn ERESOLVE     name: 'react',
158 warn ERESOLVE     spec: '^16.8 || ^17.0 || ^18.0 || ^19.0 || ^19.0.0-rc',
158 warn ERESOLVE     from: {
158 warn ERESOLVE       name: '@radix-ui/react-navigation-menu',
158 warn ERESOLVE       version: '1.2.14',
158 warn ERESOLVE       location: 'frontend/node_modules/@radix-ui/react-navigation-menu',
158 warn ERESOLVE       isWorkspace: false,
158 warn ERESOLVE       dependents: [Array]
158 warn ERESOLVE     }
158 warn ERESOLVE   },
158 warn ERESOLVE   dep: {
158 warn ERESOLVE     name: 'react',
158 warn ERESOLVE     version: undefined,
158 warn ERESOLVE     errors: [ [NotCachedError] ],
158 warn ERESOLVE     package: {},
158 warn ERESOLVE     whileInstalling: {
158 warn ERESOLVE       name: '@workspace/showroom',
158 warn ERESOLVE       version: '0.0.0',
158 warn ERESOLVE       path: 'C:\\Users\\abdelmezhuid_r\\Desktop\\GA\\Work Projects\\Asset-Manager\\frontend'
158 warn ERESOLVE     },
158 warn ERESOLVE     location: 'node_modules/react',
158 warn ERESOLVE     isWorkspace: false,
158 warn ERESOLVE     dependents: [ [Object] ]
158 warn ERESOLVE   },
158 warn ERESOLVE   force: false,
158 warn ERESOLVE   isMine: true,
158 warn ERESOLVE   strictPeerDeps: false,
158 warn ERESOLVE   current: {
158 warn ERESOLVE     name: 'react',
158 warn ERESOLVE     version: '19.2.5',
158 warn ERESOLVE     location: 'frontend/node_modules/react',
158 warn ERESOLVE     isWorkspace: false,
158 warn ERESOLVE     dependents: [
158 warn ERESOLVE       [Object], [Object], [Object], [Object], [Object],
158 warn ERESOLVE       [Object], [Object], [Object], [Object], [Object],
158 warn ERESOLVE       [Object], [Object], [Object], [Object], [Object],
158 warn ERESOLVE       [Object], [Object], [Object], [Object], [Object],
158 warn ERESOLVE       [Object], [Object], [Object], [Object], [Object],
158 warn ERESOLVE       [Object], [Object], [Object], [Object], [Object],
158 warn ERESOLVE       [Object], [Object], [Object], [Object], [Object],
158 warn ERESOLVE       [Object], [Object], [Object], [Object], [Object],
158 warn ERESOLVE       [Object], [Object], [Object], [Object], [Object],
158 warn ERESOLVE       [Object], [Object], [Object], [Object], [Object],
158 warn ERESOLVE       [Object], [Object], [Object], [Object], [Object],
158 warn ERESOLVE       [Object], [Object], [Object], [Object], [Object],
158 warn ERESOLVE       [Object], [Object], [Object], [Object], [Object]
158 warn ERESOLVE     ]
158 warn ERESOLVE   }
158 warn ERESOLVE }
159 warn ERESOLVE overriding peer dependency {
159 warn ERESOLVE   code: 'ERESOLVE',
159 warn ERESOLVE   edge: {
159 warn ERESOLVE     type: 'peer',
159 warn ERESOLVE     name: 'react',
159 warn ERESOLVE     spec: '^16.8 || ^17.0 || ^18.0 || ^19.0 || ^19.0.0-rc',
159 warn ERESOLVE     from: {
159 warn ERESOLVE       name: '@radix-ui/react-popover',
159 warn ERESOLVE       version: '1.1.15',
159 warn ERESOLVE       location: 'frontend/node_modules/@radix-ui/react-popover',
159 warn ERESOLVE       isWorkspace: false,
159 warn ERESOLVE       dependents: [Array]
159 warn ERESOLVE     }
159 warn ERESOLVE   },
159 warn ERESOLVE   dep: {
159 warn ERESOLVE     name: 'react',
159 warn ERESOLVE     version: undefined,
159 warn ERESOLVE     errors: [ [NotCachedError] ],
159 warn ERESOLVE     package: {},
159 warn ERESOLVE     whileInstalling: {
159 warn ERESOLVE       name: '@workspace/showroom',
159 warn ERESOLVE       version: '0.0.0',
159 warn ERESOLVE       path: 'C:\\Users\\abdelmezhuid_r\\Desktop\\GA\\Work Projects\\Asset-Manager\\frontend'
159 warn ERESOLVE     },
159 warn ERESOLVE     location: 'node_modules/react',
159 warn ERESOLVE     isWorkspace: false,
159 warn ERESOLVE     dependents: [ [Object] ]
159 warn ERESOLVE   },
159 warn ERESOLVE   force: false,
159 warn ERESOLVE   isMine: true,
159 warn ERESOLVE   strictPeerDeps: false,
159 warn ERESOLVE   current: {
159 warn ERESOLVE     name: 'react',
159 warn ERESOLVE     version: '19.2.5',
159 warn ERESOLVE     location: 'frontend/node_modules/react',
159 warn ERESOLVE     isWorkspace: false,
159 warn ERESOLVE     dependents: [
159 warn ERESOLVE       [Object], [Object], [Object], [Object], [Object],
159 warn ERESOLVE       [Object], [Object], [Object], [Object], [Object],
159 warn ERESOLVE       [Object], [Object], [Object], [Object], [Object],
159 warn ERESOLVE       [Object], [Object], [Object], [Object], [Object],
159 warn ERESOLVE       [Object], [Object], [Object], [Object], [Object],
159 warn ERESOLVE       [Object], [Object], [Object], [Object], [Object],
159 warn ERESOLVE       [Object], [Object], [Object], [Object], [Object],
159 warn ERESOLVE       [Object], [Object], [Object], [Object], [Object],
159 warn ERESOLVE       [Object], [Object], [Object], [Object], [Object],
159 warn ERESOLVE       [Object], [Object], [Object], [Object], [Object],
159 warn ERESOLVE       [Object], [Object], [Object], [Object], [Object],
159 warn ERESOLVE       [Object], [Object], [Object], [Object], [Object],
159 warn ERESOLVE       [Object], [Object], [Object], [Object], [Object]
159 warn ERESOLVE     ]
159 warn ERESOLVE   }
159 warn ERESOLVE }
160 warn ERESOLVE overriding peer dependency {
160 warn ERESOLVE   code: 'ERESOLVE',
160 warn ERESOLVE   edge: {
160 warn ERESOLVE     type: 'peer',
160 warn ERESOLVE     name: 'react',
160 warn ERESOLVE     spec: '^16.8 || ^17.0 || ^18.0 || ^19.0 || ^19.0.0-rc',
160 warn ERESOLVE     from: {
160 warn ERESOLVE       name: '@radix-ui/react-progress',
160 warn ERESOLVE       version: '1.1.8',
160 warn ERESOLVE       location: 'frontend/node_modules/@radix-ui/react-progress',
160 warn ERESOLVE       isWorkspace: false,
160 warn ERESOLVE       dependents: [Array]
160 warn ERESOLVE     }
160 warn ERESOLVE   },
160 warn ERESOLVE   dep: {
160 warn ERESOLVE     name: 'react',
160 warn ERESOLVE     version: undefined,
160 warn ERESOLVE     errors: [ [NotCachedError] ],
160 warn ERESOLVE     package: {},
160 warn ERESOLVE     whileInstalling: {
160 warn ERESOLVE       name: '@workspace/showroom',
160 warn ERESOLVE       version: '0.0.0',
160 warn ERESOLVE       path: 'C:\\Users\\abdelmezhuid_r\\Desktop\\GA\\Work Projects\\Asset-Manager\\frontend'
160 warn ERESOLVE     },
160 warn ERESOLVE     location: 'node_modules/react',
160 warn ERESOLVE     isWorkspace: false,
160 warn ERESOLVE     dependents: [ [Object] ]
160 warn ERESOLVE   },
160 warn ERESOLVE   force: false,
160 warn ERESOLVE   isMine: true,
160 warn ERESOLVE   strictPeerDeps: false,
160 warn ERESOLVE   current: {
160 warn ERESOLVE     name: 'react',
160 warn ERESOLVE     version: '19.2.5',
160 warn ERESOLVE     location: 'frontend/node_modules/react',
160 warn ERESOLVE     isWorkspace: false,
160 warn ERESOLVE     dependents: [
160 warn ERESOLVE       [Object], [Object], [Object], [Object], [Object],
160 warn ERESOLVE       [Object], [Object], [Object], [Object], [Object],
160 warn ERESOLVE       [Object], [Object], [Object], [Object], [Object],
160 warn ERESOLVE       [Object], [Object], [Object], [Object], [Object],
160 warn ERESOLVE       [Object], [Object], [Object], [Object], [Object],
160 warn ERESOLVE       [Object], [Object], [Object], [Object], [Object],
160 warn ERESOLVE       [Object], [Object], [Object], [Object], [Object],
160 warn ERESOLVE       [Object], [Object], [Object], [Object], [Object],
160 warn ERESOLVE       [Object], [Object], [Object], [Object], [Object],
160 warn ERESOLVE       [Object], [Object], [Object], [Object], [Object],
160 warn ERESOLVE       [Object], [Object], [Object], [Object], [Object],
160 warn ERESOLVE       [Object], [Object], [Object], [Object], [Object],
160 warn ERESOLVE       [Object], [Object], [Object], [Object], [Object]
160 warn ERESOLVE     ]
160 warn ERESOLVE   }
160 warn ERESOLVE }
161 warn ERESOLVE overriding peer dependency {
161 warn ERESOLVE   code: 'ERESOLVE',
161 warn ERESOLVE   edge: {
161 warn ERESOLVE     type: 'peer',
161 warn ERESOLVE     name: 'react',
161 warn ERESOLVE     spec: '^16.8 || ^17.0 || ^18.0 || ^19.0 || ^19.0.0-rc',
161 warn ERESOLVE     from: {
161 warn ERESOLVE       name: '@radix-ui/react-radio-group',
161 warn ERESOLVE       version: '1.3.8',
161 warn ERESOLVE       location: 'frontend/node_modules/@radix-ui/react-radio-group',
161 warn ERESOLVE       isWorkspace: false,
161 warn ERESOLVE       dependents: [Array]
161 warn ERESOLVE     }
161 warn ERESOLVE   },
161 warn ERESOLVE   dep: {
161 warn ERESOLVE     name: 'react',
161 warn ERESOLVE     version: undefined,
161 warn ERESOLVE     errors: [ [NotCachedError] ],
161 warn ERESOLVE     package: {},
161 warn ERESOLVE     whileInstalling: {
161 warn ERESOLVE       name: '@workspace/showroom',
161 warn ERESOLVE       version: '0.0.0',
161 warn ERESOLVE       path: 'C:\\Users\\abdelmezhuid_r\\Desktop\\GA\\Work Projects\\Asset-Manager\\frontend'
161 warn ERESOLVE     },
161 warn ERESOLVE     location: 'node_modules/react',
161 warn ERESOLVE     isWorkspace: false,
161 warn ERESOLVE     dependents: [ [Object] ]
161 warn ERESOLVE   },
161 warn ERESOLVE   force: false,
161 warn ERESOLVE   isMine: true,
161 warn ERESOLVE   strictPeerDeps: false,
161 warn ERESOLVE   current: {
161 warn ERESOLVE     name: 'react',
161 warn ERESOLVE     version: '19.2.5',
161 warn ERESOLVE     location: 'frontend/node_modules/react',
161 warn ERESOLVE     isWorkspace: false,
161 warn ERESOLVE     dependents: [
161 warn ERESOLVE       [Object], [Object], [Object], [Object], [Object],
161 warn ERESOLVE       [Object], [Object], [Object], [Object], [Object],
161 warn ERESOLVE       [Object], [Object], [Object], [Object], [Object],
161 warn ERESOLVE       [Object], [Object], [Object], [Object], [Object],
161 warn ERESOLVE       [Object], [Object], [Object], [Object], [Object],
161 warn ERESOLVE       [Object], [Object], [Object], [Object], [Object],
161 warn ERESOLVE       [Object], [Object], [Object], [Object], [Object],
161 warn ERESOLVE       [Object], [Object], [Object], [Object], [Object],
161 warn ERESOLVE       [Object], [Object], [Object], [Object], [Object],
161 warn ERESOLVE       [Object], [Object], [Object], [Object], [Object],
161 warn ERESOLVE       [Object], [Object], [Object], [Object], [Object],
161 warn ERESOLVE       [Object], [Object], [Object], [Object], [Object],
161 warn ERESOLVE       [Object], [Object], [Object], [Object], [Object]
161 warn ERESOLVE     ]
161 warn ERESOLVE   }
161 warn ERESOLVE }
162 warn ERESOLVE overriding peer dependency {
162 warn ERESOLVE   code: 'ERESOLVE',
162 warn ERESOLVE   edge: {
162 warn ERESOLVE     type: 'peer',
162 warn ERESOLVE     name: 'react',
162 warn ERESOLVE     spec: '^16.8 || ^17.0 || ^18.0 || ^19.0 || ^19.0.0-rc',
162 warn ERESOLVE     from: {
162 warn ERESOLVE       name: '@radix-ui/react-scroll-area',
162 warn ERESOLVE       version: '1.2.10',
162 warn ERESOLVE       location: 'frontend/node_modules/@radix-ui/react-scroll-area',
162 warn ERESOLVE       isWorkspace: false,
162 warn ERESOLVE       dependents: [Array]
162 warn ERESOLVE     }
162 warn ERESOLVE   },
162 warn ERESOLVE   dep: {
162 warn ERESOLVE     name: 'react',
162 warn ERESOLVE     version: undefined,
162 warn ERESOLVE     errors: [ [NotCachedError] ],
162 warn ERESOLVE     package: {},
162 warn ERESOLVE     whileInstalling: {
162 warn ERESOLVE       name: '@workspace/showroom',
162 warn ERESOLVE       version: '0.0.0',
162 warn ERESOLVE       path: 'C:\\Users\\abdelmezhuid_r\\Desktop\\GA\\Work Projects\\Asset-Manager\\frontend'
162 warn ERESOLVE     },
162 warn ERESOLVE     location: 'node_modules/react',
162 warn ERESOLVE     isWorkspace: false,
162 warn ERESOLVE     dependents: [ [Object] ]
162 warn ERESOLVE   },
162 warn ERESOLVE   force: false,
162 warn ERESOLVE   isMine: true,
162 warn ERESOLVE   strictPeerDeps: false,
162 warn ERESOLVE   current: {
162 warn ERESOLVE     name: 'react',
162 warn ERESOLVE     version: '19.2.5',
162 warn ERESOLVE     location: 'frontend/node_modules/react',
162 warn ERESOLVE     isWorkspace: false,
162 warn ERESOLVE     dependents: [
162 warn ERESOLVE       [Object], [Object], [Object], [Object], [Object],
162 warn ERESOLVE       [Object], [Object], [Object], [Object], [Object],
162 warn ERESOLVE       [Object], [Object], [Object], [Object], [Object],
162 warn ERESOLVE       [Object], [Object], [Object], [Object], [Object],
162 warn ERESOLVE       [Object], [Object], [Object], [Object], [Object],
162 warn ERESOLVE       [Object], [Object], [Object], [Object], [Object],
162 warn ERESOLVE       [Object], [Object], [Object], [Object], [Object],
162 warn ERESOLVE       [Object], [Object], [Object], [Object], [Object],
162 warn ERESOLVE       [Object], [Object], [Object], [Object], [Object],
162 warn ERESOLVE       [Object], [Object], [Object], [Object], [Object],
162 warn ERESOLVE       [Object], [Object], [Object], [Object], [Object],
162 warn ERESOLVE       [Object], [Object], [Object], [Object], [Object],
162 warn ERESOLVE       [Object], [Object], [Object], [Object], [Object]
162 warn ERESOLVE     ]
162 warn ERESOLVE   }
162 warn ERESOLVE }
163 warn ERESOLVE overriding peer dependency {
163 warn ERESOLVE   code: 'ERESOLVE',
163 warn ERESOLVE   edge: {
163 warn ERESOLVE     type: 'peer',
163 warn ERESOLVE     name: 'react',
163 warn ERESOLVE     spec: '^16.8 || ^17.0 || ^18.0 || ^19.0 || ^19.0.0-rc',
163 warn ERESOLVE     from: {
163 warn ERESOLVE       name: '@radix-ui/react-select',
163 warn ERESOLVE       version: '2.2.6',
163 warn ERESOLVE       location: 'frontend/node_modules/@radix-ui/react-select',
163 warn ERESOLVE       isWorkspace: false,
163 warn ERESOLVE       dependents: [Array]
163 warn ERESOLVE     }
163 warn ERESOLVE   },
163 warn ERESOLVE   dep: {
163 warn ERESOLVE     name: 'react',
163 warn ERESOLVE     version: undefined,
163 warn ERESOLVE     errors: [ [NotCachedError] ],
163 warn ERESOLVE     package: {},
163 warn ERESOLVE     whileInstalling: {
163 warn ERESOLVE       name: '@workspace/showroom',
163 warn ERESOLVE       version: '0.0.0',
163 warn ERESOLVE       path: 'C:\\Users\\abdelmezhuid_r\\Desktop\\GA\\Work Projects\\Asset-Manager\\frontend'
163 warn ERESOLVE     },
163 warn ERESOLVE     location: 'node_modules/react',
163 warn ERESOLVE     isWorkspace: false,
163 warn ERESOLVE     dependents: [ [Object] ]
163 warn ERESOLVE   },
163 warn ERESOLVE   force: false,
163 warn ERESOLVE   isMine: true,
163 warn ERESOLVE   strictPeerDeps: false,
163 warn ERESOLVE   current: {
163 warn ERESOLVE     name: 'react',
163 warn ERESOLVE     version: '19.2.5',
163 warn ERESOLVE     location: 'frontend/node_modules/react',
163 warn ERESOLVE     isWorkspace: false,
163 warn ERESOLVE     dependents: [
163 warn ERESOLVE       [Object], [Object], [Object], [Object], [Object],
163 warn ERESOLVE       [Object], [Object], [Object], [Object], [Object],
163 warn ERESOLVE       [Object], [Object], [Object], [Object], [Object],
163 warn ERESOLVE       [Object], [Object], [Object], [Object], [Object],
163 warn ERESOLVE       [Object], [Object], [Object], [Object], [Object],
163 warn ERESOLVE       [Object], [Object], [Object], [Object], [Object],
163 warn ERESOLVE       [Object], [Object], [Object], [Object], [Object],
163 warn ERESOLVE       [Object], [Object], [Object], [Object], [Object],
163 warn ERESOLVE       [Object], [Object], [Object], [Object], [Object],
163 warn ERESOLVE       [Object], [Object], [Object], [Object], [Object],
163 warn ERESOLVE       [Object], [Object], [Object], [Object], [Object],
163 warn ERESOLVE       [Object], [Object], [Object], [Object], [Object],
163 warn ERESOLVE       [Object], [Object], [Object], [Object], [Object]
163 warn ERESOLVE     ]
163 warn ERESOLVE   }
163 warn ERESOLVE }
164 warn ERESOLVE overriding peer dependency {
164 warn ERESOLVE   code: 'ERESOLVE',
164 warn ERESOLVE   edge: {
164 warn ERESOLVE     type: 'peer',
164 warn ERESOLVE     name: 'react',
164 warn ERESOLVE     spec: '^16.8 || ^17.0 || ^18.0 || ^19.0 || ^19.0.0-rc',
164 warn ERESOLVE     from: {
164 warn ERESOLVE       name: '@radix-ui/react-separator',
164 warn ERESOLVE       version: '1.1.8',
164 warn ERESOLVE       location: 'frontend/node_modules/@radix-ui/react-separator',
164 warn ERESOLVE       isWorkspace: false,
164 warn ERESOLVE       dependents: [Array]
164 warn ERESOLVE     }
164 warn ERESOLVE   },
164 warn ERESOLVE   dep: {
164 warn ERESOLVE     name: 'react',
164 warn ERESOLVE     version: undefined,
164 warn ERESOLVE     errors: [ [NotCachedError] ],
164 warn ERESOLVE     package: {},
164 warn ERESOLVE     whileInstalling: {
164 warn ERESOLVE       name: '@workspace/showroom',
164 warn ERESOLVE       version: '0.0.0',
164 warn ERESOLVE       path: 'C:\\Users\\abdelmezhuid_r\\Desktop\\GA\\Work Projects\\Asset-Manager\\frontend'
164 warn ERESOLVE     },
164 warn ERESOLVE     location: 'node_modules/react',
164 warn ERESOLVE     isWorkspace: false,
164 warn ERESOLVE     dependents: [ [Object] ]
164 warn ERESOLVE   },
164 warn ERESOLVE   force: false,
164 warn ERESOLVE   isMine: true,
164 warn ERESOLVE   strictPeerDeps: false,
164 warn ERESOLVE   current: {
164 warn ERESOLVE     name: 'react',
164 warn ERESOLVE     version: '19.2.5',
164 warn ERESOLVE     location: 'frontend/node_modules/react',
164 warn ERESOLVE     isWorkspace: false,
164 warn ERESOLVE     dependents: [
164 warn ERESOLVE       [Object], [Object], [Object], [Object], [Object],
164 warn ERESOLVE       [Object], [Object], [Object], [Object], [Object],
164 warn ERESOLVE       [Object], [Object], [Object], [Object], [Object],
164 warn ERESOLVE       [Object], [Object], [Object], [Object], [Object],
164 warn ERESOLVE       [Object], [Object], [Object], [Object], [Object],
164 warn ERESOLVE       [Object], [Object], [Object], [Object], [Object],
164 warn ERESOLVE       [Object], [Object], [Object], [Object], [Object],
164 warn ERESOLVE       [Object], [Object], [Object], [Object], [Object],
164 warn ERESOLVE       [Object], [Object], [Object], [Object], [Object],
164 warn ERESOLVE       [Object], [Object], [Object], [Object], [Object],
164 warn ERESOLVE       [Object], [Object], [Object], [Object], [Object],
164 warn ERESOLVE       [Object], [Object], [Object], [Object], [Object],
164 warn ERESOLVE       [Object], [Object], [Object], [Object], [Object]
164 warn ERESOLVE     ]
164 warn ERESOLVE   }
164 warn ERESOLVE }
165 warn ERESOLVE overriding peer dependency {
165 warn ERESOLVE   code: 'ERESOLVE',
165 warn ERESOLVE   edge: {
165 warn ERESOLVE     type: 'peer',
165 warn ERESOLVE     name: 'react',
165 warn ERESOLVE     spec: '^16.8 || ^17.0 || ^18.0 || ^19.0 || ^19.0.0-rc',
165 warn ERESOLVE     from: {
165 warn ERESOLVE       name: '@radix-ui/react-slot',
165 warn ERESOLVE       version: '1.2.4',
165 warn ERESOLVE       location: 'frontend/node_modules/@radix-ui/react-slot',
165 warn ERESOLVE       isWorkspace: false,
165 warn ERESOLVE       dependents: [Array]
165 warn ERESOLVE     }
165 warn ERESOLVE   },
165 warn ERESOLVE   dep: {
165 warn ERESOLVE     name: 'react',
165 warn ERESOLVE     version: undefined,
165 warn ERESOLVE     errors: [ [NotCachedError] ],
165 warn ERESOLVE     package: {},
165 warn ERESOLVE     whileInstalling: {
165 warn ERESOLVE       name: '@workspace/showroom',
165 warn ERESOLVE       version: '0.0.0',
165 warn ERESOLVE       path: 'C:\\Users\\abdelmezhuid_r\\Desktop\\GA\\Work Projects\\Asset-Manager\\frontend'
165 warn ERESOLVE     },
165 warn ERESOLVE     location: 'node_modules/react',
165 warn ERESOLVE     isWorkspace: false,
165 warn ERESOLVE     dependents: [ [Object] ]
165 warn ERESOLVE   },
165 warn ERESOLVE   force: false,
165 warn ERESOLVE   isMine: true,
165 warn ERESOLVE   strictPeerDeps: false,
165 warn ERESOLVE   current: {
165 warn ERESOLVE     name: 'react',
165 warn ERESOLVE     version: '19.2.5',
165 warn ERESOLVE     location: 'frontend/node_modules/react',
165 warn ERESOLVE     isWorkspace: false,
165 warn ERESOLVE     dependents: [
165 warn ERESOLVE       [Object], [Object], [Object], [Object], [Object],
165 warn ERESOLVE       [Object], [Object], [Object], [Object], [Object],
165 warn ERESOLVE       [Object], [Object], [Object], [Object], [Object],
165 warn ERESOLVE       [Object], [Object], [Object], [Object], [Object],
165 warn ERESOLVE       [Object], [Object], [Object], [Object], [Object],
165 warn ERESOLVE       [Object], [Object], [Object], [Object], [Object],
165 warn ERESOLVE       [Object], [Object], [Object], [Object], [Object],
165 warn ERESOLVE       [Object], [Object], [Object], [Object], [Object],
165 warn ERESOLVE       [Object], [Object], [Object], [Object], [Object],
165 warn ERESOLVE       [Object], [Object], [Object], [Object], [Object],
165 warn ERESOLVE       [Object], [Object], [Object], [Object], [Object],
165 warn ERESOLVE       [Object], [Object], [Object], [Object], [Object],
165 warn ERESOLVE       [Object], [Object], [Object], [Object], [Object]
165 warn ERESOLVE     ]
165 warn ERESOLVE   }
165 warn ERESOLVE }
166 warn ERESOLVE overriding peer dependency {
166 warn ERESOLVE   code: 'ERESOLVE',
166 warn ERESOLVE   edge: {
166 warn ERESOLVE     type: 'peer',
166 warn ERESOLVE     name: 'react',
166 warn ERESOLVE     spec: '^16.8 || ^17.0 || ^18.0 || ^19.0 || ^19.0.0-rc',
166 warn ERESOLVE     from: {
166 warn ERESOLVE       name: '@radix-ui/react-slider',
166 warn ERESOLVE       version: '1.3.6',
166 warn ERESOLVE       location: 'frontend/node_modules/@radix-ui/react-slider',
166 warn ERESOLVE       isWorkspace: false,
166 warn ERESOLVE       dependents: [Array]
166 warn ERESOLVE     }
166 warn ERESOLVE   },
166 warn ERESOLVE   dep: {
166 warn ERESOLVE     name: 'react',
166 warn ERESOLVE     version: undefined,
166 warn ERESOLVE     errors: [ [NotCachedError] ],
166 warn ERESOLVE     package: {},
166 warn ERESOLVE     whileInstalling: {
166 warn ERESOLVE       name: '@workspace/showroom',
166 warn ERESOLVE       version: '0.0.0',
166 warn ERESOLVE       path: 'C:\\Users\\abdelmezhuid_r\\Desktop\\GA\\Work Projects\\Asset-Manager\\frontend'
166 warn ERESOLVE     },
166 warn ERESOLVE     location: 'node_modules/react',
166 warn ERESOLVE     isWorkspace: false,
166 warn ERESOLVE     dependents: [ [Object] ]
166 warn ERESOLVE   },
166 warn ERESOLVE   force: false,
166 warn ERESOLVE   isMine: true,
166 warn ERESOLVE   strictPeerDeps: false,
166 warn ERESOLVE   current: {
166 warn ERESOLVE     name: 'react',
166 warn ERESOLVE     version: '19.2.5',
166 warn ERESOLVE     location: 'frontend/node_modules/react',
166 warn ERESOLVE     isWorkspace: false,
166 warn ERESOLVE     dependents: [
166 warn ERESOLVE       [Object], [Object], [Object], [Object], [Object],
166 warn ERESOLVE       [Object], [Object], [Object], [Object], [Object],
166 warn ERESOLVE       [Object], [Object], [Object], [Object], [Object],
166 warn ERESOLVE       [Object], [Object], [Object], [Object], [Object],
166 warn ERESOLVE       [Object], [Object], [Object], [Object], [Object],
166 warn ERESOLVE       [Object], [Object], [Object], [Object], [Object],
166 warn ERESOLVE       [Object], [Object], [Object], [Object], [Object],
166 warn ERESOLVE       [Object], [Object], [Object], [Object], [Object],
166 warn ERESOLVE       [Object], [Object], [Object], [Object], [Object],
166 warn ERESOLVE       [Object], [Object], [Object], [Object], [Object],
166 warn ERESOLVE       [Object], [Object], [Object], [Object], [Object],
166 warn ERESOLVE       [Object], [Object], [Object], [Object], [Object],
166 warn ERESOLVE       [Object], [Object], [Object], [Object], [Object]
166 warn ERESOLVE     ]
166 warn ERESOLVE   }
166 warn ERESOLVE }
167 warn ERESOLVE overriding peer dependency {
167 warn ERESOLVE   code: 'ERESOLVE',
167 warn ERESOLVE   edge: {
167 warn ERESOLVE     type: 'peer',
167 warn ERESOLVE     name: 'react',
167 warn ERESOLVE     spec: '^16.8 || ^17.0 || ^18.0 || ^19.0 || ^19.0.0-rc',
167 warn ERESOLVE     from: {
167 warn ERESOLVE       name: '@radix-ui/react-switch',
167 warn ERESOLVE       version: '1.2.6',
167 warn ERESOLVE       location: 'frontend/node_modules/@radix-ui/react-switch',
167 warn ERESOLVE       isWorkspace: false,
167 warn ERESOLVE       dependents: [Array]
167 warn ERESOLVE     }
167 warn ERESOLVE   },
167 warn ERESOLVE   dep: {
167 warn ERESOLVE     name: 'react',
167 warn ERESOLVE     version: undefined,
167 warn ERESOLVE     errors: [ [NotCachedError] ],
167 warn ERESOLVE     package: {},
167 warn ERESOLVE     whileInstalling: {
167 warn ERESOLVE       name: '@workspace/showroom',
167 warn ERESOLVE       version: '0.0.0',
167 warn ERESOLVE       path: 'C:\\Users\\abdelmezhuid_r\\Desktop\\GA\\Work Projects\\Asset-Manager\\frontend'
167 warn ERESOLVE     },
167 warn ERESOLVE     location: 'node_modules/react',
167 warn ERESOLVE     isWorkspace: false,
167 warn ERESOLVE     dependents: [ [Object] ]
167 warn ERESOLVE   },
167 warn ERESOLVE   force: false,
167 warn ERESOLVE   isMine: true,
167 warn ERESOLVE   strictPeerDeps: false,
167 warn ERESOLVE   current: {
167 warn ERESOLVE     name: 'react',
167 warn ERESOLVE     version: '19.2.5',
167 warn ERESOLVE     location: 'frontend/node_modules/react',
167 warn ERESOLVE     isWorkspace: false,
167 warn ERESOLVE     dependents: [
167 warn ERESOLVE       [Object], [Object], [Object], [Object], [Object],
167 warn ERESOLVE       [Object], [Object], [Object], [Object], [Object],
167 warn ERESOLVE       [Object], [Object], [Object], [Object], [Object],
167 warn ERESOLVE       [Object], [Object], [Object], [Object], [Object],
167 warn ERESOLVE       [Object], [Object], [Object], [Object], [Object],
167 warn ERESOLVE       [Object], [Object], [Object], [Object], [Object],
167 warn ERESOLVE       [Object], [Object], [Object], [Object], [Object],
167 warn ERESOLVE       [Object], [Object], [Object], [Object], [Object],
167 warn ERESOLVE       [Object], [Object], [Object], [Object], [Object],
167 warn ERESOLVE       [Object], [Object], [Object], [Object], [Object],
167 warn ERESOLVE       [Object], [Object], [Object], [Object], [Object],
167 warn ERESOLVE       [Object], [Object], [Object], [Object], [Object],
167 warn ERESOLVE       [Object], [Object], [Object], [Object], [Object]
167 warn ERESOLVE     ]
167 warn ERESOLVE   }
167 warn ERESOLVE }
168 warn ERESOLVE overriding peer dependency {
168 warn ERESOLVE   code: 'ERESOLVE',
168 warn ERESOLVE   edge: {
168 warn ERESOLVE     type: 'peer',
168 warn ERESOLVE     name: 'react',
168 warn ERESOLVE     spec: '^16.8 || ^17.0 || ^18.0 || ^19.0 || ^19.0.0-rc',
168 warn ERESOLVE     from: {
168 warn ERESOLVE       name: '@radix-ui/react-tabs',
168 warn ERESOLVE       version: '1.1.13',
168 warn ERESOLVE       location: 'frontend/node_modules/@radix-ui/react-tabs',
168 warn ERESOLVE       isWorkspace: false,
168 warn ERESOLVE       dependents: [Array]
168 warn ERESOLVE     }
168 warn ERESOLVE   },
168 warn ERESOLVE   dep: {
168 warn ERESOLVE     name: 'react',
168 warn ERESOLVE     version: undefined,
168 warn ERESOLVE     errors: [ [NotCachedError] ],
168 warn ERESOLVE     package: {},
168 warn ERESOLVE     whileInstalling: {
168 warn ERESOLVE       name: '@workspace/showroom',
168 warn ERESOLVE       version: '0.0.0',
168 warn ERESOLVE       path: 'C:\\Users\\abdelmezhuid_r\\Desktop\\GA\\Work Projects\\Asset-Manager\\frontend'
168 warn ERESOLVE     },
168 warn ERESOLVE     location: 'node_modules/react',
168 warn ERESOLVE     isWorkspace: false,
168 warn ERESOLVE     dependents: [ [Object] ]
168 warn ERESOLVE   },
168 warn ERESOLVE   force: false,
168 warn ERESOLVE   isMine: true,
168 warn ERESOLVE   strictPeerDeps: false,
168 warn ERESOLVE   current: {
168 warn ERESOLVE     name: 'react',
168 warn ERESOLVE     version: '19.2.5',
168 warn ERESOLVE     location: 'frontend/node_modules/react',
168 warn ERESOLVE     isWorkspace: false,
168 warn ERESOLVE     dependents: [
168 warn ERESOLVE       [Object], [Object], [Object], [Object], [Object],
168 warn ERESOLVE       [Object], [Object], [Object], [Object], [Object],
168 warn ERESOLVE       [Object], [Object], [Object], [Object], [Object],
168 warn ERESOLVE       [Object], [Object], [Object], [Object], [Object],
168 warn ERESOLVE       [Object], [Object], [Object], [Object], [Object],
168 warn ERESOLVE       [Object], [Object], [Object], [Object], [Object],
168 warn ERESOLVE       [Object], [Object], [Object], [Object], [Object],
168 warn ERESOLVE       [Object], [Object], [Object], [Object], [Object],
168 warn ERESOLVE       [Object], [Object], [Object], [Object], [Object],
168 warn ERESOLVE       [Object], [Object], [Object], [Object], [Object],
168 warn ERESOLVE       [Object], [Object], [Object], [Object], [Object],
168 warn ERESOLVE       [Object], [Object], [Object], [Object], [Object],
168 warn ERESOLVE       [Object], [Object], [Object], [Object], [Object]
168 warn ERESOLVE     ]
168 warn ERESOLVE   }
168 warn ERESOLVE }
169 warn ERESOLVE overriding peer dependency {
169 warn ERESOLVE   code: 'ERESOLVE',
169 warn ERESOLVE   edge: {
169 warn ERESOLVE     type: 'peer',
169 warn ERESOLVE     name: 'react',
169 warn ERESOLVE     spec: '^16.8 || ^17.0 || ^18.0 || ^19.0 || ^19.0.0-rc',
169 warn ERESOLVE     from: {
169 warn ERESOLVE       name: '@radix-ui/react-toast',
169 warn ERESOLVE       version: '1.2.15',
169 warn ERESOLVE       location: 'frontend/node_modules/@radix-ui/react-toast',
169 warn ERESOLVE       isWorkspace: false,
169 warn ERESOLVE       dependents: [Array]
169 warn ERESOLVE     }
169 warn ERESOLVE   },
169 warn ERESOLVE   dep: {
169 warn ERESOLVE     name: 'react',
169 warn ERESOLVE     version: undefined,
169 warn ERESOLVE     errors: [ [NotCachedError] ],
169 warn ERESOLVE     package: {},
169 warn ERESOLVE     whileInstalling: {
169 warn ERESOLVE       name: '@workspace/showroom',
169 warn ERESOLVE       version: '0.0.0',
169 warn ERESOLVE       path: 'C:\\Users\\abdelmezhuid_r\\Desktop\\GA\\Work Projects\\Asset-Manager\\frontend'
169 warn ERESOLVE     },
169 warn ERESOLVE     location: 'node_modules/react',
169 warn ERESOLVE     isWorkspace: false,
169 warn ERESOLVE     dependents: [ [Object] ]
169 warn ERESOLVE   },
169 warn ERESOLVE   force: false,
169 warn ERESOLVE   isMine: true,
169 warn ERESOLVE   strictPeerDeps: false,
169 warn ERESOLVE   current: {
169 warn ERESOLVE     name: 'react',
169 warn ERESOLVE     version: '19.2.5',
169 warn ERESOLVE     location: 'frontend/node_modules/react',
169 warn ERESOLVE     isWorkspace: false,
169 warn ERESOLVE     dependents: [
169 warn ERESOLVE       [Object], [Object], [Object], [Object], [Object],
169 warn ERESOLVE       [Object], [Object], [Object], [Object], [Object],
169 warn ERESOLVE       [Object], [Object], [Object], [Object], [Object],
169 warn ERESOLVE       [Object], [Object], [Object], [Object], [Object],
169 warn ERESOLVE       [Object], [Object], [Object], [Object], [Object],
169 warn ERESOLVE       [Object], [Object], [Object], [Object], [Object],
169 warn ERESOLVE       [Object], [Object], [Object], [Object], [Object],
169 warn ERESOLVE       [Object], [Object], [Object], [Object], [Object],
169 warn ERESOLVE       [Object], [Object], [Object], [Object], [Object],
169 warn ERESOLVE       [Object], [Object], [Object], [Object], [Object],
169 warn ERESOLVE       [Object], [Object], [Object], [Object], [Object],
169 warn ERESOLVE       [Object], [Object], [Object], [Object], [Object],
169 warn ERESOLVE       [Object], [Object], [Object], [Object], [Object]
169 warn ERESOLVE     ]
169 warn ERESOLVE   }
169 warn ERESOLVE }
170 warn ERESOLVE overriding peer dependency {
170 warn ERESOLVE   code: 'ERESOLVE',
170 warn ERESOLVE   edge: {
170 warn ERESOLVE     type: 'peer',
170 warn ERESOLVE     name: 'react',
170 warn ERESOLVE     spec: '^16.8 || ^17.0 || ^18.0 || ^19.0 || ^19.0.0-rc',
170 warn ERESOLVE     from: {
170 warn ERESOLVE       name: '@radix-ui/react-toggle-group',
170 warn ERESOLVE       version: '1.1.11',
170 warn ERESOLVE       location: 'frontend/node_modules/@radix-ui/react-toggle-group',
170 warn ERESOLVE       isWorkspace: false,
170 warn ERESOLVE       dependents: [Array]
170 warn ERESOLVE     }
170 warn ERESOLVE   },
170 warn ERESOLVE   dep: {
170 warn ERESOLVE     name: 'react',
170 warn ERESOLVE     version: undefined,
170 warn ERESOLVE     errors: [ [NotCachedError] ],
170 warn ERESOLVE     package: {},
170 warn ERESOLVE     whileInstalling: {
170 warn ERESOLVE       name: '@workspace/showroom',
170 warn ERESOLVE       version: '0.0.0',
170 warn ERESOLVE       path: 'C:\\Users\\abdelmezhuid_r\\Desktop\\GA\\Work Projects\\Asset-Manager\\frontend'
170 warn ERESOLVE     },
170 warn ERESOLVE     location: 'node_modules/react',
170 warn ERESOLVE     isWorkspace: false,
170 warn ERESOLVE     dependents: [ [Object] ]
170 warn ERESOLVE   },
170 warn ERESOLVE   force: false,
170 warn ERESOLVE   isMine: true,
170 warn ERESOLVE   strictPeerDeps: false,
170 warn ERESOLVE   current: {
170 warn ERESOLVE     name: 'react',
170 warn ERESOLVE     version: '19.2.5',
170 warn ERESOLVE     location: 'frontend/node_modules/react',
170 warn ERESOLVE     isWorkspace: false,
170 warn ERESOLVE     dependents: [
170 warn ERESOLVE       [Object], [Object], [Object], [Object], [Object],
170 warn ERESOLVE       [Object], [Object], [Object], [Object], [Object],
170 warn ERESOLVE       [Object], [Object], [Object], [Object], [Object],
170 warn ERESOLVE       [Object], [Object], [Object], [Object], [Object],
170 warn ERESOLVE       [Object], [Object], [Object], [Object], [Object],
170 warn ERESOLVE       [Object], [Object], [Object], [Object], [Object],
170 warn ERESOLVE       [Object], [Object], [Object], [Object], [Object],
170 warn ERESOLVE       [Object], [Object], [Object], [Object], [Object],
170 warn ERESOLVE       [Object], [Object], [Object], [Object], [Object],
170 warn ERESOLVE       [Object], [Object], [Object], [Object], [Object],
170 warn ERESOLVE       [Object], [Object], [Object], [Object], [Object],
170 warn ERESOLVE       [Object], [Object], [Object], [Object], [Object],
170 warn ERESOLVE       [Object], [Object], [Object], [Object], [Object]
170 warn ERESOLVE     ]
170 warn ERESOLVE   }
170 warn ERESOLVE }
171 warn ERESOLVE overriding peer dependency {
171 warn ERESOLVE   code: 'ERESOLVE',
171 warn ERESOLVE   edge: {
171 warn ERESOLVE     type: 'peer',
171 warn ERESOLVE     name: 'react',
171 warn ERESOLVE     spec: '^16.8 || ^17.0 || ^18.0 || ^19.0 || ^19.0.0-rc',
171 warn ERESOLVE     from: {
171 warn ERESOLVE       name: '@radix-ui/react-tooltip',
171 warn ERESOLVE       version: '1.2.8',
171 warn ERESOLVE       location: 'frontend/node_modules/@radix-ui/react-tooltip',
171 warn ERESOLVE       isWorkspace: false,
171 warn ERESOLVE       dependents: [Array]
171 warn ERESOLVE     }
171 warn ERESOLVE   },
171 warn ERESOLVE   dep: {
171 warn ERESOLVE     name: 'react',
171 warn ERESOLVE     version: undefined,
171 warn ERESOLVE     errors: [ [NotCachedError] ],
171 warn ERESOLVE     package: {},
171 warn ERESOLVE     whileInstalling: {
171 warn ERESOLVE       name: '@workspace/showroom',
171 warn ERESOLVE       version: '0.0.0',
171 warn ERESOLVE       path: 'C:\\Users\\abdelmezhuid_r\\Desktop\\GA\\Work Projects\\Asset-Manager\\frontend'
171 warn ERESOLVE     },
171 warn ERESOLVE     location: 'node_modules/react',
171 warn ERESOLVE     isWorkspace: false,
171 warn ERESOLVE     dependents: [ [Object] ]
171 warn ERESOLVE   },
171 warn ERESOLVE   force: false,
171 warn ERESOLVE   isMine: true,
171 warn ERESOLVE   strictPeerDeps: false,
171 warn ERESOLVE   current: {
171 warn ERESOLVE     name: 'react',
171 warn ERESOLVE     version: '19.2.5',
171 warn ERESOLVE     location: 'frontend/node_modules/react',
171 warn ERESOLVE     isWorkspace: false,
171 warn ERESOLVE     dependents: [
171 warn ERESOLVE       [Object], [Object], [Object], [Object], [Object],
171 warn ERESOLVE       [Object], [Object], [Object], [Object], [Object],
171 warn ERESOLVE       [Object], [Object], [Object], [Object], [Object],
171 warn ERESOLVE       [Object], [Object], [Object], [Object], [Object],
171 warn ERESOLVE       [Object], [Object], [Object], [Object], [Object],
171 warn ERESOLVE       [Object], [Object], [Object], [Object], [Object],
171 warn ERESOLVE       [Object], [Object], [Object], [Object], [Object],
171 warn ERESOLVE       [Object], [Object], [Object], [Object], [Object],
171 warn ERESOLVE       [Object], [Object], [Object], [Object], [Object],
171 warn ERESOLVE       [Object], [Object], [Object], [Object], [Object],
171 warn ERESOLVE       [Object], [Object], [Object], [Object], [Object],
171 warn ERESOLVE       [Object], [Object], [Object], [Object], [Object],
171 warn ERESOLVE       [Object], [Object], [Object], [Object], [Object]
171 warn ERESOLVE     ]
171 warn ERESOLVE   }
171 warn ERESOLVE }
172 silly placeDep frontend react-dom@ REPLACE for: @workspace/showroom@0.0.0 want: latest
173 warn ERESOLVE overriding peer dependency {
173 warn ERESOLVE   code: 'ERESOLVE',
173 warn ERESOLVE   edge: {
173 warn ERESOLVE     type: 'peer',
173 warn ERESOLVE     name: 'react-dom',
173 warn ERESOLVE     spec: '^18 || ^19 || ^19.0.0-rc',
173 warn ERESOLVE     from: {
173 warn ERESOLVE       name: 'cmdk',
173 warn ERESOLVE       version: '1.1.1',
173 warn ERESOLVE       location: 'frontend/node_modules/cmdk',
173 warn ERESOLVE       isWorkspace: false,
173 warn ERESOLVE       dependents: [Array]
173 warn ERESOLVE     }
173 warn ERESOLVE   },
173 warn ERESOLVE   dep: {
173 warn ERESOLVE     name: 'react-dom',
173 warn ERESOLVE     version: undefined,
173 warn ERESOLVE     errors: [ [NotCachedError] ],
173 warn ERESOLVE     package: {},
173 warn ERESOLVE     whileInstalling: {
173 warn ERESOLVE       name: '@workspace/showroom',
173 warn ERESOLVE       version: '0.0.0',
173 warn ERESOLVE       path: 'C:\\Users\\abdelmezhuid_r\\Desktop\\GA\\Work Projects\\Asset-Manager\\frontend'
173 warn ERESOLVE     },
173 warn ERESOLVE     location: 'node_modules/react-dom',
173 warn ERESOLVE     isWorkspace: false,
173 warn ERESOLVE     dependents: [ [Object] ]
173 warn ERESOLVE   },
173 warn ERESOLVE   force: false,
173 warn ERESOLVE   isMine: true,
173 warn ERESOLVE   strictPeerDeps: false,
173 warn ERESOLVE   current: {
173 warn ERESOLVE     name: 'react-dom',
173 warn ERESOLVE     version: '19.2.5',
173 warn ERESOLVE     location: 'frontend/node_modules/react-dom',
173 warn ERESOLVE     isWorkspace: false,
173 warn ERESOLVE     dependents: [
173 warn ERESOLVE       [Object], [Object], [Object],
173 warn ERESOLVE       [Object], [Object], [Object],
173 warn ERESOLVE       [Object], [Object], [Object],
173 warn ERESOLVE       [Object], [Object], [Object],
173 warn ERESOLVE       [Object], [Object], [Object],
173 warn ERESOLVE       [Object], [Object], [Object],
173 warn ERESOLVE       [Object], [Object], [Object],
173 warn ERESOLVE       [Object], [Object], [Object],
173 warn ERESOLVE       [Object], [Object], [Object],
173 warn ERESOLVE       [Object], [Object], [Object],
173 warn ERESOLVE       [Object], [Object], [Object],
173 warn ERESOLVE       [Object]
173 warn ERESOLVE     ]
173 warn ERESOLVE   }
173 warn ERESOLVE }
174 warn ERESOLVE overriding peer dependency {
174 warn ERESOLVE   code: 'ERESOLVE',
174 warn ERESOLVE   edge: {
174 warn ERESOLVE     type: 'peer',
174 warn ERESOLVE     name: 'react-dom',
174 warn ERESOLVE     spec: '^16.8 || ^17.0 || ^18.0 || ^19.0.0 || ^19.0.0-rc',
174 warn ERESOLVE     from: {
174 warn ERESOLVE       name: 'input-otp',
174 warn ERESOLVE       version: '1.4.2',
174 warn ERESOLVE       location: 'frontend/node_modules/input-otp',
174 warn ERESOLVE       isWorkspace: false,
174 warn ERESOLVE       dependents: [Array]
174 warn ERESOLVE     }
174 warn ERESOLVE   },
174 warn ERESOLVE   dep: {
174 warn ERESOLVE     name: 'react-dom',
174 warn ERESOLVE     version: undefined,
174 warn ERESOLVE     errors: [ [NotCachedError] ],
174 warn ERESOLVE     package: {},
174 warn ERESOLVE     whileInstalling: {
174 warn ERESOLVE       name: '@workspace/showroom',
174 warn ERESOLVE       version: '0.0.0',
174 warn ERESOLVE       path: 'C:\\Users\\abdelmezhuid_r\\Desktop\\GA\\Work Projects\\Asset-Manager\\frontend'
174 warn ERESOLVE     },
174 warn ERESOLVE     location: 'node_modules/react-dom',
174 warn ERESOLVE     isWorkspace: false,
174 warn ERESOLVE     dependents: [ [Object] ]
174 warn ERESOLVE   },
174 warn ERESOLVE   force: false,
174 warn ERESOLVE   isMine: true,
174 warn ERESOLVE   strictPeerDeps: false,
174 warn ERESOLVE   current: {
174 warn ERESOLVE     name: 'react-dom',
174 warn ERESOLVE     version: '19.2.5',
174 warn ERESOLVE     location: 'frontend/node_modules/react-dom',
174 warn ERESOLVE     isWorkspace: false,
174 warn ERESOLVE     dependents: [
174 warn ERESOLVE       [Object], [Object], [Object],
174 warn ERESOLVE       [Object], [Object], [Object],
174 warn ERESOLVE       [Object], [Object], [Object],
174 warn ERESOLVE       [Object], [Object], [Object],
174 warn ERESOLVE       [Object], [Object], [Object],
174 warn ERESOLVE       [Object], [Object], [Object],
174 warn ERESOLVE       [Object], [Object], [Object],
174 warn ERESOLVE       [Object], [Object], [Object],
174 warn ERESOLVE       [Object], [Object], [Object],
174 warn ERESOLVE       [Object], [Object], [Object],
174 warn ERESOLVE       [Object], [Object], [Object],
174 warn ERESOLVE       [Object]
174 warn ERESOLVE     ]
174 warn ERESOLVE   }
174 warn ERESOLVE }
175 warn ERESOLVE overriding peer dependency {
175 warn ERESOLVE   code: 'ERESOLVE',
175 warn ERESOLVE   edge: {
175 warn ERESOLVE     type: 'peer',
175 warn ERESOLVE     name: 'react-dom',
175 warn ERESOLVE     spec: '^16.8 || ^17 || ^18 || ^19 || ^19.0.0-rc',
175 warn ERESOLVE     from: {
175 warn ERESOLVE       name: 'next-themes',
175 warn ERESOLVE       version: '0.4.6',
175 warn ERESOLVE       location: 'frontend/node_modules/next-themes',
175 warn ERESOLVE       isWorkspace: false,
175 warn ERESOLVE       dependents: [Array]
175 warn ERESOLVE     }
175 warn ERESOLVE   },
175 warn ERESOLVE   dep: {
175 warn ERESOLVE     name: 'react-dom',
175 warn ERESOLVE     version: undefined,
175 warn ERESOLVE     errors: [ [NotCachedError] ],
175 warn ERESOLVE     package: {},
175 warn ERESOLVE     whileInstalling: {
175 warn ERESOLVE       name: '@workspace/showroom',
175 warn ERESOLVE       version: '0.0.0',
175 warn ERESOLVE       path: 'C:\\Users\\abdelmezhuid_r\\Desktop\\GA\\Work Projects\\Asset-Manager\\frontend'
175 warn ERESOLVE     },
175 warn ERESOLVE     location: 'node_modules/react-dom',
175 warn ERESOLVE     isWorkspace: false,
175 warn ERESOLVE     dependents: [ [Object] ]
175 warn ERESOLVE   },
175 warn ERESOLVE   force: false,
175 warn ERESOLVE   isMine: true,
175 warn ERESOLVE   strictPeerDeps: false,
175 warn ERESOLVE   current: {
175 warn ERESOLVE     name: 'react-dom',
175 warn ERESOLVE     version: '19.2.5',
175 warn ERESOLVE     location: 'frontend/node_modules/react-dom',
175 warn ERESOLVE     isWorkspace: false,
175 warn ERESOLVE     dependents: [
175 warn ERESOLVE       [Object], [Object], [Object],
175 warn ERESOLVE       [Object], [Object], [Object],
175 warn ERESOLVE       [Object], [Object], [Object],
175 warn ERESOLVE       [Object], [Object], [Object],
175 warn ERESOLVE       [Object], [Object], [Object],
175 warn ERESOLVE       [Object], [Object], [Object],
175 warn ERESOLVE       [Object], [Object], [Object],
175 warn ERESOLVE       [Object], [Object], [Object],
175 warn ERESOLVE       [Object], [Object], [Object],
175 warn ERESOLVE       [Object], [Object], [Object],
175 warn ERESOLVE       [Object], [Object], [Object],
175 warn ERESOLVE       [Object]
175 warn ERESOLVE     ]
175 warn ERESOLVE   }
175 warn ERESOLVE }
176 warn ERESOLVE overriding peer dependency {
176 warn ERESOLVE   code: 'ERESOLVE',
176 warn ERESOLVE   edge: {
176 warn ERESOLVE     type: 'peer',
176 warn ERESOLVE     name: 'react-dom',
176 warn ERESOLVE     spec: '^16.14.0 || ^17.0.0 || ^18.0.0 || ^19.0.0 || ^19.0.0-rc',
176 warn ERESOLVE     from: {
176 warn ERESOLVE       name: 'react-resizable-panels',
176 warn ERESOLVE       version: '2.1.9',
176 warn ERESOLVE       location: 'frontend/node_modules/react-resizable-panels',
176 warn ERESOLVE       isWorkspace: false,
176 warn ERESOLVE       dependents: [Array]
176 warn ERESOLVE     }
176 warn ERESOLVE   },
176 warn ERESOLVE   dep: {
176 warn ERESOLVE     name: 'react-dom',
176 warn ERESOLVE     version: undefined,
176 warn ERESOLVE     errors: [ [NotCachedError] ],
176 warn ERESOLVE     package: {},
176 warn ERESOLVE     whileInstalling: {
176 warn ERESOLVE       name: '@workspace/showroom',
176 warn ERESOLVE       version: '0.0.0',
176 warn ERESOLVE       path: 'C:\\Users\\abdelmezhuid_r\\Desktop\\GA\\Work Projects\\Asset-Manager\\frontend'
176 warn ERESOLVE     },
176 warn ERESOLVE     location: 'node_modules/react-dom',
176 warn ERESOLVE     isWorkspace: false,
176 warn ERESOLVE     dependents: [ [Object] ]
176 warn ERESOLVE   },
176 warn ERESOLVE   force: false,
176 warn ERESOLVE   isMine: true,
176 warn ERESOLVE   strictPeerDeps: false,
176 warn ERESOLVE   current: {
176 warn ERESOLVE     name: 'react-dom',
176 warn ERESOLVE     version: '19.2.5',
176 warn ERESOLVE     location: 'frontend/node_modules/react-dom',
176 warn ERESOLVE     isWorkspace: false,
176 warn ERESOLVE     dependents: [
176 warn ERESOLVE       [Object], [Object], [Object],
176 warn ERESOLVE       [Object], [Object], [Object],
176 warn ERESOLVE       [Object], [Object], [Object],
176 warn ERESOLVE       [Object], [Object], [Object],
176 warn ERESOLVE       [Object], [Object], [Object],
176 warn ERESOLVE       [Object], [Object], [Object],
176 warn ERESOLVE       [Object], [Object], [Object],
176 warn ERESOLVE       [Object], [Object], [Object],
176 warn ERESOLVE       [Object], [Object], [Object],
176 warn ERESOLVE       [Object], [Object], [Object],
176 warn ERESOLVE       [Object], [Object], [Object],
176 warn ERESOLVE       [Object]
176 warn ERESOLVE     ]
176 warn ERESOLVE   }
176 warn ERESOLVE }
177 warn ERESOLVE overriding peer dependency {
177 warn ERESOLVE   code: 'ERESOLVE',
177 warn ERESOLVE   edge: {
177 warn ERESOLVE     type: 'peer',
177 warn ERESOLVE     name: 'react-dom',
177 warn ERESOLVE     spec: '>=18',
177 warn ERESOLVE     from: {
177 warn ERESOLVE       name: 'react-router-dom',
177 warn ERESOLVE       version: '7.14.2',
177 warn ERESOLVE       location: 'frontend/node_modules/react-router-dom',
177 warn ERESOLVE       isWorkspace: false,
177 warn ERESOLVE       dependents: [Array]
177 warn ERESOLVE     }
177 warn ERESOLVE   },
177 warn ERESOLVE   dep: {
177 warn ERESOLVE     name: 'react-dom',
177 warn ERESOLVE     version: undefined,
177 warn ERESOLVE     errors: [ [NotCachedError] ],
177 warn ERESOLVE     package: {},
177 warn ERESOLVE     whileInstalling: {
177 warn ERESOLVE       name: '@workspace/showroom',
177 warn ERESOLVE       version: '0.0.0',
177 warn ERESOLVE       path: 'C:\\Users\\abdelmezhuid_r\\Desktop\\GA\\Work Projects\\Asset-Manager\\frontend'
177 warn ERESOLVE     },
177 warn ERESOLVE     location: 'node_modules/react-dom',
177 warn ERESOLVE     isWorkspace: false,
177 warn ERESOLVE     dependents: [ [Object] ]
177 warn ERESOLVE   },
177 warn ERESOLVE   force: false,
177 warn ERESOLVE   isMine: true,
177 warn ERESOLVE   strictPeerDeps: false,
177 warn ERESOLVE   current: {
177 warn ERESOLVE     name: 'react-dom',
177 warn ERESOLVE     version: '19.2.5',
177 warn ERESOLVE     location: 'frontend/node_modules/react-dom',
177 warn ERESOLVE     isWorkspace: false,
177 warn ERESOLVE     dependents: [
177 warn ERESOLVE       [Object], [Object], [Object],
177 warn ERESOLVE       [Object], [Object], [Object],
177 warn ERESOLVE       [Object], [Object], [Object],
177 warn ERESOLVE       [Object], [Object], [Object],
177 warn ERESOLVE       [Object], [Object], [Object],
177 warn ERESOLVE       [Object], [Object], [Object],
177 warn ERESOLVE       [Object], [Object], [Object],
177 warn ERESOLVE       [Object], [Object], [Object],
177 warn ERESOLVE       [Object], [Object], [Object],
177 warn ERESOLVE       [Object], [Object], [Object],
177 warn ERESOLVE       [Object], [Object], [Object],
177 warn ERESOLVE       [Object]
177 warn ERESOLVE     ]
177 warn ERESOLVE   }
177 warn ERESOLVE }
178 warn ERESOLVE overriding peer dependency {
178 warn ERESOLVE   code: 'ERESOLVE',
178 warn ERESOLVE   edge: {
178 warn ERESOLVE     type: 'peer',
178 warn ERESOLVE     name: 'react-dom',
178 warn ERESOLVE     spec: '^16.0.0 || ^17.0.0 || ^18.0.0 || ^19.0.0',
178 warn ERESOLVE     from: {
178 warn ERESOLVE       name: 'recharts',
178 warn ERESOLVE       version: '2.15.4',
178 warn ERESOLVE       location: 'frontend/node_modules/recharts',
178 warn ERESOLVE       isWorkspace: false,
178 warn ERESOLVE       dependents: [Array]
178 warn ERESOLVE     }
178 warn ERESOLVE   },
178 warn ERESOLVE   dep: {
178 warn ERESOLVE     name: 'react-dom',
178 warn ERESOLVE     version: undefined,
178 warn ERESOLVE     errors: [ [NotCachedError] ],
178 warn ERESOLVE     package: {},
178 warn ERESOLVE     whileInstalling: {
178 warn ERESOLVE       name: '@workspace/showroom',
178 warn ERESOLVE       version: '0.0.0',
178 warn ERESOLVE       path: 'C:\\Users\\abdelmezhuid_r\\Desktop\\GA\\Work Projects\\Asset-Manager\\frontend'
178 warn ERESOLVE     },
178 warn ERESOLVE     location: 'node_modules/react-dom',
178 warn ERESOLVE     isWorkspace: false,
178 warn ERESOLVE     dependents: [ [Object] ]
178 warn ERESOLVE   },
178 warn ERESOLVE   force: false,
178 warn ERESOLVE   isMine: true,
178 warn ERESOLVE   strictPeerDeps: false,
178 warn ERESOLVE   current: {
178 warn ERESOLVE     name: 'react-dom',
178 warn ERESOLVE     version: '19.2.5',
178 warn ERESOLVE     location: 'frontend/node_modules/react-dom',
178 warn ERESOLVE     isWorkspace: false,
178 warn ERESOLVE     dependents: [
178 warn ERESOLVE       [Object], [Object], [Object],
178 warn ERESOLVE       [Object], [Object], [Object],
178 warn ERESOLVE       [Object], [Object], [Object],
178 warn ERESOLVE       [Object], [Object], [Object],
178 warn ERESOLVE       [Object], [Object], [Object],
178 warn ERESOLVE       [Object], [Object], [Object],
178 warn ERESOLVE       [Object], [Object], [Object],
178 warn ERESOLVE       [Object], [Object], [Object],
178 warn ERESOLVE       [Object], [Object], [Object],
178 warn ERESOLVE       [Object], [Object], [Object],
178 warn ERESOLVE       [Object], [Object], [Object],
178 warn ERESOLVE       [Object]
178 warn ERESOLVE     ]
178 warn ERESOLVE   }
178 warn ERESOLVE }
179 warn ERESOLVE overriding peer dependency {
179 warn ERESOLVE   code: 'ERESOLVE',
179 warn ERESOLVE   edge: {
179 warn ERESOLVE     type: 'peer',
179 warn ERESOLVE     name: 'react-dom',
179 warn ERESOLVE     spec: '^18.0.0 || ^19.0.0 || ^19.0.0-rc',
179 warn ERESOLVE     from: {
179 warn ERESOLVE       name: 'sonner',
179 warn ERESOLVE       version: '2.0.7',
179 warn ERESOLVE       location: 'frontend/node_modules/sonner',
179 warn ERESOLVE       isWorkspace: false,
179 warn ERESOLVE       dependents: [Array]
179 warn ERESOLVE     }
179 warn ERESOLVE   },
179 warn ERESOLVE   dep: {
179 warn ERESOLVE     name: 'react-dom',
179 warn ERESOLVE     version: undefined,
179 warn ERESOLVE     errors: [ [NotCachedError] ],
179 warn ERESOLVE     package: {},
179 warn ERESOLVE     whileInstalling: {
179 warn ERESOLVE       name: '@workspace/showroom',
179 warn ERESOLVE       version: '0.0.0',
179 warn ERESOLVE       path: 'C:\\Users\\abdelmezhuid_r\\Desktop\\GA\\Work Projects\\Asset-Manager\\frontend'
179 warn ERESOLVE     },
179 warn ERESOLVE     location: 'node_modules/react-dom',
179 warn ERESOLVE     isWorkspace: false,
179 warn ERESOLVE     dependents: [ [Object] ]
179 warn ERESOLVE   },
179 warn ERESOLVE   force: false,
179 warn ERESOLVE   isMine: true,
179 warn ERESOLVE   strictPeerDeps: false,
179 warn ERESOLVE   current: {
179 warn ERESOLVE     name: 'react-dom',
179 warn ERESOLVE     version: '19.2.5',
179 warn ERESOLVE     location: 'frontend/node_modules/react-dom',
179 warn ERESOLVE     isWorkspace: false,
179 warn ERESOLVE     dependents: [
179 warn ERESOLVE       [Object], [Object], [Object],
179 warn ERESOLVE       [Object], [Object], [Object],
179 warn ERESOLVE       [Object], [Object], [Object],
179 warn ERESOLVE       [Object], [Object], [Object],
179 warn ERESOLVE       [Object], [Object], [Object],
179 warn ERESOLVE       [Object], [Object], [Object],
179 warn ERESOLVE       [Object], [Object], [Object],
179 warn ERESOLVE       [Object], [Object], [Object],
179 warn ERESOLVE       [Object], [Object], [Object],
179 warn ERESOLVE       [Object], [Object], [Object],
179 warn ERESOLVE       [Object], [Object], [Object],
179 warn ERESOLVE       [Object]
179 warn ERESOLVE     ]
179 warn ERESOLVE   }
179 warn ERESOLVE }
180 warn ERESOLVE overriding peer dependency {
180 warn ERESOLVE   code: 'ERESOLVE',
180 warn ERESOLVE   edge: {
180 warn ERESOLVE     type: 'peer',
180 warn ERESOLVE     name: 'react-dom',
180 warn ERESOLVE     spec: '^16.8 || ^17.0 || ^18.0 || ^19.0.0 || ^19.0.0-rc',
180 warn ERESOLVE     from: {
180 warn ERESOLVE       name: 'vaul',
180 warn ERESOLVE       version: '1.1.2',
180 warn ERESOLVE       location: 'frontend/node_modules/vaul',
180 warn ERESOLVE       isWorkspace: false,
180 warn ERESOLVE       dependents: [Array]
180 warn ERESOLVE     }
180 warn ERESOLVE   },
180 warn ERESOLVE   dep: {
180 warn ERESOLVE     name: 'react-dom',
180 warn ERESOLVE     version: undefined,
180 warn ERESOLVE     errors: [ [NotCachedError] ],
180 warn ERESOLVE     package: {},
180 warn ERESOLVE     whileInstalling: {
180 warn ERESOLVE       name: '@workspace/showroom',
180 warn ERESOLVE       version: '0.0.0',
180 warn ERESOLVE       path: 'C:\\Users\\abdelmezhuid_r\\Desktop\\GA\\Work Projects\\Asset-Manager\\frontend'
180 warn ERESOLVE     },
180 warn ERESOLVE     location: 'node_modules/react-dom',
180 warn ERESOLVE     isWorkspace: false,
180 warn ERESOLVE     dependents: [ [Object] ]
180 warn ERESOLVE   },
180 warn ERESOLVE   force: false,
180 warn ERESOLVE   isMine: true,
180 warn ERESOLVE   strictPeerDeps: false,
180 warn ERESOLVE   current: {
180 warn ERESOLVE     name: 'react-dom',
180 warn ERESOLVE     version: '19.2.5',
180 warn ERESOLVE     location: 'frontend/node_modules/react-dom',
180 warn ERESOLVE     isWorkspace: false,
180 warn ERESOLVE     dependents: [
180 warn ERESOLVE       [Object], [Object], [Object],
180 warn ERESOLVE       [Object], [Object], [Object],
180 warn ERESOLVE       [Object], [Object], [Object],
180 warn ERESOLVE       [Object], [Object], [Object],
180 warn ERESOLVE       [Object], [Object], [Object],
180 warn ERESOLVE       [Object], [Object], [Object],
180 warn ERESOLVE       [Object], [Object], [Object],
180 warn ERESOLVE       [Object], [Object], [Object],
180 warn ERESOLVE       [Object], [Object], [Object],
180 warn ERESOLVE       [Object], [Object], [Object],
180 warn ERESOLVE       [Object], [Object], [Object],
180 warn ERESOLVE       [Object]
180 warn ERESOLVE     ]
180 warn ERESOLVE   }
180 warn ERESOLVE }
181 warn ERESOLVE overriding peer dependency {
181 warn ERESOLVE   code: 'ERESOLVE',
181 warn ERESOLVE   edge: {
181 warn ERESOLVE     type: 'peer',
181 warn ERESOLVE     name: 'react-dom',
181 warn ERESOLVE     spec: '^16.8 || ^17.0 || ^18.0 || ^19.0 || ^19.0.0-rc',
181 warn ERESOLVE     from: {
181 warn ERESOLVE       name: '@radix-ui/react-accordion',
181 warn ERESOLVE       version: '1.2.12',
181 warn ERESOLVE       location: 'frontend/node_modules/@radix-ui/react-accordion',
181 warn ERESOLVE       isWorkspace: false,
181 warn ERESOLVE       dependents: [Array]
181 warn ERESOLVE     }
181 warn ERESOLVE   },
181 warn ERESOLVE   dep: {
181 warn ERESOLVE     name: 'react-dom',
181 warn ERESOLVE     version: undefined,
181 warn ERESOLVE     errors: [ [NotCachedError] ],
181 warn ERESOLVE     package: {},
181 warn ERESOLVE     whileInstalling: {
181 warn ERESOLVE       name: '@workspace/showroom',
181 warn ERESOLVE       version: '0.0.0',
181 warn ERESOLVE       path: 'C:\\Users\\abdelmezhuid_r\\Desktop\\GA\\Work Projects\\Asset-Manager\\frontend'
181 warn ERESOLVE     },
181 warn ERESOLVE     location: 'node_modules/react-dom',
181 warn ERESOLVE     isWorkspace: false,
181 warn ERESOLVE     dependents: [ [Object] ]
181 warn ERESOLVE   },
181 warn ERESOLVE   force: false,
181 warn ERESOLVE   isMine: true,
181 warn ERESOLVE   strictPeerDeps: false,
181 warn ERESOLVE   current: {
181 warn ERESOLVE     name: 'react-dom',
181 warn ERESOLVE     version: '19.2.5',
181 warn ERESOLVE     location: 'frontend/node_modules/react-dom',
181 warn ERESOLVE     isWorkspace: false,
181 warn ERESOLVE     dependents: [
181 warn ERESOLVE       [Object], [Object], [Object],
181 warn ERESOLVE       [Object], [Object], [Object],
181 warn ERESOLVE       [Object], [Object], [Object],
181 warn ERESOLVE       [Object], [Object], [Object],
181 warn ERESOLVE       [Object], [Object], [Object],
181 warn ERESOLVE       [Object], [Object], [Object],
181 warn ERESOLVE       [Object], [Object], [Object],
181 warn ERESOLVE       [Object], [Object], [Object],
181 warn ERESOLVE       [Object], [Object], [Object],
181 warn ERESOLVE       [Object], [Object], [Object],
181 warn ERESOLVE       [Object], [Object], [Object],
181 warn ERESOLVE       [Object]
181 warn ERESOLVE     ]
181 warn ERESOLVE   }
181 warn ERESOLVE }
182 warn ERESOLVE overriding peer dependency {
182 warn ERESOLVE   code: 'ERESOLVE',
182 warn ERESOLVE   edge: {
182 warn ERESOLVE     type: 'peer',
182 warn ERESOLVE     name: 'react-dom',
182 warn ERESOLVE     spec: '^16.8 || ^17.0 || ^18.0 || ^19.0 || ^19.0.0-rc',
182 warn ERESOLVE     from: {
182 warn ERESOLVE       name: '@radix-ui/react-alert-dialog',
182 warn ERESOLVE       version: '1.1.15',
182 warn ERESOLVE       location: 'frontend/node_modules/@radix-ui/react-alert-dialog',
182 warn ERESOLVE       isWorkspace: false,
182 warn ERESOLVE       dependents: [Array]
182 warn ERESOLVE     }
182 warn ERESOLVE   },
182 warn ERESOLVE   dep: {
182 warn ERESOLVE     name: 'react-dom',
182 warn ERESOLVE     version: undefined,
182 warn ERESOLVE     errors: [ [NotCachedError] ],
182 warn ERESOLVE     package: {},
182 warn ERESOLVE     whileInstalling: {
182 warn ERESOLVE       name: '@workspace/showroom',
182 warn ERESOLVE       version: '0.0.0',
182 warn ERESOLVE       path: 'C:\\Users\\abdelmezhuid_r\\Desktop\\GA\\Work Projects\\Asset-Manager\\frontend'
182 warn ERESOLVE     },
182 warn ERESOLVE     location: 'node_modules/react-dom',
182 warn ERESOLVE     isWorkspace: false,
182 warn ERESOLVE     dependents: [ [Object] ]
182 warn ERESOLVE   },
182 warn ERESOLVE   force: false,
182 warn ERESOLVE   isMine: true,
182 warn ERESOLVE   strictPeerDeps: false,
182 warn ERESOLVE   current: {
182 warn ERESOLVE     name: 'react-dom',
182 warn ERESOLVE     version: '19.2.5',
182 warn ERESOLVE     location: 'frontend/node_modules/react-dom',
182 warn ERESOLVE     isWorkspace: false,
182 warn ERESOLVE     dependents: [
182 warn ERESOLVE       [Object], [Object], [Object],
182 warn ERESOLVE       [Object], [Object], [Object],
182 warn ERESOLVE       [Object], [Object], [Object],
182 warn ERESOLVE       [Object], [Object], [Object],
182 warn ERESOLVE       [Object], [Object], [Object],
182 warn ERESOLVE       [Object], [Object], [Object],
182 warn ERESOLVE       [Object], [Object], [Object],
182 warn ERESOLVE       [Object], [Object], [Object],
182 warn ERESOLVE       [Object], [Object], [Object],
182 warn ERESOLVE       [Object], [Object], [Object],
182 warn ERESOLVE       [Object], [Object], [Object],
182 warn ERESOLVE       [Object]
182 warn ERESOLVE     ]
182 warn ERESOLVE   }
182 warn ERESOLVE }
183 warn ERESOLVE overriding peer dependency {
183 warn ERESOLVE   code: 'ERESOLVE',
183 warn ERESOLVE   edge: {
183 warn ERESOLVE     type: 'peer',
183 warn ERESOLVE     name: 'react-dom',
183 warn ERESOLVE     spec: '^16.8 || ^17.0 || ^18.0 || ^19.0 || ^19.0.0-rc',
183 warn ERESOLVE     from: {
183 warn ERESOLVE       name: '@radix-ui/react-aspect-ratio',
183 warn ERESOLVE       version: '1.1.8',
183 warn ERESOLVE       location: 'frontend/node_modules/@radix-ui/react-aspect-ratio',
183 warn ERESOLVE       isWorkspace: false,
183 warn ERESOLVE       dependents: [Array]
183 warn ERESOLVE     }
183 warn ERESOLVE   },
183 warn ERESOLVE   dep: {
183 warn ERESOLVE     name: 'react-dom',
183 warn ERESOLVE     version: undefined,
183 warn ERESOLVE     errors: [ [NotCachedError] ],
183 warn ERESOLVE     package: {},
183 warn ERESOLVE     whileInstalling: {
183 warn ERESOLVE       name: '@workspace/showroom',
183 warn ERESOLVE       version: '0.0.0',
183 warn ERESOLVE       path: 'C:\\Users\\abdelmezhuid_r\\Desktop\\GA\\Work Projects\\Asset-Manager\\frontend'
183 warn ERESOLVE     },
183 warn ERESOLVE     location: 'node_modules/react-dom',
183 warn ERESOLVE     isWorkspace: false,
183 warn ERESOLVE     dependents: [ [Object] ]
183 warn ERESOLVE   },
183 warn ERESOLVE   force: false,
183 warn ERESOLVE   isMine: true,
183 warn ERESOLVE   strictPeerDeps: false,
183 warn ERESOLVE   current: {
183 warn ERESOLVE     name: 'react-dom',
183 warn ERESOLVE     version: '19.2.5',
183 warn ERESOLVE     location: 'frontend/node_modules/react-dom',
183 warn ERESOLVE     isWorkspace: false,
183 warn ERESOLVE     dependents: [
183 warn ERESOLVE       [Object], [Object], [Object],
183 warn ERESOLVE       [Object], [Object], [Object],
183 warn ERESOLVE       [Object], [Object], [Object],
183 warn ERESOLVE       [Object], [Object], [Object],
183 warn ERESOLVE       [Object], [Object], [Object],
183 warn ERESOLVE       [Object], [Object], [Object],
183 warn ERESOLVE       [Object], [Object], [Object],
183 warn ERESOLVE       [Object], [Object], [Object],
183 warn ERESOLVE       [Object], [Object], [Object],
183 warn ERESOLVE       [Object], [Object], [Object],
183 warn ERESOLVE       [Object], [Object], [Object],
183 warn ERESOLVE       [Object]
183 warn ERESOLVE     ]
183 warn ERESOLVE   }
183 warn ERESOLVE }
184 warn ERESOLVE overriding peer dependency {
184 warn ERESOLVE   code: 'ERESOLVE',
184 warn ERESOLVE   edge: {
184 warn ERESOLVE     type: 'peer',
184 warn ERESOLVE     name: 'react-dom',
184 warn ERESOLVE     spec: '^16.8 || ^17.0 || ^18.0 || ^19.0 || ^19.0.0-rc',
184 warn ERESOLVE     from: {
184 warn ERESOLVE       name: '@radix-ui/react-checkbox',
184 warn ERESOLVE       version: '1.3.3',
184 warn ERESOLVE       location: 'frontend/node_modules/@radix-ui/react-checkbox',
184 warn ERESOLVE       isWorkspace: false,
184 warn ERESOLVE       dependents: [Array]
184 warn ERESOLVE     }
184 warn ERESOLVE   },
184 warn ERESOLVE   dep: {
184 warn ERESOLVE     name: 'react-dom',
184 warn ERESOLVE     version: undefined,
184 warn ERESOLVE     errors: [ [NotCachedError] ],
184 warn ERESOLVE     package: {},
184 warn ERESOLVE     whileInstalling: {
184 warn ERESOLVE       name: '@workspace/showroom',
184 warn ERESOLVE       version: '0.0.0',
184 warn ERESOLVE       path: 'C:\\Users\\abdelmezhuid_r\\Desktop\\GA\\Work Projects\\Asset-Manager\\frontend'
184 warn ERESOLVE     },
184 warn ERESOLVE     location: 'node_modules/react-dom',
184 warn ERESOLVE     isWorkspace: false,
184 warn ERESOLVE     dependents: [ [Object] ]
184 warn ERESOLVE   },
184 warn ERESOLVE   force: false,
184 warn ERESOLVE   isMine: true,
184 warn ERESOLVE   strictPeerDeps: false,
184 warn ERESOLVE   current: {
184 warn ERESOLVE     name: 'react-dom',
184 warn ERESOLVE     version: '19.2.5',
184 warn ERESOLVE     location: 'frontend/node_modules/react-dom',
184 warn ERESOLVE     isWorkspace: false,
184 warn ERESOLVE     dependents: [
184 warn ERESOLVE       [Object], [Object], [Object],
184 warn ERESOLVE       [Object], [Object], [Object],
184 warn ERESOLVE       [Object], [Object], [Object],
184 warn ERESOLVE       [Object], [Object], [Object],
184 warn ERESOLVE       [Object], [Object], [Object],
184 warn ERESOLVE       [Object], [Object], [Object],
184 warn ERESOLVE       [Object], [Object], [Object],
184 warn ERESOLVE       [Object], [Object], [Object],
184 warn ERESOLVE       [Object], [Object], [Object],
184 warn ERESOLVE       [Object], [Object], [Object],
184 warn ERESOLVE       [Object], [Object], [Object],
184 warn ERESOLVE       [Object]
184 warn ERESOLVE     ]
184 warn ERESOLVE   }
184 warn ERESOLVE }
185 warn ERESOLVE overriding peer dependency {
185 warn ERESOLVE   code: 'ERESOLVE',
185 warn ERESOLVE   edge: {
185 warn ERESOLVE     type: 'peer',
185 warn ERESOLVE     name: 'react-dom',
185 warn ERESOLVE     spec: '^16.8 || ^17.0 || ^18.0 || ^19.0 || ^19.0.0-rc',
185 warn ERESOLVE     from: {
185 warn ERESOLVE       name: '@radix-ui/react-avatar',
185 warn ERESOLVE       version: '1.1.11',
185 warn ERESOLVE       location: 'frontend/node_modules/@radix-ui/react-avatar',
185 warn ERESOLVE       isWorkspace: false,
185 warn ERESOLVE       dependents: [Array]
185 warn ERESOLVE     }
185 warn ERESOLVE   },
185 warn ERESOLVE   dep: {
185 warn ERESOLVE     name: 'react-dom',
185 warn ERESOLVE     version: undefined,
185 warn ERESOLVE     errors: [ [NotCachedError] ],
185 warn ERESOLVE     package: {},
185 warn ERESOLVE     whileInstalling: {
185 warn ERESOLVE       name: '@workspace/showroom',
185 warn ERESOLVE       version: '0.0.0',
185 warn ERESOLVE       path: 'C:\\Users\\abdelmezhuid_r\\Desktop\\GA\\Work Projects\\Asset-Manager\\frontend'
185 warn ERESOLVE     },
185 warn ERESOLVE     location: 'node_modules/react-dom',
185 warn ERESOLVE     isWorkspace: false,
185 warn ERESOLVE     dependents: [ [Object] ]
185 warn ERESOLVE   },
185 warn ERESOLVE   force: false,
185 warn ERESOLVE   isMine: true,
185 warn ERESOLVE   strictPeerDeps: false,
185 warn ERESOLVE   current: {
185 warn ERESOLVE     name: 'react-dom',
185 warn ERESOLVE     version: '19.2.5',
185 warn ERESOLVE     location: 'frontend/node_modules/react-dom',
185 warn ERESOLVE     isWorkspace: false,
185 warn ERESOLVE     dependents: [
185 warn ERESOLVE       [Object], [Object], [Object],
185 warn ERESOLVE       [Object], [Object], [Object],
185 warn ERESOLVE       [Object], [Object], [Object],
185 warn ERESOLVE       [Object], [Object], [Object],
185 warn ERESOLVE       [Object], [Object], [Object],
185 warn ERESOLVE       [Object], [Object], [Object],
185 warn ERESOLVE       [Object], [Object], [Object],
185 warn ERESOLVE       [Object], [Object], [Object],
185 warn ERESOLVE       [Object], [Object], [Object],
185 warn ERESOLVE       [Object], [Object], [Object],
185 warn ERESOLVE       [Object], [Object], [Object],
185 warn ERESOLVE       [Object]
185 warn ERESOLVE     ]
185 warn ERESOLVE   }
185 warn ERESOLVE }
186 warn ERESOLVE overriding peer dependency {
186 warn ERESOLVE   code: 'ERESOLVE',
186 warn ERESOLVE   edge: {
186 warn ERESOLVE     type: 'peer',
186 warn ERESOLVE     name: 'react-dom',
186 warn ERESOLVE     spec: '^16.8 || ^17.0 || ^18.0 || ^19.0 || ^19.0.0-rc',
186 warn ERESOLVE     from: {
186 warn ERESOLVE       name: '@radix-ui/react-context-menu',
186 warn ERESOLVE       version: '2.2.16',
186 warn ERESOLVE       location: 'frontend/node_modules/@radix-ui/react-context-menu',
186 warn ERESOLVE       isWorkspace: false,
186 warn ERESOLVE       dependents: [Array]
186 warn ERESOLVE     }
186 warn ERESOLVE   },
186 warn ERESOLVE   dep: {
186 warn ERESOLVE     name: 'react-dom',
186 warn ERESOLVE     version: undefined,
186 warn ERESOLVE     errors: [ [NotCachedError] ],
186 warn ERESOLVE     package: {},
186 warn ERESOLVE     whileInstalling: {
186 warn ERESOLVE       name: '@workspace/showroom',
186 warn ERESOLVE       version: '0.0.0',
186 warn ERESOLVE       path: 'C:\\Users\\abdelmezhuid_r\\Desktop\\GA\\Work Projects\\Asset-Manager\\frontend'
186 warn ERESOLVE     },
186 warn ERESOLVE     location: 'node_modules/react-dom',
186 warn ERESOLVE     isWorkspace: false,
186 warn ERESOLVE     dependents: [ [Object] ]
186 warn ERESOLVE   },
186 warn ERESOLVE   force: false,
186 warn ERESOLVE   isMine: true,
186 warn ERESOLVE   strictPeerDeps: false,
186 warn ERESOLVE   current: {
186 warn ERESOLVE     name: 'react-dom',
186 warn ERESOLVE     version: '19.2.5',
186 warn ERESOLVE     location: 'frontend/node_modules/react-dom',
186 warn ERESOLVE     isWorkspace: false,
186 warn ERESOLVE     dependents: [
186 warn ERESOLVE       [Object], [Object], [Object],
186 warn ERESOLVE       [Object], [Object], [Object],
186 warn ERESOLVE       [Object], [Object], [Object],
186 warn ERESOLVE       [Object], [Object], [Object],
186 warn ERESOLVE       [Object], [Object], [Object],
186 warn ERESOLVE       [Object], [Object], [Object],
186 warn ERESOLVE       [Object], [Object], [Object],
186 warn ERESOLVE       [Object], [Object], [Object],
186 warn ERESOLVE       [Object], [Object], [Object],
186 warn ERESOLVE       [Object], [Object], [Object],
186 warn ERESOLVE       [Object], [Object], [Object],
186 warn ERESOLVE       [Object]
186 warn ERESOLVE     ]
186 warn ERESOLVE   }
186 warn ERESOLVE }
187 warn ERESOLVE overriding peer dependency {
187 warn ERESOLVE   code: 'ERESOLVE',
187 warn ERESOLVE   edge: {
187 warn ERESOLVE     type: 'peer',
187 warn ERESOLVE     name: 'react-dom',
187 warn ERESOLVE     spec: '^16.8 || ^17.0 || ^18.0 || ^19.0 || ^19.0.0-rc',
187 warn ERESOLVE     from: {
187 warn ERESOLVE       name: '@radix-ui/react-dropdown-menu',
187 warn ERESOLVE       version: '2.1.16',
187 warn ERESOLVE       location: 'frontend/node_modules/@radix-ui/react-dropdown-menu',
187 warn ERESOLVE       isWorkspace: false,
187 warn ERESOLVE       dependents: [Array]
187 warn ERESOLVE     }
187 warn ERESOLVE   },
187 warn ERESOLVE   dep: {
187 warn ERESOLVE     name: 'react-dom',
187 warn ERESOLVE     version: undefined,
187 warn ERESOLVE     errors: [ [NotCachedError] ],
187 warn ERESOLVE     package: {},
187 warn ERESOLVE     whileInstalling: {
187 warn ERESOLVE       name: '@workspace/showroom',
187 warn ERESOLVE       version: '0.0.0',
187 warn ERESOLVE       path: 'C:\\Users\\abdelmezhuid_r\\Desktop\\GA\\Work Projects\\Asset-Manager\\frontend'
187 warn ERESOLVE     },
187 warn ERESOLVE     location: 'node_modules/react-dom',
187 warn ERESOLVE     isWorkspace: false,
187 warn ERESOLVE     dependents: [ [Object] ]
187 warn ERESOLVE   },
187 warn ERESOLVE   force: false,
187 warn ERESOLVE   isMine: true,
187 warn ERESOLVE   strictPeerDeps: false,
187 warn ERESOLVE   current: {
187 warn ERESOLVE     name: 'react-dom',
187 warn ERESOLVE     version: '19.2.5',
187 warn ERESOLVE     location: 'frontend/node_modules/react-dom',
187 warn ERESOLVE     isWorkspace: false,
187 warn ERESOLVE     dependents: [
187 warn ERESOLVE       [Object], [Object], [Object],
187 warn ERESOLVE       [Object], [Object], [Object],
187 warn ERESOLVE       [Object], [Object], [Object],
187 warn ERESOLVE       [Object], [Object], [Object],
187 warn ERESOLVE       [Object], [Object], [Object],
187 warn ERESOLVE       [Object], [Object], [Object],
187 warn ERESOLVE       [Object], [Object], [Object],
187 warn ERESOLVE       [Object], [Object], [Object],
187 warn ERESOLVE       [Object], [Object], [Object],
187 warn ERESOLVE       [Object], [Object], [Object],
187 warn ERESOLVE       [Object], [Object], [Object],
187 warn ERESOLVE       [Object]
187 warn ERESOLVE     ]
187 warn ERESOLVE   }
187 warn ERESOLVE }
188 warn ERESOLVE overriding peer dependency {
188 warn ERESOLVE   code: 'ERESOLVE',
188 warn ERESOLVE   edge: {
188 warn ERESOLVE     type: 'peer',
188 warn ERESOLVE     name: 'react-dom',
188 warn ERESOLVE     spec: '^16.8 || ^17.0 || ^18.0 || ^19.0 || ^19.0.0-rc',
188 warn ERESOLVE     from: {
188 warn ERESOLVE       name: '@radix-ui/react-hover-card',
188 warn ERESOLVE       version: '1.1.15',
188 warn ERESOLVE       location: 'frontend/node_modules/@radix-ui/react-hover-card',
188 warn ERESOLVE       isWorkspace: false,
188 warn ERESOLVE       dependents: [Array]
188 warn ERESOLVE     }
188 warn ERESOLVE   },
188 warn ERESOLVE   dep: {
188 warn ERESOLVE     name: 'react-dom',
188 warn ERESOLVE     version: undefined,
188 warn ERESOLVE     errors: [ [NotCachedError] ],
188 warn ERESOLVE     package: {},
188 warn ERESOLVE     whileInstalling: {
188 warn ERESOLVE       name: '@workspace/showroom',
188 warn ERESOLVE       version: '0.0.0',
188 warn ERESOLVE       path: 'C:\\Users\\abdelmezhuid_r\\Desktop\\GA\\Work Projects\\Asset-Manager\\frontend'
188 warn ERESOLVE     },
188 warn ERESOLVE     location: 'node_modules/react-dom',
188 warn ERESOLVE     isWorkspace: false,
188 warn ERESOLVE     dependents: [ [Object] ]
188 warn ERESOLVE   },
188 warn ERESOLVE   force: false,
188 warn ERESOLVE   isMine: true,
188 warn ERESOLVE   strictPeerDeps: false,
188 warn ERESOLVE   current: {
188 warn ERESOLVE     name: 'react-dom',
188 warn ERESOLVE     version: '19.2.5',
188 warn ERESOLVE     location: 'frontend/node_modules/react-dom',
188 warn ERESOLVE     isWorkspace: false,
188 warn ERESOLVE     dependents: [
188 warn ERESOLVE       [Object], [Object], [Object],
188 warn ERESOLVE       [Object], [Object], [Object],
188 warn ERESOLVE       [Object], [Object], [Object],
188 warn ERESOLVE       [Object], [Object], [Object],
188 warn ERESOLVE       [Object], [Object], [Object],
188 warn ERESOLVE       [Object], [Object], [Object],
188 warn ERESOLVE       [Object], [Object], [Object],
188 warn ERESOLVE       [Object], [Object], [Object],
188 warn ERESOLVE       [Object], [Object], [Object],
188 warn ERESOLVE       [Object], [Object], [Object],
188 warn ERESOLVE       [Object], [Object], [Object],
188 warn ERESOLVE       [Object]
188 warn ERESOLVE     ]
188 warn ERESOLVE   }
188 warn ERESOLVE }
189 warn ERESOLVE overriding peer dependency {
189 warn ERESOLVE   code: 'ERESOLVE',
189 warn ERESOLVE   edge: {
189 warn ERESOLVE     type: 'peer',
189 warn ERESOLVE     name: 'react-dom',
189 warn ERESOLVE     spec: '^16.8 || ^17.0 || ^18.0 || ^19.0 || ^19.0.0-rc',
189 warn ERESOLVE     from: {
189 warn ERESOLVE       name: '@radix-ui/react-label',
189 warn ERESOLVE       version: '2.1.8',
189 warn ERESOLVE       location: 'frontend/node_modules/@radix-ui/react-label',
189 warn ERESOLVE       isWorkspace: false,
189 warn ERESOLVE       dependents: [Array]
189 warn ERESOLVE     }
189 warn ERESOLVE   },
189 warn ERESOLVE   dep: {
189 warn ERESOLVE     name: 'react-dom',
189 warn ERESOLVE     version: undefined,
189 warn ERESOLVE     errors: [ [NotCachedError] ],
189 warn ERESOLVE     package: {},
189 warn ERESOLVE     whileInstalling: {
189 warn ERESOLVE       name: '@workspace/showroom',
189 warn ERESOLVE       version: '0.0.0',
189 warn ERESOLVE       path: 'C:\\Users\\abdelmezhuid_r\\Desktop\\GA\\Work Projects\\Asset-Manager\\frontend'
189 warn ERESOLVE     },
189 warn ERESOLVE     location: 'node_modules/react-dom',
189 warn ERESOLVE     isWorkspace: false,
189 warn ERESOLVE     dependents: [ [Object] ]
189 warn ERESOLVE   },
189 warn ERESOLVE   force: false,
189 warn ERESOLVE   isMine: true,
189 warn ERESOLVE   strictPeerDeps: false,
189 warn ERESOLVE   current: {
189 warn ERESOLVE     name: 'react-dom',
189 warn ERESOLVE     version: '19.2.5',
189 warn ERESOLVE     location: 'frontend/node_modules/react-dom',
189 warn ERESOLVE     isWorkspace: false,
189 warn ERESOLVE     dependents: [
189 warn ERESOLVE       [Object], [Object], [Object],
189 warn ERESOLVE       [Object], [Object], [Object],
189 warn ERESOLVE       [Object], [Object], [Object],
189 warn ERESOLVE       [Object], [Object], [Object],
189 warn ERESOLVE       [Object], [Object], [Object],
189 warn ERESOLVE       [Object], [Object], [Object],
189 warn ERESOLVE       [Object], [Object], [Object],
189 warn ERESOLVE       [Object], [Object], [Object],
189 warn ERESOLVE       [Object], [Object], [Object],
189 warn ERESOLVE       [Object], [Object], [Object],
189 warn ERESOLVE       [Object], [Object], [Object],
189 warn ERESOLVE       [Object]
189 warn ERESOLVE     ]
189 warn ERESOLVE   }
189 warn ERESOLVE }
190 warn ERESOLVE overriding peer dependency {
190 warn ERESOLVE   code: 'ERESOLVE',
190 warn ERESOLVE   edge: {
190 warn ERESOLVE     type: 'peer',
190 warn ERESOLVE     name: 'react-dom',
190 warn ERESOLVE     spec: '^16.8 || ^17.0 || ^18.0 || ^19.0 || ^19.0.0-rc',
190 warn ERESOLVE     from: {
190 warn ERESOLVE       name: '@radix-ui/react-menubar',
190 warn ERESOLVE       version: '1.1.16',
190 warn ERESOLVE       location: 'frontend/node_modules/@radix-ui/react-menubar',
190 warn ERESOLVE       isWorkspace: false,
190 warn ERESOLVE       dependents: [Array]
190 warn ERESOLVE     }
190 warn ERESOLVE   },
190 warn ERESOLVE   dep: {
190 warn ERESOLVE     name: 'react-dom',
190 warn ERESOLVE     version: undefined,
190 warn ERESOLVE     errors: [ [NotCachedError] ],
190 warn ERESOLVE     package: {},
190 warn ERESOLVE     whileInstalling: {
190 warn ERESOLVE       name: '@workspace/showroom',
190 warn ERESOLVE       version: '0.0.0',
190 warn ERESOLVE       path: 'C:\\Users\\abdelmezhuid_r\\Desktop\\GA\\Work Projects\\Asset-Manager\\frontend'
190 warn ERESOLVE     },
190 warn ERESOLVE     location: 'node_modules/react-dom',
190 warn ERESOLVE     isWorkspace: false,
190 warn ERESOLVE     dependents: [ [Object] ]
190 warn ERESOLVE   },
190 warn ERESOLVE   force: false,
190 warn ERESOLVE   isMine: true,
190 warn ERESOLVE   strictPeerDeps: false,
190 warn ERESOLVE   current: {
190 warn ERESOLVE     name: 'react-dom',
190 warn ERESOLVE     version: '19.2.5',
190 warn ERESOLVE     location: 'frontend/node_modules/react-dom',
190 warn ERESOLVE     isWorkspace: false,
190 warn ERESOLVE     dependents: [
190 warn ERESOLVE       [Object], [Object], [Object],
190 warn ERESOLVE       [Object], [Object], [Object],
190 warn ERESOLVE       [Object], [Object], [Object],
190 warn ERESOLVE       [Object], [Object], [Object],
190 warn ERESOLVE       [Object], [Object], [Object],
190 warn ERESOLVE       [Object], [Object], [Object],
190 warn ERESOLVE       [Object], [Object], [Object],
190 warn ERESOLVE       [Object], [Object], [Object],
190 warn ERESOLVE       [Object], [Object], [Object],
190 warn ERESOLVE       [Object], [Object], [Object],
190 warn ERESOLVE       [Object], [Object], [Object],
190 warn ERESOLVE       [Object]
190 warn ERESOLVE     ]
190 warn ERESOLVE   }
190 warn ERESOLVE }
191 warn ERESOLVE overriding peer dependency {
191 warn ERESOLVE   code: 'ERESOLVE',
191 warn ERESOLVE   edge: {
191 warn ERESOLVE     type: 'peer',
191 warn ERESOLVE     name: 'react-dom',
191 warn ERESOLVE     spec: '^16.8 || ^17.0 || ^18.0 || ^19.0 || ^19.0.0-rc',
191 warn ERESOLVE     from: {
191 warn ERESOLVE       name: '@radix-ui/react-navigation-menu',
191 warn ERESOLVE       version: '1.2.14',
191 warn ERESOLVE       location: 'frontend/node_modules/@radix-ui/react-navigation-menu',
191 warn ERESOLVE       isWorkspace: false,
191 warn ERESOLVE       dependents: [Array]
191 warn ERESOLVE     }
191 warn ERESOLVE   },
191 warn ERESOLVE   dep: {
191 warn ERESOLVE     name: 'react-dom',
191 warn ERESOLVE     version: undefined,
191 warn ERESOLVE     errors: [ [NotCachedError] ],
191 warn ERESOLVE     package: {},
191 warn ERESOLVE     whileInstalling: {
191 warn ERESOLVE       name: '@workspace/showroom',
191 warn ERESOLVE       version: '0.0.0',
191 warn ERESOLVE       path: 'C:\\Users\\abdelmezhuid_r\\Desktop\\GA\\Work Projects\\Asset-Manager\\frontend'
191 warn ERESOLVE     },
191 warn ERESOLVE     location: 'node_modules/react-dom',
191 warn ERESOLVE     isWorkspace: false,
191 warn ERESOLVE     dependents: [ [Object] ]
191 warn ERESOLVE   },
191 warn ERESOLVE   force: false,
191 warn ERESOLVE   isMine: true,
191 warn ERESOLVE   strictPeerDeps: false,
191 warn ERESOLVE   current: {
191 warn ERESOLVE     name: 'react-dom',
191 warn ERESOLVE     version: '19.2.5',
191 warn ERESOLVE     location: 'frontend/node_modules/react-dom',
191 warn ERESOLVE     isWorkspace: false,
191 warn ERESOLVE     dependents: [
191 warn ERESOLVE       [Object], [Object], [Object],
191 warn ERESOLVE       [Object], [Object], [Object],
191 warn ERESOLVE       [Object], [Object], [Object],
191 warn ERESOLVE       [Object], [Object], [Object],
191 warn ERESOLVE       [Object], [Object], [Object],
191 warn ERESOLVE       [Object], [Object], [Object],
191 warn ERESOLVE       [Object], [Object], [Object],
191 warn ERESOLVE       [Object], [Object], [Object],
191 warn ERESOLVE       [Object], [Object], [Object],
191 warn ERESOLVE       [Object], [Object], [Object],
191 warn ERESOLVE       [Object], [Object], [Object],
191 warn ERESOLVE       [Object]
191 warn ERESOLVE     ]
191 warn ERESOLVE   }
191 warn ERESOLVE }
192 warn ERESOLVE overriding peer dependency {
192 warn ERESOLVE   code: 'ERESOLVE',
192 warn ERESOLVE   edge: {
192 warn ERESOLVE     type: 'peer',
192 warn ERESOLVE     name: 'react-dom',
192 warn ERESOLVE     spec: '^16.8 || ^17.0 || ^18.0 || ^19.0 || ^19.0.0-rc',
192 warn ERESOLVE     from: {
192 warn ERESOLVE       name: '@radix-ui/react-popover',
192 warn ERESOLVE       version: '1.1.15',
192 warn ERESOLVE       location: 'frontend/node_modules/@radix-ui/react-popover',
192 warn ERESOLVE       isWorkspace: false,
192 warn ERESOLVE       dependents: [Array]
192 warn ERESOLVE     }
192 warn ERESOLVE   },
192 warn ERESOLVE   dep: {
192 warn ERESOLVE     name: 'react-dom',
192 warn ERESOLVE     version: undefined,
192 warn ERESOLVE     errors: [ [NotCachedError] ],
192 warn ERESOLVE     package: {},
192 warn ERESOLVE     whileInstalling: {
192 warn ERESOLVE       name: '@workspace/showroom',
192 warn ERESOLVE       version: '0.0.0',
192 warn ERESOLVE       path: 'C:\\Users\\abdelmezhuid_r\\Desktop\\GA\\Work Projects\\Asset-Manager\\frontend'
192 warn ERESOLVE     },
192 warn ERESOLVE     location: 'node_modules/react-dom',
192 warn ERESOLVE     isWorkspace: false,
192 warn ERESOLVE     dependents: [ [Object] ]
192 warn ERESOLVE   },
192 warn ERESOLVE   force: false,
192 warn ERESOLVE   isMine: true,
192 warn ERESOLVE   strictPeerDeps: false,
192 warn ERESOLVE   current: {
192 warn ERESOLVE     name: 'react-dom',
192 warn ERESOLVE     version: '19.2.5',
192 warn ERESOLVE     location: 'frontend/node_modules/react-dom',
192 warn ERESOLVE     isWorkspace: false,
192 warn ERESOLVE     dependents: [
192 warn ERESOLVE       [Object], [Object], [Object],
192 warn ERESOLVE       [Object], [Object], [Object],
192 warn ERESOLVE       [Object], [Object], [Object],
192 warn ERESOLVE       [Object], [Object], [Object],
192 warn ERESOLVE       [Object], [Object], [Object],
192 warn ERESOLVE       [Object], [Object], [Object],
192 warn ERESOLVE       [Object], [Object], [Object],
192 warn ERESOLVE       [Object], [Object], [Object],
192 warn ERESOLVE       [Object], [Object], [Object],
192 warn ERESOLVE       [Object], [Object], [Object],
192 warn ERESOLVE       [Object], [Object], [Object],
192 warn ERESOLVE       [Object]
192 warn ERESOLVE     ]
192 warn ERESOLVE   }
192 warn ERESOLVE }
193 warn ERESOLVE overriding peer dependency {
193 warn ERESOLVE   code: 'ERESOLVE',
193 warn ERESOLVE   edge: {
193 warn ERESOLVE     type: 'peer',
193 warn ERESOLVE     name: 'react-dom',
193 warn ERESOLVE     spec: '^16.8 || ^17.0 || ^18.0 || ^19.0 || ^19.0.0-rc',
193 warn ERESOLVE     from: {
193 warn ERESOLVE       name: '@radix-ui/react-progress',
193 warn ERESOLVE       version: '1.1.8',
193 warn ERESOLVE       location: 'frontend/node_modules/@radix-ui/react-progress',
193 warn ERESOLVE       isWorkspace: false,
193 warn ERESOLVE       dependents: [Array]
193 warn ERESOLVE     }
193 warn ERESOLVE   },
193 warn ERESOLVE   dep: {
193 warn ERESOLVE     name: 'react-dom',
193 warn ERESOLVE     version: undefined,
193 warn ERESOLVE     errors: [ [NotCachedError] ],
193 warn ERESOLVE     package: {},
193 warn ERESOLVE     whileInstalling: {
193 warn ERESOLVE       name: '@workspace/showroom',
193 warn ERESOLVE       version: '0.0.0',
193 warn ERESOLVE       path: 'C:\\Users\\abdelmezhuid_r\\Desktop\\GA\\Work Projects\\Asset-Manager\\frontend'
193 warn ERESOLVE     },
193 warn ERESOLVE     location: 'node_modules/react-dom',
193 warn ERESOLVE     isWorkspace: false,
193 warn ERESOLVE     dependents: [ [Object] ]
193 warn ERESOLVE   },
193 warn ERESOLVE   force: false,
193 warn ERESOLVE   isMine: true,
193 warn ERESOLVE   strictPeerDeps: false,
193 warn ERESOLVE   current: {
193 warn ERESOLVE     name: 'react-dom',
193 warn ERESOLVE     version: '19.2.5',
193 warn ERESOLVE     location: 'frontend/node_modules/react-dom',
193 warn ERESOLVE     isWorkspace: false,
193 warn ERESOLVE     dependents: [
193 warn ERESOLVE       [Object], [Object], [Object],
193 warn ERESOLVE       [Object], [Object], [Object],
193 warn ERESOLVE       [Object], [Object], [Object],
193 warn ERESOLVE       [Object], [Object], [Object],
193 warn ERESOLVE       [Object], [Object], [Object],
193 warn ERESOLVE       [Object], [Object], [Object],
193 warn ERESOLVE       [Object], [Object], [Object],
193 warn ERESOLVE       [Object], [Object], [Object],
193 warn ERESOLVE       [Object], [Object], [Object],
193 warn ERESOLVE       [Object], [Object], [Object],
193 warn ERESOLVE       [Object], [Object], [Object],
193 warn ERESOLVE       [Object]
193 warn ERESOLVE     ]
193 warn ERESOLVE   }
193 warn ERESOLVE }
194 warn ERESOLVE overriding peer dependency {
194 warn ERESOLVE   code: 'ERESOLVE',
194 warn ERESOLVE   edge: {
194 warn ERESOLVE     type: 'peer',
194 warn ERESOLVE     name: 'react-dom',
194 warn ERESOLVE     spec: '^16.8 || ^17.0 || ^18.0 || ^19.0 || ^19.0.0-rc',
194 warn ERESOLVE     from: {
194 warn ERESOLVE       name: '@radix-ui/react-radio-group',
194 warn ERESOLVE       version: '1.3.8',
194 warn ERESOLVE       location: 'frontend/node_modules/@radix-ui/react-radio-group',
194 warn ERESOLVE       isWorkspace: false,
194 warn ERESOLVE       dependents: [Array]
194 warn ERESOLVE     }
194 warn ERESOLVE   },
194 warn ERESOLVE   dep: {
194 warn ERESOLVE     name: 'react-dom',
194 warn ERESOLVE     version: undefined,
194 warn ERESOLVE     errors: [ [NotCachedError] ],
194 warn ERESOLVE     package: {},
194 warn ERESOLVE     whileInstalling: {
194 warn ERESOLVE       name: '@workspace/showroom',
194 warn ERESOLVE       version: '0.0.0',
194 warn ERESOLVE       path: 'C:\\Users\\abdelmezhuid_r\\Desktop\\GA\\Work Projects\\Asset-Manager\\frontend'
194 warn ERESOLVE     },
194 warn ERESOLVE     location: 'node_modules/react-dom',
194 warn ERESOLVE     isWorkspace: false,
194 warn ERESOLVE     dependents: [ [Object] ]
194 warn ERESOLVE   },
194 warn ERESOLVE   force: false,
194 warn ERESOLVE   isMine: true,
194 warn ERESOLVE   strictPeerDeps: false,
194 warn ERESOLVE   current: {
194 warn ERESOLVE     name: 'react-dom',
194 warn ERESOLVE     version: '19.2.5',
194 warn ERESOLVE     location: 'frontend/node_modules/react-dom',
194 warn ERESOLVE     isWorkspace: false,
194 warn ERESOLVE     dependents: [
194 warn ERESOLVE       [Object], [Object], [Object],
194 warn ERESOLVE       [Object], [Object], [Object],
194 warn ERESOLVE       [Object], [Object], [Object],
194 warn ERESOLVE       [Object], [Object], [Object],
194 warn ERESOLVE       [Object], [Object], [Object],
194 warn ERESOLVE       [Object], [Object], [Object],
194 warn ERESOLVE       [Object], [Object], [Object],
194 warn ERESOLVE       [Object], [Object], [Object],
194 warn ERESOLVE       [Object], [Object], [Object],
194 warn ERESOLVE       [Object], [Object], [Object],
194 warn ERESOLVE       [Object], [Object], [Object],
194 warn ERESOLVE       [Object]
194 warn ERESOLVE     ]
194 warn ERESOLVE   }
194 warn ERESOLVE }
195 warn ERESOLVE overriding peer dependency {
195 warn ERESOLVE   code: 'ERESOLVE',
195 warn ERESOLVE   edge: {
195 warn ERESOLVE     type: 'peer',
195 warn ERESOLVE     name: 'react-dom',
195 warn ERESOLVE     spec: '^16.8 || ^17.0 || ^18.0 || ^19.0 || ^19.0.0-rc',
195 warn ERESOLVE     from: {
195 warn ERESOLVE       name: '@radix-ui/react-scroll-area',
195 warn ERESOLVE       version: '1.2.10',
195 warn ERESOLVE       location: 'frontend/node_modules/@radix-ui/react-scroll-area',
195 warn ERESOLVE       isWorkspace: false,
195 warn ERESOLVE       dependents: [Array]
195 warn ERESOLVE     }
195 warn ERESOLVE   },
195 warn ERESOLVE   dep: {
195 warn ERESOLVE     name: 'react-dom',
195 warn ERESOLVE     version: undefined,
195 warn ERESOLVE     errors: [ [NotCachedError] ],
195 warn ERESOLVE     package: {},
195 warn ERESOLVE     whileInstalling: {
195 warn ERESOLVE       name: '@workspace/showroom',
195 warn ERESOLVE       version: '0.0.0',
195 warn ERESOLVE       path: 'C:\\Users\\abdelmezhuid_r\\Desktop\\GA\\Work Projects\\Asset-Manager\\frontend'
195 warn ERESOLVE     },
195 warn ERESOLVE     location: 'node_modules/react-dom',
195 warn ERESOLVE     isWorkspace: false,
195 warn ERESOLVE     dependents: [ [Object] ]
195 warn ERESOLVE   },
195 warn ERESOLVE   force: false,
195 warn ERESOLVE   isMine: true,
195 warn ERESOLVE   strictPeerDeps: false,
195 warn ERESOLVE   current: {
195 warn ERESOLVE     name: 'react-dom',
195 warn ERESOLVE     version: '19.2.5',
195 warn ERESOLVE     location: 'frontend/node_modules/react-dom',
195 warn ERESOLVE     isWorkspace: false,
195 warn ERESOLVE     dependents: [
195 warn ERESOLVE       [Object], [Object], [Object],
195 warn ERESOLVE       [Object], [Object], [Object],
195 warn ERESOLVE       [Object], [Object], [Object],
195 warn ERESOLVE       [Object], [Object], [Object],
195 warn ERESOLVE       [Object], [Object], [Object],
195 warn ERESOLVE       [Object], [Object], [Object],
195 warn ERESOLVE       [Object], [Object], [Object],
195 warn ERESOLVE       [Object], [Object], [Object],
195 warn ERESOLVE       [Object], [Object], [Object],
195 warn ERESOLVE       [Object], [Object], [Object],
195 warn ERESOLVE       [Object], [Object], [Object],
195 warn ERESOLVE       [Object]
195 warn ERESOLVE     ]
195 warn ERESOLVE   }
195 warn ERESOLVE }
196 warn ERESOLVE overriding peer dependency {
196 warn ERESOLVE   code: 'ERESOLVE',
196 warn ERESOLVE   edge: {
196 warn ERESOLVE     type: 'peer',
196 warn ERESOLVE     name: 'react-dom',
196 warn ERESOLVE     spec: '^16.8 || ^17.0 || ^18.0 || ^19.0 || ^19.0.0-rc',
196 warn ERESOLVE     from: {
196 warn ERESOLVE       name: '@radix-ui/react-select',
196 warn ERESOLVE       version: '2.2.6',
196 warn ERESOLVE       location: 'frontend/node_modules/@radix-ui/react-select',
196 warn ERESOLVE       isWorkspace: false,
196 warn ERESOLVE       dependents: [Array]
196 warn ERESOLVE     }
196 warn ERESOLVE   },
196 warn ERESOLVE   dep: {
196 warn ERESOLVE     name: 'react-dom',
196 warn ERESOLVE     version: undefined,
196 warn ERESOLVE     errors: [ [NotCachedError] ],
196 warn ERESOLVE     package: {},
196 warn ERESOLVE     whileInstalling: {
196 warn ERESOLVE       name: '@workspace/showroom',
196 warn ERESOLVE       version: '0.0.0',
196 warn ERESOLVE       path: 'C:\\Users\\abdelmezhuid_r\\Desktop\\GA\\Work Projects\\Asset-Manager\\frontend'
196 warn ERESOLVE     },
196 warn ERESOLVE     location: 'node_modules/react-dom',
196 warn ERESOLVE     isWorkspace: false,
196 warn ERESOLVE     dependents: [ [Object] ]
196 warn ERESOLVE   },
196 warn ERESOLVE   force: false,
196 warn ERESOLVE   isMine: true,
196 warn ERESOLVE   strictPeerDeps: false,
196 warn ERESOLVE   current: {
196 warn ERESOLVE     name: 'react-dom',
196 warn ERESOLVE     version: '19.2.5',
196 warn ERESOLVE     location: 'frontend/node_modules/react-dom',
196 warn ERESOLVE     isWorkspace: false,
196 warn ERESOLVE     dependents: [
196 warn ERESOLVE       [Object], [Object], [Object],
196 warn ERESOLVE       [Object], [Object], [Object],
196 warn ERESOLVE       [Object], [Object], [Object],
196 warn ERESOLVE       [Object], [Object], [Object],
196 warn ERESOLVE       [Object], [Object], [Object],
196 warn ERESOLVE       [Object], [Object], [Object],
196 warn ERESOLVE       [Object], [Object], [Object],
196 warn ERESOLVE       [Object], [Object], [Object],
196 warn ERESOLVE       [Object], [Object], [Object],
196 warn ERESOLVE       [Object], [Object], [Object],
196 warn ERESOLVE       [Object], [Object], [Object],
196 warn ERESOLVE       [Object]
196 warn ERESOLVE     ]
196 warn ERESOLVE   }
196 warn ERESOLVE }
197 warn ERESOLVE overriding peer dependency {
197 warn ERESOLVE   code: 'ERESOLVE',
197 warn ERESOLVE   edge: {
197 warn ERESOLVE     type: 'peer',
197 warn ERESOLVE     name: 'react-dom',
197 warn ERESOLVE     spec: '^16.8 || ^17.0 || ^18.0 || ^19.0 || ^19.0.0-rc',
197 warn ERESOLVE     from: {
197 warn ERESOLVE       name: '@radix-ui/react-separator',
197 warn ERESOLVE       version: '1.1.8',
197 warn ERESOLVE       location: 'frontend/node_modules/@radix-ui/react-separator',
197 warn ERESOLVE       isWorkspace: false,
197 warn ERESOLVE       dependents: [Array]
197 warn ERESOLVE     }
197 warn ERESOLVE   },
197 warn ERESOLVE   dep: {
197 warn ERESOLVE     name: 'react-dom',
197 warn ERESOLVE     version: undefined,
197 warn ERESOLVE     errors: [ [NotCachedError] ],
197 warn ERESOLVE     package: {},
197 warn ERESOLVE     whileInstalling: {
197 warn ERESOLVE       name: '@workspace/showroom',
197 warn ERESOLVE       version: '0.0.0',
197 warn ERESOLVE       path: 'C:\\Users\\abdelmezhuid_r\\Desktop\\GA\\Work Projects\\Asset-Manager\\frontend'
197 warn ERESOLVE     },
197 warn ERESOLVE     location: 'node_modules/react-dom',
197 warn ERESOLVE     isWorkspace: false,
197 warn ERESOLVE     dependents: [ [Object] ]
197 warn ERESOLVE   },
197 warn ERESOLVE   force: false,
197 warn ERESOLVE   isMine: true,
197 warn ERESOLVE   strictPeerDeps: false,
197 warn ERESOLVE   current: {
197 warn ERESOLVE     name: 'react-dom',
197 warn ERESOLVE     version: '19.2.5',
197 warn ERESOLVE     location: 'frontend/node_modules/react-dom',
197 warn ERESOLVE     isWorkspace: false,
197 warn ERESOLVE     dependents: [
197 warn ERESOLVE       [Object], [Object], [Object],
197 warn ERESOLVE       [Object], [Object], [Object],
197 warn ERESOLVE       [Object], [Object], [Object],
197 warn ERESOLVE       [Object], [Object], [Object],
197 warn ERESOLVE       [Object], [Object], [Object],
197 warn ERESOLVE       [Object], [Object], [Object],
197 warn ERESOLVE       [Object], [Object], [Object],
197 warn ERESOLVE       [Object], [Object], [Object],
197 warn ERESOLVE       [Object], [Object], [Object],
197 warn ERESOLVE       [Object], [Object], [Object],
197 warn ERESOLVE       [Object], [Object], [Object],
197 warn ERESOLVE       [Object]
197 warn ERESOLVE     ]
197 warn ERESOLVE   }
197 warn ERESOLVE }
198 warn ERESOLVE overriding peer dependency {
198 warn ERESOLVE   code: 'ERESOLVE',
198 warn ERESOLVE   edge: {
198 warn ERESOLVE     type: 'peer',
198 warn ERESOLVE     name: 'react-dom',
198 warn ERESOLVE     spec: '^16.8 || ^17.0 || ^18.0 || ^19.0 || ^19.0.0-rc',
198 warn ERESOLVE     from: {
198 warn ERESOLVE       name: '@radix-ui/react-slider',
198 warn ERESOLVE       version: '1.3.6',
198 warn ERESOLVE       location: 'frontend/node_modules/@radix-ui/react-slider',
198 warn ERESOLVE       isWorkspace: false,
198 warn ERESOLVE       dependents: [Array]
198 warn ERESOLVE     }
198 warn ERESOLVE   },
198 warn ERESOLVE   dep: {
198 warn ERESOLVE     name: 'react-dom',
198 warn ERESOLVE     version: undefined,
198 warn ERESOLVE     errors: [ [NotCachedError] ],
198 warn ERESOLVE     package: {},
198 warn ERESOLVE     whileInstalling: {
198 warn ERESOLVE       name: '@workspace/showroom',
198 warn ERESOLVE       version: '0.0.0',
198 warn ERESOLVE       path: 'C:\\Users\\abdelmezhuid_r\\Desktop\\GA\\Work Projects\\Asset-Manager\\frontend'
198 warn ERESOLVE     },
198 warn ERESOLVE     location: 'node_modules/react-dom',
198 warn ERESOLVE     isWorkspace: false,
198 warn ERESOLVE     dependents: [ [Object] ]
198 warn ERESOLVE   },
198 warn ERESOLVE   force: false,
198 warn ERESOLVE   isMine: true,
198 warn ERESOLVE   strictPeerDeps: false,
198 warn ERESOLVE   current: {
198 warn ERESOLVE     name: 'react-dom',
198 warn ERESOLVE     version: '19.2.5',
198 warn ERESOLVE     location: 'frontend/node_modules/react-dom',
198 warn ERESOLVE     isWorkspace: false,
198 warn ERESOLVE     dependents: [
198 warn ERESOLVE       [Object], [Object], [Object],
198 warn ERESOLVE       [Object], [Object], [Object],
198 warn ERESOLVE       [Object], [Object], [Object],
198 warn ERESOLVE       [Object], [Object], [Object],
198 warn ERESOLVE       [Object], [Object], [Object],
198 warn ERESOLVE       [Object], [Object], [Object],
198 warn ERESOLVE       [Object], [Object], [Object],
198 warn ERESOLVE       [Object], [Object], [Object],
198 warn ERESOLVE       [Object], [Object], [Object],
198 warn ERESOLVE       [Object], [Object], [Object],
198 warn ERESOLVE       [Object], [Object], [Object],
198 warn ERESOLVE       [Object]
198 warn ERESOLVE     ]
198 warn ERESOLVE   }
198 warn ERESOLVE }
199 warn ERESOLVE overriding peer dependency {
199 warn ERESOLVE   code: 'ERESOLVE',
199 warn ERESOLVE   edge: {
199 warn ERESOLVE     type: 'peer',
199 warn ERESOLVE     name: 'react-dom',
199 warn ERESOLVE     spec: '^16.8 || ^17.0 || ^18.0 || ^19.0 || ^19.0.0-rc',
199 warn ERESOLVE     from: {
199 warn ERESOLVE       name: '@radix-ui/react-switch',
199 warn ERESOLVE       version: '1.2.6',
199 warn ERESOLVE       location: 'frontend/node_modules/@radix-ui/react-switch',
199 warn ERESOLVE       isWorkspace: false,
199 warn ERESOLVE       dependents: [Array]
199 warn ERESOLVE     }
199 warn ERESOLVE   },
199 warn ERESOLVE   dep: {
199 warn ERESOLVE     name: 'react-dom',
199 warn ERESOLVE     version: undefined,
199 warn ERESOLVE     errors: [ [NotCachedError] ],
199 warn ERESOLVE     package: {},
199 warn ERESOLVE     whileInstalling: {
199 warn ERESOLVE       name: '@workspace/showroom',
199 warn ERESOLVE       version: '0.0.0',
199 warn ERESOLVE       path: 'C:\\Users\\abdelmezhuid_r\\Desktop\\GA\\Work Projects\\Asset-Manager\\frontend'
199 warn ERESOLVE     },
199 warn ERESOLVE     location: 'node_modules/react-dom',
199 warn ERESOLVE     isWorkspace: false,
199 warn ERESOLVE     dependents: [ [Object] ]
199 warn ERESOLVE   },
199 warn ERESOLVE   force: false,
199 warn ERESOLVE   isMine: true,
199 warn ERESOLVE   strictPeerDeps: false,
199 warn ERESOLVE   current: {
199 warn ERESOLVE     name: 'react-dom',
199 warn ERESOLVE     version: '19.2.5',
199 warn ERESOLVE     location: 'frontend/node_modules/react-dom',
199 warn ERESOLVE     isWorkspace: false,
199 warn ERESOLVE     dependents: [
199 warn ERESOLVE       [Object], [Object], [Object],
199 warn ERESOLVE       [Object], [Object], [Object],
199 warn ERESOLVE       [Object], [Object], [Object],
199 warn ERESOLVE       [Object], [Object], [Object],
199 warn ERESOLVE       [Object], [Object], [Object],
199 warn ERESOLVE       [Object], [Object], [Object],
199 warn ERESOLVE       [Object], [Object], [Object],
199 warn ERESOLVE       [Object], [Object], [Object],
199 warn ERESOLVE       [Object], [Object], [Object],
199 warn ERESOLVE       [Object], [Object], [Object],
199 warn ERESOLVE       [Object], [Object], [Object],
199 warn ERESOLVE       [Object]
199 warn ERESOLVE     ]
199 warn ERESOLVE   }
199 warn ERESOLVE }
200 warn ERESOLVE overriding peer dependency {
200 warn ERESOLVE   code: 'ERESOLVE',
200 warn ERESOLVE   edge: {
200 warn ERESOLVE     type: 'peer',
200 warn ERESOLVE     name: 'react-dom',
200 warn ERESOLVE     spec: '^16.8 || ^17.0 || ^18.0 || ^19.0 || ^19.0.0-rc',
200 warn ERESOLVE     from: {
200 warn ERESOLVE       name: '@radix-ui/react-tabs',
200 warn ERESOLVE       version: '1.1.13',
200 warn ERESOLVE       location: 'frontend/node_modules/@radix-ui/react-tabs',
200 warn ERESOLVE       isWorkspace: false,
200 warn ERESOLVE       dependents: [Array]
200 warn ERESOLVE     }
200 warn ERESOLVE   },
200 warn ERESOLVE   dep: {
200 warn ERESOLVE     name: 'react-dom',
200 warn ERESOLVE     version: undefined,
200 warn ERESOLVE     errors: [ [NotCachedError] ],
200 warn ERESOLVE     package: {},
200 warn ERESOLVE     whileInstalling: {
200 warn ERESOLVE       name: '@workspace/showroom',
200 warn ERESOLVE       version: '0.0.0',
200 warn ERESOLVE       path: 'C:\\Users\\abdelmezhuid_r\\Desktop\\GA\\Work Projects\\Asset-Manager\\frontend'
200 warn ERESOLVE     },
200 warn ERESOLVE     location: 'node_modules/react-dom',
200 warn ERESOLVE     isWorkspace: false,
200 warn ERESOLVE     dependents: [ [Object] ]
200 warn ERESOLVE   },
200 warn ERESOLVE   force: false,
200 warn ERESOLVE   isMine: true,
200 warn ERESOLVE   strictPeerDeps: false,
200 warn ERESOLVE   current: {
200 warn ERESOLVE     name: 'react-dom',
200 warn ERESOLVE     version: '19.2.5',
200 warn ERESOLVE     location: 'frontend/node_modules/react-dom',
200 warn ERESOLVE     isWorkspace: false,
200 warn ERESOLVE     dependents: [
200 warn ERESOLVE       [Object], [Object], [Object],
200 warn ERESOLVE       [Object], [Object], [Object],
200 warn ERESOLVE       [Object], [Object], [Object],
200 warn ERESOLVE       [Object], [Object], [Object],
200 warn ERESOLVE       [Object], [Object], [Object],
200 warn ERESOLVE       [Object], [Object], [Object],
200 warn ERESOLVE       [Object], [Object], [Object],
200 warn ERESOLVE       [Object], [Object], [Object],
200 warn ERESOLVE       [Object], [Object], [Object],
200 warn ERESOLVE       [Object], [Object], [Object],
200 warn ERESOLVE       [Object], [Object], [Object],
200 warn ERESOLVE       [Object]
200 warn ERESOLVE     ]
200 warn ERESOLVE   }
200 warn ERESOLVE }
201 warn ERESOLVE overriding peer dependency {
201 warn ERESOLVE   code: 'ERESOLVE',
201 warn ERESOLVE   edge: {
201 warn ERESOLVE     type: 'peer',
201 warn ERESOLVE     name: 'react-dom',
201 warn ERESOLVE     spec: '^16.8 || ^17.0 || ^18.0 || ^19.0 || ^19.0.0-rc',
201 warn ERESOLVE     from: {
201 warn ERESOLVE       name: '@radix-ui/react-toast',
201 warn ERESOLVE       version: '1.2.15',
201 warn ERESOLVE       location: 'frontend/node_modules/@radix-ui/react-toast',
201 warn ERESOLVE       isWorkspace: false,
201 warn ERESOLVE       dependents: [Array]
201 warn ERESOLVE     }
201 warn ERESOLVE   },
201 warn ERESOLVE   dep: {
201 warn ERESOLVE     name: 'react-dom',
201 warn ERESOLVE     version: undefined,
201 warn ERESOLVE     errors: [ [NotCachedError] ],
201 warn ERESOLVE     package: {},
201 warn ERESOLVE     whileInstalling: {
201 warn ERESOLVE       name: '@workspace/showroom',
201 warn ERESOLVE       version: '0.0.0',
201 warn ERESOLVE       path: 'C:\\Users\\abdelmezhuid_r\\Desktop\\GA\\Work Projects\\Asset-Manager\\frontend'
201 warn ERESOLVE     },
201 warn ERESOLVE     location: 'node_modules/react-dom',
201 warn ERESOLVE     isWorkspace: false,
201 warn ERESOLVE     dependents: [ [Object] ]
201 warn ERESOLVE   },
201 warn ERESOLVE   force: false,
201 warn ERESOLVE   isMine: true,
201 warn ERESOLVE   strictPeerDeps: false,
201 warn ERESOLVE   current: {
201 warn ERESOLVE     name: 'react-dom',
201 warn ERESOLVE     version: '19.2.5',
201 warn ERESOLVE     location: 'frontend/node_modules/react-dom',
201 warn ERESOLVE     isWorkspace: false,
201 warn ERESOLVE     dependents: [
201 warn ERESOLVE       [Object], [Object], [Object],
201 warn ERESOLVE       [Object], [Object], [Object],
201 warn ERESOLVE       [Object], [Object], [Object],
201 warn ERESOLVE       [Object], [Object], [Object],
201 warn ERESOLVE       [Object], [Object], [Object],
201 warn ERESOLVE       [Object], [Object], [Object],
201 warn ERESOLVE       [Object], [Object], [Object],
201 warn ERESOLVE       [Object], [Object], [Object],
201 warn ERESOLVE       [Object], [Object], [Object],
201 warn ERESOLVE       [Object], [Object], [Object],
201 warn ERESOLVE       [Object], [Object], [Object],
201 warn ERESOLVE       [Object]
201 warn ERESOLVE     ]
201 warn ERESOLVE   }
201 warn ERESOLVE }
202 warn ERESOLVE overriding peer dependency {
202 warn ERESOLVE   code: 'ERESOLVE',
202 warn ERESOLVE   edge: {
202 warn ERESOLVE     type: 'peer',
202 warn ERESOLVE     name: 'react-dom',
202 warn ERESOLVE     spec: '^16.8 || ^17.0 || ^18.0 || ^19.0 || ^19.0.0-rc',
202 warn ERESOLVE     from: {
202 warn ERESOLVE       name: '@radix-ui/react-toggle-group',
202 warn ERESOLVE       version: '1.1.11',
202 warn ERESOLVE       location: 'frontend/node_modules/@radix-ui/react-toggle-group',
202 warn ERESOLVE       isWorkspace: false,
202 warn ERESOLVE       dependents: [Array]
202 warn ERESOLVE     }
202 warn ERESOLVE   },
202 warn ERESOLVE   dep: {
202 warn ERESOLVE     name: 'react-dom',
202 warn ERESOLVE     version: undefined,
202 warn ERESOLVE     errors: [ [NotCachedError] ],
202 warn ERESOLVE     package: {},
202 warn ERESOLVE     whileInstalling: {
202 warn ERESOLVE       name: '@workspace/showroom',
202 warn ERESOLVE       version: '0.0.0',
202 warn ERESOLVE       path: 'C:\\Users\\abdelmezhuid_r\\Desktop\\GA\\Work Projects\\Asset-Manager\\frontend'
202 warn ERESOLVE     },
202 warn ERESOLVE     location: 'node_modules/react-dom',
202 warn ERESOLVE     isWorkspace: false,
202 warn ERESOLVE     dependents: [ [Object] ]
202 warn ERESOLVE   },
202 warn ERESOLVE   force: false,
202 warn ERESOLVE   isMine: true,
202 warn ERESOLVE   strictPeerDeps: false,
202 warn ERESOLVE   current: {
202 warn ERESOLVE     name: 'react-dom',
202 warn ERESOLVE     version: '19.2.5',
202 warn ERESOLVE     location: 'frontend/node_modules/react-dom',
202 warn ERESOLVE     isWorkspace: false,
202 warn ERESOLVE     dependents: [
202 warn ERESOLVE       [Object], [Object], [Object],
202 warn ERESOLVE       [Object], [Object], [Object],
202 warn ERESOLVE       [Object], [Object], [Object],
202 warn ERESOLVE       [Object], [Object], [Object],
202 warn ERESOLVE       [Object], [Object], [Object],
202 warn ERESOLVE       [Object], [Object], [Object],
202 warn ERESOLVE       [Object], [Object], [Object],
202 warn ERESOLVE       [Object], [Object], [Object],
202 warn ERESOLVE       [Object], [Object], [Object],
202 warn ERESOLVE       [Object], [Object], [Object],
202 warn ERESOLVE       [Object], [Object], [Object],
202 warn ERESOLVE       [Object]
202 warn ERESOLVE     ]
202 warn ERESOLVE   }
202 warn ERESOLVE }
203 warn ERESOLVE overriding peer dependency {
203 warn ERESOLVE   code: 'ERESOLVE',
203 warn ERESOLVE   edge: {
203 warn ERESOLVE     type: 'peer',
203 warn ERESOLVE     name: 'react-dom',
203 warn ERESOLVE     spec: '^16.8 || ^17.0 || ^18.0 || ^19.0 || ^19.0.0-rc',
203 warn ERESOLVE     from: {
203 warn ERESOLVE       name: '@radix-ui/react-tooltip',
203 warn ERESOLVE       version: '1.2.8',
203 warn ERESOLVE       location: 'frontend/node_modules/@radix-ui/react-tooltip',
203 warn ERESOLVE       isWorkspace: false,
203 warn ERESOLVE       dependents: [Array]
203 warn ERESOLVE     }
203 warn ERESOLVE   },
203 warn ERESOLVE   dep: {
203 warn ERESOLVE     name: 'react-dom',
203 warn ERESOLVE     version: undefined,
203 warn ERESOLVE     errors: [ [NotCachedError] ],
203 warn ERESOLVE     package: {},
203 warn ERESOLVE     whileInstalling: {
203 warn ERESOLVE       name: '@workspace/showroom',
203 warn ERESOLVE       version: '0.0.0',
203 warn ERESOLVE       path: 'C:\\Users\\abdelmezhuid_r\\Desktop\\GA\\Work Projects\\Asset-Manager\\frontend'
203 warn ERESOLVE     },
203 warn ERESOLVE     location: 'node_modules/react-dom',
203 warn ERESOLVE     isWorkspace: false,
203 warn ERESOLVE     dependents: [ [Object] ]
203 warn ERESOLVE   },
203 warn ERESOLVE   force: false,
203 warn ERESOLVE   isMine: true,
203 warn ERESOLVE   strictPeerDeps: false,
203 warn ERESOLVE   current: {
203 warn ERESOLVE     name: 'react-dom',
203 warn ERESOLVE     version: '19.2.5',
203 warn ERESOLVE     location: 'frontend/node_modules/react-dom',
203 warn ERESOLVE     isWorkspace: false,
203 warn ERESOLVE     dependents: [
203 warn ERESOLVE       [Object], [Object], [Object],
203 warn ERESOLVE       [Object], [Object], [Object],
203 warn ERESOLVE       [Object], [Object], [Object],
203 warn ERESOLVE       [Object], [Object], [Object],
203 warn ERESOLVE       [Object], [Object], [Object],
203 warn ERESOLVE       [Object], [Object], [Object],
203 warn ERESOLVE       [Object], [Object], [Object],
203 warn ERESOLVE       [Object], [Object], [Object],
203 warn ERESOLVE       [Object], [Object], [Object],
203 warn ERESOLVE       [Object], [Object], [Object],
203 warn ERESOLVE       [Object], [Object], [Object],
203 warn ERESOLVE       [Object]
203 warn ERESOLVE     ]
203 warn ERESOLVE   }
203 warn ERESOLVE }
204 silly placeDep frontend tailwind-merge@ REPLACE for: @workspace/showroom@0.0.0 want: latest
205 silly placeDep frontend tailwindcss@ REPLACE for: @workspace/showroom@0.0.0 want: latest
206 warn ERESOLVE overriding peer dependency {
206 warn ERESOLVE   code: 'ERESOLVE',
206 warn ERESOLVE   edge: {
206 warn ERESOLVE     type: 'peer',
206 warn ERESOLVE     name: 'tailwindcss',
206 warn ERESOLVE     spec: '>=3.0.0 || insiders || >=4.0.0-alpha.20 || >=4.0.0-beta.1',
206 warn ERESOLVE     from: {
206 warn ERESOLVE       name: '@tailwindcss/typography',
206 warn ERESOLVE       version: '0.5.19',
206 warn ERESOLVE       location: 'frontend/node_modules/@tailwindcss/typography',
206 warn ERESOLVE       isWorkspace: false,
206 warn ERESOLVE       dependents: [Array]
206 warn ERESOLVE     }
206 warn ERESOLVE   },
206 warn ERESOLVE   dep: {
206 warn ERESOLVE     name: 'tailwindcss',
206 warn ERESOLVE     version: undefined,
206 warn ERESOLVE     errors: [ [NotCachedError] ],
206 warn ERESOLVE     package: {},
206 warn ERESOLVE     whileInstalling: {
206 warn ERESOLVE       name: '@workspace/showroom',
206 warn ERESOLVE       version: '0.0.0',
206 warn ERESOLVE       path: 'C:\\Users\\abdelmezhuid_r\\Desktop\\GA\\Work Projects\\Asset-Manager\\frontend'
206 warn ERESOLVE     },
206 warn ERESOLVE     location: 'node_modules/tailwindcss',
206 warn ERESOLVE     isWorkspace: false,
206 warn ERESOLVE     dependents: [ [Object] ]
206 warn ERESOLVE   },
206 warn ERESOLVE   force: false,
206 warn ERESOLVE   isMine: true,
206 warn ERESOLVE   strictPeerDeps: false,
206 warn ERESOLVE   current: {
206 warn ERESOLVE     name: 'tailwindcss',
206 warn ERESOLVE     version: '4.2.4',
206 warn ERESOLVE     location: 'frontend/node_modules/tailwindcss',
206 warn ERESOLVE     isWorkspace: false,
206 warn ERESOLVE     dependents: [ [Object] ]
206 warn ERESOLVE   }
206 warn ERESOLVE }
207 silly placeDep frontend vite@ OK for: @workspace/showroom@0.0.0 want: latest
208 silly placeDep frontend zod@ REPLACE for: @workspace/showroom@0.0.0 want: latest
209 silly fetch manifest @radix-ui/react-collapsible@^1.1.4
210 silly packumentCache full:https://registry.npmjs.org/@radix-ui%2freact-collapsible cache-miss
211 silly fetch manifest @radix-ui/react-dialog@^1.1.7
212 silly packumentCache full:https://registry.npmjs.org/@radix-ui%2freact-dialog cache-miss
213 silly fetch manifest @radix-ui/react-toggle@^1.1.3
214 silly packumentCache full:https://registry.npmjs.org/@radix-ui%2freact-toggle cache-miss
215 silly placeDep frontend @radix-ui/react-collapsible@ OK for: @workspace/showroom@0.0.0 want: ^1.1.4
216 silly placeDep frontend @radix-ui/react-dialog@ OK for: @workspace/showroom@0.0.0 want: ^1.1.7
217 silly placeDep frontend @radix-ui/react-toggle@ OK for: @workspace/showroom@0.0.0 want: ^1.1.3
218 silly fetch manifest react@>=18
219 silly packumentCache full:https://registry.npmjs.org/react cache-miss
220 silly fetch manifest @tanstack/react-query@latest
221 silly packumentCache full:https://registry.npmjs.org/@tanstack%2freact-query cache-miss
222 silly placeDep shared/api-client-react @tanstack/react-query@ OK for: @workspace/api-client-react@0.0.0 want: latest
223 silly placeDep ROOT react@ OK for: @workspace/api-client-react@0.0.0 want: >=18
224 warn ERESOLVE overriding peer dependency {
224 warn ERESOLVE   code: 'ERESOLVE',
224 warn ERESOLVE   edge: {
224 warn ERESOLVE     type: 'peer',
224 warn ERESOLVE     name: 'react',
224 warn ERESOLVE     spec: '>=18',
224 warn ERESOLVE     error: 'INVALID',
224 warn ERESOLVE     from: {
224 warn ERESOLVE       name: '@workspace/api-client-react',
224 warn ERESOLVE       version: '0.0.0',
224 warn ERESOLVE       location: 'shared/api-client-react',
224 warn ERESOLVE       isWorkspace: true,
224 warn ERESOLVE       dependents: [],
224 warn ERESOLVE       linksIn: [Array]
224 warn ERESOLVE     }
224 warn ERESOLVE   },
224 warn ERESOLVE   dep: {
224 warn ERESOLVE     name: 'react',
224 warn ERESOLVE     version: undefined,
224 warn ERESOLVE     errors: [ [NotCachedError] ],
224 warn ERESOLVE     package: {},
224 warn ERESOLVE     whileInstalling: {
224 warn ERESOLVE       name: '@workspace/api-client-react',
224 warn ERESOLVE       version: '0.0.0',
224 warn ERESOLVE       path: 'C:\\Users\\abdelmezhuid_r\\Desktop\\GA\\Work Projects\\Asset-Manager\\shared\\api-client-react'
224 warn ERESOLVE     },
224 warn ERESOLVE     location: 'node_modules/react',
224 warn ERESOLVE     isWorkspace: false,
224 warn ERESOLVE     dependents: [ [Object] ]
224 warn ERESOLVE   },
224 warn ERESOLVE   force: false,
224 warn ERESOLVE   isMine: true,
224 warn ERESOLVE   strictPeerDeps: false,
224 warn ERESOLVE   current: {
224 warn ERESOLVE     name: 'react',
224 warn ERESOLVE     version: undefined,
224 warn ERESOLVE     errors: [ [NotCachedError] ],
224 warn ERESOLVE     package: {},
224 warn ERESOLVE     location: 'node_modules/react',
224 warn ERESOLVE     isWorkspace: false,
224 warn ERESOLVE     dependents: []
224 warn ERESOLVE   }
224 warn ERESOLVE }
225 silly fetch manifest orval@^8.5.2
226 silly packumentCache full:https://registry.npmjs.org/orval cache-miss
227 silly placeDep shared/api-spec orval@ OK for: @workspace/api-spec@0.0.0 want: ^8.5.2
228 silly fetch manifest zod@latest
229 silly packumentCache full:https://registry.npmjs.org/zod cache-miss
230 silly placeDep shared/api-zod zod@ OK for: @workspace/api-zod@0.0.0 want: latest
231 silly fetch manifest drizzle-orm@latest
232 silly packumentCache full:https://registry.npmjs.org/drizzle-orm cache-miss
233 silly fetch manifest drizzle-zod@^0.8.3
234 silly packumentCache full:https://registry.npmjs.org/drizzle-zod cache-miss
235 silly fetch manifest pg@^8.20.0
236 silly packumentCache full:https://registry.npmjs.org/pg cache-miss
237 silly fetch manifest zod@latest
238 silly packumentCache full:https://registry.npmjs.org/zod cache-miss
239 silly fetch manifest @types/node@latest
240 silly packumentCache full:https://registry.npmjs.org/@types%2fnode cache-miss
241 silly fetch manifest @types/pg@^8.18.0
242 silly packumentCache full:https://registry.npmjs.org/@types%2fpg cache-miss
243 silly fetch manifest drizzle-kit@^0.31.9
244 silly packumentCache full:https://registry.npmjs.org/drizzle-kit cache-miss
245 silly placeDep shared/db @types/node@ OK for: @workspace/db@0.0.0 want: latest
246 silly placeDep shared/db @types/pg@ OK for: @workspace/db@0.0.0 want: ^8.18.0
247 silly placeDep shared/db drizzle-kit@ OK for: @workspace/db@0.0.0 want: ^0.31.9
248 silly placeDep shared/db drizzle-orm@ OK for: @workspace/db@0.0.0 want: latest
249 silly placeDep shared/db drizzle-zod@ OK for: @workspace/db@0.0.0 want: ^0.8.3
250 silly placeDep shared/db pg@ OK for: @workspace/db@0.0.0 want: ^8.20.0
251 silly placeDep shared/db zod@ OK for: @workspace/db@0.0.0 want: latest
252 silly fetch manifest @radix-ui/react-collection@1.1.7
253 silly packumentCache full:https://registry.npmjs.org/@radix-ui%2freact-collection cache-miss
254 silly fetch manifest @radix-ui/react-compose-refs@1.1.2
255 silly packumentCache full:https://registry.npmjs.org/@radix-ui%2freact-compose-refs cache-miss
256 silly fetch manifest @radix-ui/react-context@1.1.2
257 silly packumentCache full:https://registry.npmjs.org/@radix-ui%2freact-context cache-miss
258 silly fetch manifest @radix-ui/react-direction@1.1.1
259 silly packumentCache full:https://registry.npmjs.org/@radix-ui%2freact-direction cache-miss
260 silly fetch manifest @radix-ui/react-primitive@2.1.3
261 silly packumentCache full:https://registry.npmjs.org/@radix-ui%2freact-primitive cache-miss
262 silly fetch manifest @radix-ui/react-id@1.1.1
263 silly packumentCache full:https://registry.npmjs.org/@radix-ui%2freact-id cache-miss
264 silly fetch manifest @radix-ui/react-use-controllable-state@1.2.2
265 silly packumentCache full:https://registry.npmjs.org/@radix-ui%2freact-use-controllable-state cache-miss
266 silly placeDep frontend/node_modules/@radix-ui/react-accordion @radix-ui/react-collection@ OK for: @radix-ui/react-accordion@1.2.12 want: 1.1.7
267 silly placeDep frontend/node_modules/@radix-ui/react-accordion @radix-ui/react-compose-refs@ OK for: @radix-ui/react-accordion@1.2.12 want: 1.1.2
268 silly placeDep frontend/node_modules/@radix-ui/react-accordion @radix-ui/react-context@ OK for: @radix-ui/react-accordion@1.2.12 want: 1.1.2
269 silly placeDep frontend/node_modules/@radix-ui/react-accordion @radix-ui/react-direction@ OK for: @radix-ui/react-accordion@1.2.12 want: 1.1.1
270 silly placeDep frontend/node_modules/@radix-ui/react-accordion @radix-ui/react-id@ OK for: @radix-ui/react-accordion@1.2.12 want: 1.1.1
271 silly placeDep frontend/node_modules/@radix-ui/react-accordion @radix-ui/react-primitive@ OK for: @radix-ui/react-accordion@1.2.12 want: 2.1.3
272 silly placeDep frontend/node_modules/@radix-ui/react-accordion @radix-ui/react-use-controllable-state@ OK for: @radix-ui/react-accordion@1.2.12 want: 1.2.2
273 silly fetch manifest @radix-ui/react-context@1.1.2
274 silly packumentCache full:https://registry.npmjs.org/@radix-ui%2freact-context cache-miss
275 silly fetch manifest @radix-ui/react-primitive@2.1.3
276 silly packumentCache full:https://registry.npmjs.org/@radix-ui%2freact-primitive cache-miss
277 silly fetch manifest @radix-ui/react-compose-refs@1.1.2
278 silly packumentCache full:https://registry.npmjs.org/@radix-ui%2freact-compose-refs cache-miss
279 silly placeDep frontend/node_modules/@radix-ui/react-alert-dialog @radix-ui/react-compose-refs@ OK for: @radix-ui/react-alert-dialog@1.1.15 want: 1.1.2
280 silly placeDep frontend/node_modules/@radix-ui/react-alert-dialog @radix-ui/react-context@ OK for: @radix-ui/react-alert-dialog@1.1.15 want: 1.1.2
281 silly placeDep frontend/node_modules/@radix-ui/react-alert-dialog @radix-ui/react-primitive@ OK for: @radix-ui/react-alert-dialog@1.1.15 want: 2.1.3
282 silly fetch manifest @radix-ui/react-primitive@2.1.4
283 silly packumentCache full:https://registry.npmjs.org/@radix-ui%2freact-primitive cache-miss
284 silly placeDep frontend/node_modules/@radix-ui/react-aspect-ratio @radix-ui/react-primitive@ OK for: @radix-ui/react-aspect-ratio@1.1.8 want: 2.1.4
285 silly fetch manifest @radix-ui/react-use-callback-ref@1.1.1
286 silly packumentCache full:https://registry.npmjs.org/@radix-ui%2freact-use-callback-ref cache-miss
287 silly fetch manifest @radix-ui/react-primitive@2.1.4
288 silly packumentCache full:https://registry.npmjs.org/@radix-ui%2freact-primitive cache-miss
289 silly fetch manifest @radix-ui/react-use-is-hydrated@0.1.0
290 silly packumentCache full:https://registry.npmjs.org/@radix-ui%2freact-use-is-hydrated cache-miss
291 silly fetch manifest @radix-ui/react-use-layout-effect@1.1.1
292 silly packumentCache full:https://registry.npmjs.org/@radix-ui%2freact-use-layout-effect cache-miss
293 silly placeDep frontend/node_modules/@radix-ui/react-avatar @radix-ui/react-primitive@ OK for: @radix-ui/react-avatar@1.1.11 want: 2.1.4
294 silly placeDep frontend/node_modules/@radix-ui/react-avatar @radix-ui/react-use-callback-ref@ OK for: @radix-ui/react-avatar@1.1.11 want: 1.1.1
295 silly placeDep frontend/node_modules/@radix-ui/react-avatar @radix-ui/react-use-is-hydrated@ OK for: @radix-ui/react-avatar@1.1.11 want: 0.1.0
296 silly placeDep frontend/node_modules/@radix-ui/react-avatar @radix-ui/react-use-layout-effect@ OK for: @radix-ui/react-avatar@1.1.11 want: 1.1.1
297 silly fetch manifest @radix-ui/react-compose-refs@1.1.2
298 silly packumentCache full:https://registry.npmjs.org/@radix-ui%2freact-compose-refs cache-miss
299 silly fetch manifest @radix-ui/react-context@1.1.2
300 silly packumentCache full:https://registry.npmjs.org/@radix-ui%2freact-context cache-miss
301 silly fetch manifest @radix-ui/react-primitive@2.1.3
302 silly packumentCache full:https://registry.npmjs.org/@radix-ui%2freact-primitive cache-miss
303 silly fetch manifest @radix-ui/react-use-previous@1.1.1
304 silly packumentCache full:https://registry.npmjs.org/@radix-ui%2freact-use-previous cache-miss
305 silly fetch manifest @radix-ui/react-presence@1.1.5
306 silly packumentCache full:https://registry.npmjs.org/@radix-ui%2freact-presence cache-miss
307 silly fetch manifest @radix-ui/react-use-controllable-state@1.2.2
308 silly packumentCache full:https://registry.npmjs.org/@radix-ui%2freact-use-controllable-state cache-miss
309 silly fetch manifest @radix-ui/react-use-size@1.1.1
310 silly packumentCache full:https://registry.npmjs.org/@radix-ui%2freact-use-size cache-miss
311 silly placeDep frontend/node_modules/@radix-ui/react-checkbox @radix-ui/react-compose-refs@ OK for: @radix-ui/react-checkbox@1.3.3 want: 1.1.2
312 silly placeDep frontend/node_modules/@radix-ui/react-checkbox @radix-ui/react-context@ OK for: @radix-ui/react-checkbox@1.3.3 want: 1.1.2
313 silly placeDep frontend/node_modules/@radix-ui/react-checkbox @radix-ui/react-presence@ OK for: @radix-ui/react-checkbox@1.3.3 want: 1.1.5
314 silly placeDep frontend/node_modules/@radix-ui/react-checkbox @radix-ui/react-primitive@ OK for: @radix-ui/react-checkbox@1.3.3 want: 2.1.3
315 silly placeDep frontend/node_modules/@radix-ui/react-checkbox @radix-ui/react-use-controllable-state@ OK for: @radix-ui/react-checkbox@1.3.3 want: 1.2.2
316 silly placeDep frontend/node_modules/@radix-ui/react-checkbox @radix-ui/react-use-previous@ OK for: @radix-ui/react-checkbox@1.3.3 want: 1.1.1
317 silly placeDep frontend/node_modules/@radix-ui/react-checkbox @radix-ui/react-use-size@ OK for: @radix-ui/react-checkbox@1.3.3 want: 1.1.1
318 silly fetch manifest @radix-ui/react-primitive@2.1.3
319 silly packumentCache full:https://registry.npmjs.org/@radix-ui%2freact-primitive cache-miss
320 silly fetch manifest @radix-ui/react-context@1.1.2
321 silly packumentCache full:https://registry.npmjs.org/@radix-ui%2freact-context cache-miss
322 silly fetch manifest @radix-ui/react-menu@2.1.16
323 silly packumentCache full:https://registry.npmjs.org/@radix-ui%2freact-menu cache-miss
324 silly fetch manifest @radix-ui/react-use-callback-ref@1.1.1
325 silly packumentCache full:https://registry.npmjs.org/@radix-ui%2freact-use-callback-ref cache-miss
326 silly fetch manifest @radix-ui/react-use-controllable-state@1.2.2
327 silly packumentCache full:https://registry.npmjs.org/@radix-ui%2freact-use-controllable-state cache-miss
328 silly placeDep frontend/node_modules/@radix-ui/react-context-menu @radix-ui/react-context@ OK for: @radix-ui/react-context-menu@2.2.16 want: 1.1.2
329 silly placeDep frontend/node_modules/@radix-ui/react-context-menu @radix-ui/react-menu@ OK for: @radix-ui/react-context-menu@2.2.16 want: 2.1.16
330 silly placeDep frontend/node_modules/@radix-ui/react-context-menu @radix-ui/react-primitive@ OK for: @radix-ui/react-context-menu@2.2.16 want: 2.1.3
331 silly placeDep frontend/node_modules/@radix-ui/react-context-menu @radix-ui/react-use-callback-ref@ OK for: @radix-ui/react-context-menu@2.2.16 want: 1.1.1
332 silly placeDep frontend/node_modules/@radix-ui/react-context-menu @radix-ui/react-use-controllable-state@ OK for: @radix-ui/react-context-menu@2.2.16 want: 1.2.2
333 silly fetch manifest @radix-ui/react-context@1.1.2
334 silly packumentCache full:https://registry.npmjs.org/@radix-ui%2freact-context cache-miss
335 silly fetch manifest @radix-ui/react-compose-refs@1.1.2
336 silly packumentCache full:https://registry.npmjs.org/@radix-ui%2freact-compose-refs cache-miss
337 silly fetch manifest @radix-ui/react-id@1.1.1
338 silly packumentCache full:https://registry.npmjs.org/@radix-ui%2freact-id cache-miss
339 silly fetch manifest @radix-ui/react-menu@2.1.16
340 silly packumentCache full:https://registry.npmjs.org/@radix-ui%2freact-menu cache-miss
341 silly fetch manifest @radix-ui/react-use-controllable-state@1.2.2
342 silly packumentCache full:https://registry.npmjs.org/@radix-ui%2freact-use-controllable-state cache-miss
343 silly fetch manifest @radix-ui/react-primitive@2.1.3
344 silly packumentCache full:https://registry.npmjs.org/@radix-ui%2freact-primitive cache-miss
345 silly placeDep frontend/node_modules/@radix-ui/react-dropdown-menu @radix-ui/react-compose-refs@ OK for: @radix-ui/react-dropdown-menu@2.1.16 want: 1.1.2
346 silly placeDep frontend/node_modules/@radix-ui/react-dropdown-menu @radix-ui/react-context@ OK for: @radix-ui/react-dropdown-menu@2.1.16 want: 1.1.2
347 silly placeDep frontend/node_modules/@radix-ui/react-dropdown-menu @radix-ui/react-id@ OK for: @radix-ui/react-dropdown-menu@2.1.16 want: 1.1.1
348 silly placeDep frontend/node_modules/@radix-ui/react-dropdown-menu @radix-ui/react-menu@ OK for: @radix-ui/react-dropdown-menu@2.1.16 want: 2.1.16
349 silly placeDep frontend/node_modules/@radix-ui/react-dropdown-menu @radix-ui/react-primitive@ OK for: @radix-ui/react-dropdown-menu@2.1.16 want: 2.1.3
350 silly placeDep frontend/node_modules/@radix-ui/react-dropdown-menu @radix-ui/react-use-controllable-state@ OK for: @radix-ui/react-dropdown-menu@2.1.16 want: 1.2.2
351 silly fetch manifest @radix-ui/react-compose-refs@1.1.2
352 silly packumentCache full:https://registry.npmjs.org/@radix-ui%2freact-compose-refs cache-miss
353 silly fetch manifest @radix-ui/react-context@1.1.2
354 silly packumentCache full:https://registry.npmjs.org/@radix-ui%2freact-context cache-miss
355 silly fetch manifest @radix-ui/react-dismissable-layer@1.1.11
356 silly packumentCache full:https://registry.npmjs.org/@radix-ui%2freact-dismissable-layer cache-miss
357 silly fetch manifest @radix-ui/react-presence@1.1.5
358 silly packumentCache full:https://registry.npmjs.org/@radix-ui%2freact-presence cache-miss
359 silly fetch manifest @radix-ui/react-portal@1.1.9
360 silly packumentCache full:https://registry.npmjs.org/@radix-ui%2freact-portal cache-miss
361 silly fetch manifest @radix-ui/react-popper@1.2.8
362 silly packumentCache full:https://registry.npmjs.org/@radix-ui%2freact-popper cache-miss
363 silly fetch manifest @radix-ui/react-use-controllable-state@1.2.2
364 silly packumentCache full:https://registry.npmjs.org/@radix-ui%2freact-use-controllable-state cache-miss
365 silly fetch manifest @radix-ui/react-primitive@2.1.3
366 silly packumentCache full:https://registry.npmjs.org/@radix-ui%2freact-primitive cache-miss
367 silly placeDep frontend/node_modules/@radix-ui/react-hover-card @radix-ui/react-compose-refs@ OK for: @radix-ui/react-hover-card@1.1.15 want: 1.1.2
368 silly placeDep frontend/node_modules/@radix-ui/react-hover-card @radix-ui/react-context@ OK for: @radix-ui/react-hover-card@1.1.15 want: 1.1.2
369 silly placeDep frontend/node_modules/@radix-ui/react-hover-card @radix-ui/react-dismissable-layer@ OK for: @radix-ui/react-hover-card@1.1.15 want: 1.1.11
370 silly placeDep frontend/node_modules/@radix-ui/react-hover-card @radix-ui/react-popper@ OK for: @radix-ui/react-hover-card@1.1.15 want: 1.2.8
371 silly placeDep frontend/node_modules/@radix-ui/react-hover-card @radix-ui/react-portal@ OK for: @radix-ui/react-hover-card@1.1.15 want: 1.1.9
372 silly placeDep frontend/node_modules/@radix-ui/react-hover-card @radix-ui/react-presence@ OK for: @radix-ui/react-hover-card@1.1.15 want: 1.1.5
373 silly placeDep frontend/node_modules/@radix-ui/react-hover-card @radix-ui/react-primitive@ OK for: @radix-ui/react-hover-card@1.1.15 want: 2.1.3
374 silly placeDep frontend/node_modules/@radix-ui/react-hover-card @radix-ui/react-use-controllable-state@ OK for: @radix-ui/react-hover-card@1.1.15 want: 1.2.2
375 silly fetch manifest @radix-ui/react-primitive@2.1.4
376 silly packumentCache full:https://registry.npmjs.org/@radix-ui%2freact-primitive cache-miss
377 silly placeDep frontend/node_modules/@radix-ui/react-label @radix-ui/react-primitive@ OK for: @radix-ui/react-label@2.1.8 want: 2.1.4
378 silly fetch manifest @radix-ui/react-collection@1.1.7
379 silly packumentCache full:https://registry.npmjs.org/@radix-ui%2freact-collection cache-miss
380 silly fetch manifest @radix-ui/react-context@1.1.2
381 silly packumentCache full:https://registry.npmjs.org/@radix-ui%2freact-context cache-miss
382 silly fetch manifest @radix-ui/react-compose-refs@1.1.2
383 silly packumentCache full:https://registry.npmjs.org/@radix-ui%2freact-compose-refs cache-miss
384 silly fetch manifest @radix-ui/react-direction@1.1.1
385 silly packumentCache full:https://registry.npmjs.org/@radix-ui%2freact-direction cache-miss
386 silly fetch manifest @radix-ui/react-id@1.1.1
387 silly packumentCache full:https://registry.npmjs.org/@radix-ui%2freact-id cache-miss
388 silly fetch manifest @radix-ui/react-menu@2.1.16
389 silly packumentCache full:https://registry.npmjs.org/@radix-ui%2freact-menu cache-miss
390 silly fetch manifest @radix-ui/react-roving-focus@1.1.11
391 silly packumentCache full:https://registry.npmjs.org/@radix-ui%2freact-roving-focus cache-miss
392 silly fetch manifest @radix-ui/react-primitive@2.1.3
393 silly packumentCache full:https://registry.npmjs.org/@radix-ui%2freact-primitive cache-miss
394 silly fetch manifest @radix-ui/react-use-controllable-state@1.2.2
395 silly packumentCache full:https://registry.npmjs.org/@radix-ui%2freact-use-controllable-state cache-miss
396 silly placeDep frontend/node_modules/@radix-ui/react-menubar @radix-ui/react-collection@ OK for: @radix-ui/react-menubar@1.1.16 want: 1.1.7
397 silly placeDep frontend/node_modules/@radix-ui/react-menubar @radix-ui/react-compose-refs@ OK for: @radix-ui/react-menubar@1.1.16 want: 1.1.2
398 silly placeDep frontend/node_modules/@radix-ui/react-menubar @radix-ui/react-context@ OK for: @radix-ui/react-menubar@1.1.16 want: 1.1.2
399 silly placeDep frontend/node_modules/@radix-ui/react-menubar @radix-ui/react-direction@ OK for: @radix-ui/react-menubar@1.1.16 want: 1.1.1
400 silly placeDep frontend/node_modules/@radix-ui/react-menubar @radix-ui/react-id@ OK for: @radix-ui/react-menubar@1.1.16 want: 1.1.1
401 silly placeDep frontend/node_modules/@radix-ui/react-menubar @radix-ui/react-menu@ OK for: @radix-ui/react-menubar@1.1.16 want: 2.1.16
402 silly placeDep frontend/node_modules/@radix-ui/react-menubar @radix-ui/react-primitive@ OK for: @radix-ui/react-menubar@1.1.16 want: 2.1.3
403 silly placeDep frontend/node_modules/@radix-ui/react-menubar @radix-ui/react-roving-focus@ OK for: @radix-ui/react-menubar@1.1.16 want: 1.1.11
404 silly placeDep frontend/node_modules/@radix-ui/react-menubar @radix-ui/react-use-controllable-state@ OK for: @radix-ui/react-menubar@1.1.16 want: 1.2.2
405 silly fetch manifest @radix-ui/react-compose-refs@1.1.2
406 silly packumentCache full:https://registry.npmjs.org/@radix-ui%2freact-compose-refs cache-miss
407 silly fetch manifest @radix-ui/react-context@1.1.2
408 silly packumentCache full:https://registry.npmjs.org/@radix-ui%2freact-context cache-miss
409 silly fetch manifest @radix-ui/react-collection@1.1.7
410 silly packumentCache full:https://registry.npmjs.org/@radix-ui%2freact-collection cache-miss
411 silly fetch manifest @radix-ui/react-id@1.1.1
412 silly packumentCache full:https://registry.npmjs.org/@radix-ui%2freact-id cache-miss
413 silly fetch manifest @radix-ui/react-direction@1.1.1
414 silly packumentCache full:https://registry.npmjs.org/@radix-ui%2freact-direction cache-miss
415 silly fetch manifest @radix-ui/react-presence@1.1.5
416 silly packumentCache full:https://registry.npmjs.org/@radix-ui%2freact-presence cache-miss
417 silly fetch manifest @radix-ui/react-dismissable-layer@1.1.11
418 silly packumentCache full:https://registry.npmjs.org/@radix-ui%2freact-dismissable-layer cache-miss
419 silly fetch manifest @radix-ui/react-primitive@2.1.3
420 silly packumentCache full:https://registry.npmjs.org/@radix-ui%2freact-primitive cache-miss
421 silly fetch manifest @radix-ui/react-use-callback-ref@1.1.1
422 silly packumentCache full:https://registry.npmjs.org/@radix-ui%2freact-use-callback-ref cache-miss
423 silly fetch manifest @radix-ui/react-use-controllable-state@1.2.2
424 silly packumentCache full:https://registry.npmjs.org/@radix-ui%2freact-use-controllable-state cache-miss
425 silly fetch manifest @radix-ui/react-use-layout-effect@1.1.1
426 silly packumentCache full:https://registry.npmjs.org/@radix-ui%2freact-use-layout-effect cache-miss
427 silly fetch manifest @radix-ui/react-use-previous@1.1.1
428 silly packumentCache full:https://registry.npmjs.org/@radix-ui%2freact-use-previous cache-miss
429 silly fetch manifest @radix-ui/react-visually-hidden@1.2.3
430 silly packumentCache full:https://registry.npmjs.org/@radix-ui%2freact-visually-hidden cache-miss
431 silly placeDep frontend/node_modules/@radix-ui/react-navigation-menu @radix-ui/react-collection@ OK for: @radix-ui/react-navigation-menu@1.2.14 want: 1.1.7
432 silly placeDep frontend/node_modules/@radix-ui/react-navigation-menu @radix-ui/react-compose-refs@ OK for: @radix-ui/react-navigation-menu@1.2.14 want: 1.1.2
433 silly placeDep frontend/node_modules/@radix-ui/react-navigation-menu @radix-ui/react-context@ OK for: @radix-ui/react-navigation-menu@1.2.14 want: 1.1.2
434 silly placeDep frontend/node_modules/@radix-ui/react-navigation-menu @radix-ui/react-direction@ OK for: @radix-ui/react-navigation-menu@1.2.14 want: 1.1.1
435 silly placeDep frontend/node_modules/@radix-ui/react-navigation-menu @radix-ui/react-dismissable-layer@ OK for: @radix-ui/react-navigation-menu@1.2.14 want: 1.1.11
436 silly placeDep frontend/node_modules/@radix-ui/react-navigation-menu @radix-ui/react-id@ OK for: @radix-ui/react-navigation-menu@1.2.14 want: 1.1.1
437 silly placeDep frontend/node_modules/@radix-ui/react-navigation-menu @radix-ui/react-presence@ OK for: @radix-ui/react-navigation-menu@1.2.14 want: 1.1.5
438 silly placeDep frontend/node_modules/@radix-ui/react-navigation-menu @radix-ui/react-primitive@ OK for: @radix-ui/react-navigation-menu@1.2.14 want: 2.1.3
439 silly placeDep frontend/node_modules/@radix-ui/react-navigation-menu @radix-ui/react-use-callback-ref@ OK for: @radix-ui/react-navigation-menu@1.2.14 want: 1.1.1
440 silly placeDep frontend/node_modules/@radix-ui/react-navigation-menu @radix-ui/react-use-controllable-state@ OK for: @radix-ui/react-navigation-menu@1.2.14 want: 1.2.2
441 silly placeDep frontend/node_modules/@radix-ui/react-navigation-menu @radix-ui/react-use-layout-effect@ OK for: @radix-ui/react-navigation-menu@1.2.14 want: 1.1.1
442 silly placeDep frontend/node_modules/@radix-ui/react-navigation-menu @radix-ui/react-use-previous@ OK for: @radix-ui/react-navigation-menu@1.2.14 want: 1.1.1
443 silly placeDep frontend/node_modules/@radix-ui/react-navigation-menu @radix-ui/react-visually-hidden@ OK for: @radix-ui/react-navigation-menu@1.2.14 want: 1.2.3
444 silly fetch manifest react-remove-scroll@^2.6.3
445 silly packumentCache full:https://registry.npmjs.org/react-remove-scroll cache-miss
446 silly fetch manifest @radix-ui/react-compose-refs@1.1.2
447 silly packumentCache full:https://registry.npmjs.org/@radix-ui%2freact-compose-refs cache-miss
448 silly fetch manifest @radix-ui/react-dismissable-layer@1.1.11
449 silly packumentCache full:https://registry.npmjs.org/@radix-ui%2freact-dismissable-layer cache-miss
450 silly fetch manifest @radix-ui/react-focus-guards@1.1.3
451 silly packumentCache full:https://registry.npmjs.org/@radix-ui%2freact-focus-guards cache-miss
452 silly fetch manifest @radix-ui/react-focus-scope@1.1.7
453 silly packumentCache full:https://registry.npmjs.org/@radix-ui%2freact-focus-scope cache-miss
454 silly fetch manifest @radix-ui/react-id@1.1.1
455 silly packumentCache full:https://registry.npmjs.org/@radix-ui%2freact-id cache-miss
456 silly fetch manifest @radix-ui/react-context@1.1.2
457 silly packumentCache full:https://registry.npmjs.org/@radix-ui%2freact-context cache-miss
458 silly fetch manifest @radix-ui/react-presence@1.1.5
459 silly packumentCache full:https://registry.npmjs.org/@radix-ui%2freact-presence cache-miss
460 silly fetch manifest @radix-ui/react-portal@1.1.9
461 silly packumentCache full:https://registry.npmjs.org/@radix-ui%2freact-portal cache-miss
462 silly fetch manifest @radix-ui/react-popper@1.2.8
463 silly packumentCache full:https://registry.npmjs.org/@radix-ui%2freact-popper cache-miss
464 silly fetch manifest @radix-ui/react-primitive@2.1.3
465 silly packumentCache full:https://registry.npmjs.org/@radix-ui%2freact-primitive cache-miss
466 silly fetch manifest @radix-ui/react-use-controllable-state@1.2.2
467 silly packumentCache full:https://registry.npmjs.org/@radix-ui%2freact-use-controllable-state cache-miss
468 silly placeDep frontend/node_modules/@radix-ui/react-popover @radix-ui/react-compose-refs@ OK for: @radix-ui/react-popover@1.1.15 want: 1.1.2
469 silly placeDep frontend/node_modules/@radix-ui/react-popover @radix-ui/react-context@ OK for: @radix-ui/react-popover@1.1.15 want: 1.1.2
470 silly placeDep frontend/node_modules/@radix-ui/react-popover @radix-ui/react-dismissable-layer@ OK for: @radix-ui/react-popover@1.1.15 want: 1.1.11
471 silly placeDep frontend/node_modules/@radix-ui/react-popover @radix-ui/react-focus-guards@ OK for: @radix-ui/react-popover@1.1.15 want: 1.1.3
472 silly placeDep frontend/node_modules/@radix-ui/react-popover @radix-ui/react-focus-scope@ OK for: @radix-ui/react-popover@1.1.15 want: 1.1.7
473 silly placeDep frontend/node_modules/@radix-ui/react-popover @radix-ui/react-id@ OK for: @radix-ui/react-popover@1.1.15 want: 1.1.1
474 silly placeDep frontend/node_modules/@radix-ui/react-popover @radix-ui/react-popper@ OK for: @radix-ui/react-popover@1.1.15 want: 1.2.8
475 silly placeDep frontend/node_modules/@radix-ui/react-popover @radix-ui/react-portal@ OK for: @radix-ui/react-popover@1.1.15 want: 1.1.9
476 silly placeDep frontend/node_modules/@radix-ui/react-popover @radix-ui/react-presence@ OK for: @radix-ui/react-popover@1.1.15 want: 1.1.5
477 silly placeDep frontend/node_modules/@radix-ui/react-popover @radix-ui/react-primitive@ OK for: @radix-ui/react-popover@1.1.15 want: 2.1.3
478 silly placeDep frontend/node_modules/@radix-ui/react-popover @radix-ui/react-use-controllable-state@ OK for: @radix-ui/react-popover@1.1.15 want: 1.2.2
479 silly placeDep frontend/node_modules/@radix-ui/react-popover react-remove-scroll@ OK for: @radix-ui/react-popover@1.1.15 want: ^2.6.3
480 silly fetch manifest @radix-ui/react-primitive@2.1.4
481 silly packumentCache full:https://registry.npmjs.org/@radix-ui%2freact-primitive cache-miss
482 silly placeDep frontend/node_modules/@radix-ui/react-progress @radix-ui/react-primitive@ OK for: @radix-ui/react-progress@1.1.8 want: 2.1.4
483 silly fetch manifest @radix-ui/react-context@1.1.2
484 silly packumentCache full:https://registry.npmjs.org/@radix-ui%2freact-context cache-miss
485 silly fetch manifest @radix-ui/react-compose-refs@1.1.2
486 silly packumentCache full:https://registry.npmjs.org/@radix-ui%2freact-compose-refs cache-miss
487 silly fetch manifest @radix-ui/react-presence@1.1.5
488 silly packumentCache full:https://registry.npmjs.org/@radix-ui%2freact-presence cache-miss
489 silly fetch manifest @radix-ui/react-primitive@2.1.3
490 silly packumentCache full:https://registry.npmjs.org/@radix-ui%2freact-primitive cache-miss
491 silly fetch manifest @radix-ui/react-direction@1.1.1
492 silly packumentCache full:https://registry.npmjs.org/@radix-ui%2freact-direction cache-miss
493 silly fetch manifest @radix-ui/react-roving-focus@1.1.11
494 silly packumentCache full:https://registry.npmjs.org/@radix-ui%2freact-roving-focus cache-miss
495 silly fetch manifest @radix-ui/react-use-controllable-state@1.2.2
496 silly packumentCache full:https://registry.npmjs.org/@radix-ui%2freact-use-controllable-state cache-miss
497 silly fetch manifest @radix-ui/react-use-previous@1.1.1
498 silly packumentCache full:https://registry.npmjs.org/@radix-ui%2freact-use-previous cache-miss
499 silly fetch manifest @radix-ui/react-use-size@1.1.1
500 silly packumentCache full:https://registry.npmjs.org/@radix-ui%2freact-use-size cache-miss
501 silly placeDep frontend/node_modules/@radix-ui/react-radio-group @radix-ui/react-compose-refs@ OK for: @radix-ui/react-radio-group@1.3.8 want: 1.1.2
502 silly placeDep frontend/node_modules/@radix-ui/react-radio-group @radix-ui/react-context@ OK for: @radix-ui/react-radio-group@1.3.8 want: 1.1.2
503 silly placeDep frontend/node_modules/@radix-ui/react-radio-group @radix-ui/react-direction@ OK for: @radix-ui/react-radio-group@1.3.8 want: 1.1.1
504 silly placeDep frontend/node_modules/@radix-ui/react-radio-group @radix-ui/react-presence@ OK for: @radix-ui/react-radio-group@1.3.8 want: 1.1.5
505 silly placeDep frontend/node_modules/@radix-ui/react-radio-group @radix-ui/react-primitive@ OK for: @radix-ui/react-radio-group@1.3.8 want: 2.1.3
506 silly placeDep frontend/node_modules/@radix-ui/react-radio-group @radix-ui/react-roving-focus@ OK for: @radix-ui/react-radio-group@1.3.8 want: 1.1.11
507 silly placeDep frontend/node_modules/@radix-ui/react-radio-group @radix-ui/react-use-controllable-state@ OK for: @radix-ui/react-radio-group@1.3.8 want: 1.2.2
508 silly placeDep frontend/node_modules/@radix-ui/react-radio-group @radix-ui/react-use-previous@ OK for: @radix-ui/react-radio-group@1.3.8 want: 1.1.1
509 silly placeDep frontend/node_modules/@radix-ui/react-radio-group @radix-ui/react-use-size@ OK for: @radix-ui/react-radio-group@1.3.8 want: 1.1.1
510 silly fetch manifest @radix-ui/react-compose-refs@1.1.2
511 silly packumentCache full:https://registry.npmjs.org/@radix-ui%2freact-compose-refs cache-miss
512 silly fetch manifest @radix-ui/react-context@1.1.2
513 silly packumentCache full:https://registry.npmjs.org/@radix-ui%2freact-context cache-miss
514 silly fetch manifest @radix-ui/react-direction@1.1.1
515 silly packumentCache full:https://registry.npmjs.org/@radix-ui%2freact-direction cache-miss
516 silly fetch manifest @radix-ui/react-presence@1.1.5
517 silly packumentCache full:https://registry.npmjs.org/@radix-ui%2freact-presence cache-miss
518 silly fetch manifest @radix-ui/react-use-layout-effect@1.1.1
519 silly packumentCache full:https://registry.npmjs.org/@radix-ui%2freact-use-layout-effect cache-miss
520 silly fetch manifest @radix-ui/react-primitive@2.1.3
521 silly packumentCache full:https://registry.npmjs.org/@radix-ui%2freact-primitive cache-miss
522 silly fetch manifest @radix-ui/react-use-callback-ref@1.1.1
523 silly packumentCache full:https://registry.npmjs.org/@radix-ui%2freact-use-callback-ref cache-miss
524 silly placeDep frontend/node_modules/@radix-ui/react-scroll-area @radix-ui/react-compose-refs@ OK for: @radix-ui/react-scroll-area@1.2.10 want: 1.1.2
525 silly placeDep frontend/node_modules/@radix-ui/react-scroll-area @radix-ui/react-context@ OK for: @radix-ui/react-scroll-area@1.2.10 want: 1.1.2
526 silly placeDep frontend/node_modules/@radix-ui/react-scroll-area @radix-ui/react-direction@ OK for: @radix-ui/react-scroll-area@1.2.10 want: 1.1.1
527 silly placeDep frontend/node_modules/@radix-ui/react-scroll-area @radix-ui/react-presence@ OK for: @radix-ui/react-scroll-area@1.2.10 want: 1.1.5
528 silly placeDep frontend/node_modules/@radix-ui/react-scroll-area @radix-ui/react-primitive@ OK for: @radix-ui/react-scroll-area@1.2.10 want: 2.1.3
529 silly placeDep frontend/node_modules/@radix-ui/react-scroll-area @radix-ui/react-use-callback-ref@ OK for: @radix-ui/react-scroll-area@1.2.10 want: 1.1.1
530 silly placeDep frontend/node_modules/@radix-ui/react-scroll-area @radix-ui/react-use-layout-effect@ OK for: @radix-ui/react-scroll-area@1.2.10 want: 1.1.1
531 silly fetch manifest react-remove-scroll@^2.6.3
532 silly packumentCache full:https://registry.npmjs.org/react-remove-scroll cache-miss
533 silly fetch manifest @radix-ui/react-collection@1.1.7
534 silly packumentCache full:https://registry.npmjs.org/@radix-ui%2freact-collection cache-miss
535 silly fetch manifest @radix-ui/react-context@1.1.2
536 silly packumentCache full:https://registry.npmjs.org/@radix-ui%2freact-context cache-miss
537 silly fetch manifest @radix-ui/react-compose-refs@1.1.2
538 silly packumentCache full:https://registry.npmjs.org/@radix-ui%2freact-compose-refs cache-miss
539 silly fetch manifest @radix-ui/react-direction@1.1.1
540 silly packumentCache full:https://registry.npmjs.org/@radix-ui%2freact-direction cache-miss
541 silly fetch manifest @radix-ui/react-focus-guards@1.1.3
542 silly packumentCache full:https://registry.npmjs.org/@radix-ui%2freact-focus-guards cache-miss
543 silly fetch manifest @radix-ui/react-focus-scope@1.1.7
544 silly packumentCache full:https://registry.npmjs.org/@radix-ui%2freact-focus-scope cache-miss
545 silly fetch manifest @radix-ui/react-dismissable-layer@1.1.11
546 silly packumentCache full:https://registry.npmjs.org/@radix-ui%2freact-dismissable-layer cache-miss
547 silly fetch manifest @radix-ui/react-id@1.1.1
548 silly packumentCache full:https://registry.npmjs.org/@radix-ui%2freact-id cache-miss
549 silly fetch manifest @radix-ui/react-popper@1.2.8
550 silly packumentCache full:https://registry.npmjs.org/@radix-ui%2freact-popper cache-miss
551 silly fetch manifest @radix-ui/react-portal@1.1.9
552 silly packumentCache full:https://registry.npmjs.org/@radix-ui%2freact-portal cache-miss
553 silly fetch manifest @radix-ui/react-use-callback-ref@1.1.1
554 silly packumentCache full:https://registry.npmjs.org/@radix-ui%2freact-use-callback-ref cache-miss
555 silly fetch manifest @radix-ui/react-primitive@2.1.3
556 silly packumentCache full:https://registry.npmjs.org/@radix-ui%2freact-primitive cache-miss
557 silly fetch manifest @radix-ui/react-use-controllable-state@1.2.2
558 silly packumentCache full:https://registry.npmjs.org/@radix-ui%2freact-use-controllable-state cache-miss
559 silly fetch manifest @radix-ui/react-use-layout-effect@1.1.1
560 silly packumentCache full:https://registry.npmjs.org/@radix-ui%2freact-use-layout-effect cache-miss
561 silly fetch manifest @radix-ui/react-use-previous@1.1.1
562 silly packumentCache full:https://registry.npmjs.org/@radix-ui%2freact-use-previous cache-miss
563 silly fetch manifest @radix-ui/react-visually-hidden@1.2.3
564 silly packumentCache full:https://registry.npmjs.org/@radix-ui%2freact-visually-hidden cache-miss
565 silly placeDep frontend/node_modules/@radix-ui/react-select @radix-ui/react-collection@ OK for: @radix-ui/react-select@2.2.6 want: 1.1.7
566 silly placeDep frontend/node_modules/@radix-ui/react-select @radix-ui/react-compose-refs@ OK for: @radix-ui/react-select@2.2.6 want: 1.1.2
567 silly placeDep frontend/node_modules/@radix-ui/react-select @radix-ui/react-context@ OK for: @radix-ui/react-select@2.2.6 want: 1.1.2
568 silly placeDep frontend/node_modules/@radix-ui/react-select @radix-ui/react-direction@ OK for: @radix-ui/react-select@2.2.6 want: 1.1.1
569 silly placeDep frontend/node_modules/@radix-ui/react-select @radix-ui/react-dismissable-layer@ OK for: @radix-ui/react-select@2.2.6 want: 1.1.11
570 silly placeDep frontend/node_modules/@radix-ui/react-select @radix-ui/react-focus-guards@ OK for: @radix-ui/react-select@2.2.6 want: 1.1.3
571 silly placeDep frontend/node_modules/@radix-ui/react-select @radix-ui/react-focus-scope@ OK for: @radix-ui/react-select@2.2.6 want: 1.1.7
572 silly placeDep frontend/node_modules/@radix-ui/react-select @radix-ui/react-id@ OK for: @radix-ui/react-select@2.2.6 want: 1.1.1
573 silly placeDep frontend/node_modules/@radix-ui/react-select @radix-ui/react-popper@ OK for: @radix-ui/react-select@2.2.6 want: 1.2.8
574 silly placeDep frontend/node_modules/@radix-ui/react-select @radix-ui/react-portal@ OK for: @radix-ui/react-select@2.2.6 want: 1.1.9
575 silly placeDep frontend/node_modules/@radix-ui/react-select @radix-ui/react-primitive@ OK for: @radix-ui/react-select@2.2.6 want: 2.1.3
576 silly placeDep frontend/node_modules/@radix-ui/react-select @radix-ui/react-use-callback-ref@ OK for: @radix-ui/react-select@2.2.6 want: 1.1.1
577 silly placeDep frontend/node_modules/@radix-ui/react-select @radix-ui/react-use-controllable-state@ OK for: @radix-ui/react-select@2.2.6 want: 1.2.2
578 silly placeDep frontend/node_modules/@radix-ui/react-select @radix-ui/react-use-layout-effect@ OK for: @radix-ui/react-select@2.2.6 want: 1.1.1
579 silly placeDep frontend/node_modules/@radix-ui/react-select @radix-ui/react-use-previous@ OK for: @radix-ui/react-select@2.2.6 want: 1.1.1
580 silly placeDep frontend/node_modules/@radix-ui/react-select @radix-ui/react-visually-hidden@ OK for: @radix-ui/react-select@2.2.6 want: 1.2.3
581 silly placeDep frontend/node_modules/@radix-ui/react-select react-remove-scroll@ OK for: @radix-ui/react-select@2.2.6 want: ^2.6.3
582 silly fetch manifest @radix-ui/react-primitive@2.1.4
583 silly packumentCache full:https://registry.npmjs.org/@radix-ui%2freact-primitive cache-miss
584 silly placeDep frontend/node_modules/@radix-ui/react-separator @radix-ui/react-primitive@ OK for: @radix-ui/react-separator@1.1.8 want: 2.1.4
585 silly fetch manifest @radix-ui/react-collection@1.1.7
586 silly packumentCache full:https://registry.npmjs.org/@radix-ui%2freact-collection cache-miss
587 silly fetch manifest @radix-ui/react-compose-refs@1.1.2
588 silly packumentCache full:https://registry.npmjs.org/@radix-ui%2freact-compose-refs cache-miss
589 silly fetch manifest @radix-ui/react-context@1.1.2
590 silly packumentCache full:https://registry.npmjs.org/@radix-ui%2freact-context cache-miss
591 silly fetch manifest @radix-ui/react-direction@1.1.1
592 silly packumentCache full:https://registry.npmjs.org/@radix-ui%2freact-direction cache-miss
593 silly fetch manifest @radix-ui/react-use-layout-effect@1.1.1
594 silly packumentCache full:https://registry.npmjs.org/@radix-ui%2freact-use-layout-effect cache-miss
595 silly fetch manifest @radix-ui/react-use-controllable-state@1.2.2
596 silly packumentCache full:https://registry.npmjs.org/@radix-ui%2freact-use-controllable-state cache-miss
597 silly fetch manifest @radix-ui/react-primitive@2.1.3
598 silly packumentCache full:https://registry.npmjs.org/@radix-ui%2freact-primitive cache-miss
599 silly fetch manifest @radix-ui/react-use-previous@1.1.1
600 silly packumentCache full:https://registry.npmjs.org/@radix-ui%2freact-use-previous cache-miss
601 silly fetch manifest @radix-ui/react-use-size@1.1.1
602 silly packumentCache full:https://registry.npmjs.org/@radix-ui%2freact-use-size cache-miss
603 silly placeDep frontend/node_modules/@radix-ui/react-slider @radix-ui/react-collection@ OK for: @radix-ui/react-slider@1.3.6 want: 1.1.7
604 silly placeDep frontend/node_modules/@radix-ui/react-slider @radix-ui/react-compose-refs@ OK for: @radix-ui/react-slider@1.3.6 want: 1.1.2
605 silly placeDep frontend/node_modules/@radix-ui/react-slider @radix-ui/react-context@ OK for: @radix-ui/react-slider@1.3.6 want: 1.1.2
606 silly placeDep frontend/node_modules/@radix-ui/react-slider @radix-ui/react-direction@ OK for: @radix-ui/react-slider@1.3.6 want: 1.1.1
607 silly placeDep frontend/node_modules/@radix-ui/react-slider @radix-ui/react-primitive@ OK for: @radix-ui/react-slider@1.3.6 want: 2.1.3
608 silly placeDep frontend/node_modules/@radix-ui/react-slider @radix-ui/react-use-controllable-state@ OK for: @radix-ui/react-slider@1.3.6 want: 1.2.2
609 silly placeDep frontend/node_modules/@radix-ui/react-slider @radix-ui/react-use-layout-effect@ OK for: @radix-ui/react-slider@1.3.6 want: 1.1.1
610 silly placeDep frontend/node_modules/@radix-ui/react-slider @radix-ui/react-use-previous@ OK for: @radix-ui/react-slider@1.3.6 want: 1.1.1
611 silly placeDep frontend/node_modules/@radix-ui/react-slider @radix-ui/react-use-size@ OK for: @radix-ui/react-slider@1.3.6 want: 1.1.1
612 silly fetch manifest @radix-ui/react-compose-refs@1.1.2
613 silly packumentCache full:https://registry.npmjs.org/@radix-ui%2freact-compose-refs cache-miss
614 silly placeDep frontend/node_modules/@radix-ui/react-slot @radix-ui/react-compose-refs@ OK for: @radix-ui/react-slot@1.2.4 want: 1.1.2
615 silly fetch manifest @radix-ui/react-compose-refs@1.1.2
616 silly packumentCache full:https://registry.npmjs.org/@radix-ui%2freact-compose-refs cache-miss
617 silly fetch manifest @radix-ui/react-context@1.1.2
618 silly packumentCache full:https://registry.npmjs.org/@radix-ui%2freact-context cache-miss
619 silly fetch manifest @radix-ui/react-primitive@2.1.3
620 silly packumentCache full:https://registry.npmjs.org/@radix-ui%2freact-primitive cache-miss
621 silly fetch manifest @radix-ui/react-use-previous@1.1.1
622 silly packumentCache full:https://registry.npmjs.org/@radix-ui%2freact-use-previous cache-miss
623 silly fetch manifest @radix-ui/react-use-size@1.1.1
624 silly packumentCache full:https://registry.npmjs.org/@radix-ui%2freact-use-size cache-miss
625 silly fetch manifest @radix-ui/react-use-controllable-state@1.2.2
626 silly packumentCache full:https://registry.npmjs.org/@radix-ui%2freact-use-controllable-state cache-miss
627 silly placeDep frontend/node_modules/@radix-ui/react-switch @radix-ui/react-compose-refs@ OK for: @radix-ui/react-switch@1.2.6 want: 1.1.2
628 silly placeDep frontend/node_modules/@radix-ui/react-switch @radix-ui/react-context@ OK for: @radix-ui/react-switch@1.2.6 want: 1.1.2
629 silly placeDep frontend/node_modules/@radix-ui/react-switch @radix-ui/react-primitive@ OK for: @radix-ui/react-switch@1.2.6 want: 2.1.3
630 silly placeDep frontend/node_modules/@radix-ui/react-switch @radix-ui/react-use-controllable-state@ OK for: @radix-ui/react-switch@1.2.6 want: 1.2.2
631 silly placeDep frontend/node_modules/@radix-ui/react-switch @radix-ui/react-use-previous@ OK for: @radix-ui/react-switch@1.2.6 want: 1.1.1
632 silly placeDep frontend/node_modules/@radix-ui/react-switch @radix-ui/react-use-size@ OK for: @radix-ui/react-switch@1.2.6 want: 1.1.1
633 silly fetch manifest @radix-ui/react-direction@1.1.1
634 silly packumentCache full:https://registry.npmjs.org/@radix-ui%2freact-direction cache-miss
635 silly fetch manifest @radix-ui/react-id@1.1.1
636 silly packumentCache full:https://registry.npmjs.org/@radix-ui%2freact-id cache-miss
637 silly fetch manifest @radix-ui/react-primitive@2.1.3
638 silly packumentCache full:https://registry.npmjs.org/@radix-ui%2freact-primitive cache-miss
639 silly fetch manifest @radix-ui/react-presence@1.1.5
640 silly packumentCache full:https://registry.npmjs.org/@radix-ui%2freact-presence cache-miss
641 silly fetch manifest @radix-ui/react-context@1.1.2
642 silly packumentCache full:https://registry.npmjs.org/@radix-ui%2freact-context cache-miss
643 silly fetch manifest @radix-ui/react-roving-focus@1.1.11
644 silly packumentCache full:https://registry.npmjs.org/@radix-ui%2freact-roving-focus cache-miss
645 silly fetch manifest @radix-ui/react-use-controllable-state@1.2.2
646 silly packumentCache full:https://registry.npmjs.org/@radix-ui%2freact-use-controllable-state cache-miss
647 silly placeDep frontend/node_modules/@radix-ui/react-tabs @radix-ui/react-context@ OK for: @radix-ui/react-tabs@1.1.13 want: 1.1.2
648 silly placeDep frontend/node_modules/@radix-ui/react-tabs @radix-ui/react-direction@ OK for: @radix-ui/react-tabs@1.1.13 want: 1.1.1
649 silly placeDep frontend/node_modules/@radix-ui/react-tabs @radix-ui/react-id@ OK for: @radix-ui/react-tabs@1.1.13 want: 1.1.1
650 silly placeDep frontend/node_modules/@radix-ui/react-tabs @radix-ui/react-presence@ OK for: @radix-ui/react-tabs@1.1.13 want: 1.1.5
651 silly placeDep frontend/node_modules/@radix-ui/react-tabs @radix-ui/react-primitive@ OK for: @radix-ui/react-tabs@1.1.13 want: 2.1.3
652 silly placeDep frontend/node_modules/@radix-ui/react-tabs @radix-ui/react-roving-focus@ OK for: @radix-ui/react-tabs@1.1.13 want: 1.1.11
653 silly placeDep frontend/node_modules/@radix-ui/react-tabs @radix-ui/react-use-controllable-state@ OK for: @radix-ui/react-tabs@1.1.13 want: 1.2.2
654 silly fetch manifest @radix-ui/react-compose-refs@1.1.2
655 silly packumentCache full:https://registry.npmjs.org/@radix-ui%2freact-compose-refs cache-miss
656 silly fetch manifest @radix-ui/react-collection@1.1.7
657 silly packumentCache full:https://registry.npmjs.org/@radix-ui%2freact-collection cache-miss
658 silly fetch manifest @radix-ui/react-context@1.1.2
659 silly packumentCache full:https://registry.npmjs.org/@radix-ui%2freact-context cache-miss
660 silly fetch manifest @radix-ui/react-dismissable-layer@1.1.11
661 silly packumentCache full:https://registry.npmjs.org/@radix-ui%2freact-dismissable-layer cache-miss
662 silly fetch manifest @radix-ui/react-portal@1.1.9
663 silly packumentCache full:https://registry.npmjs.org/@radix-ui%2freact-portal cache-miss
664 silly fetch manifest @radix-ui/react-presence@1.1.5
665 silly packumentCache full:https://registry.npmjs.org/@radix-ui%2freact-presence cache-miss
666 silly fetch manifest @radix-ui/react-primitive@2.1.3
667 silly packumentCache full:https://registry.npmjs.org/@radix-ui%2freact-primitive cache-miss
668 silly fetch manifest @radix-ui/react-use-callback-ref@1.1.1
669 silly packumentCache full:https://registry.npmjs.org/@radix-ui%2freact-use-callback-ref cache-miss
670 silly fetch manifest @radix-ui/react-use-controllable-state@1.2.2
671 silly packumentCache full:https://registry.npmjs.org/@radix-ui%2freact-use-controllable-state cache-miss
672 silly fetch manifest @radix-ui/react-visually-hidden@1.2.3
673 silly packumentCache full:https://registry.npmjs.org/@radix-ui%2freact-visually-hidden cache-miss
674 silly fetch manifest @radix-ui/react-use-layout-effect@1.1.1
675 silly packumentCache full:https://registry.npmjs.org/@radix-ui%2freact-use-layout-effect cache-miss
676 silly placeDep frontend/node_modules/@radix-ui/react-toast @radix-ui/react-collection@ OK for: @radix-ui/react-toast@1.2.15 want: 1.1.7
677 silly placeDep frontend/node_modules/@radix-ui/react-toast @radix-ui/react-compose-refs@ OK for: @radix-ui/react-toast@1.2.15 want: 1.1.2
678 silly placeDep frontend/node_modules/@radix-ui/react-toast @radix-ui/react-context@ OK for: @radix-ui/react-toast@1.2.15 want: 1.1.2
679 silly placeDep frontend/node_modules/@radix-ui/react-toast @radix-ui/react-dismissable-layer@ OK for: @radix-ui/react-toast@1.2.15 want: 1.1.11
680 silly placeDep frontend/node_modules/@radix-ui/react-toast @radix-ui/react-portal@ OK for: @radix-ui/react-toast@1.2.15 want: 1.1.9
681 silly placeDep frontend/node_modules/@radix-ui/react-toast @radix-ui/react-presence@ OK for: @radix-ui/react-toast@1.2.15 want: 1.1.5
682 silly placeDep frontend/node_modules/@radix-ui/react-toast @radix-ui/react-primitive@ OK for: @radix-ui/react-toast@1.2.15 want: 2.1.3
683 silly placeDep frontend/node_modules/@radix-ui/react-toast @radix-ui/react-use-callback-ref@ OK for: @radix-ui/react-toast@1.2.15 want: 1.1.1
684 silly placeDep frontend/node_modules/@radix-ui/react-toast @radix-ui/react-use-controllable-state@ OK for: @radix-ui/react-toast@1.2.15 want: 1.2.2
685 silly placeDep frontend/node_modules/@radix-ui/react-toast @radix-ui/react-use-layout-effect@ OK for: @radix-ui/react-toast@1.2.15 want: 1.1.1
686 silly placeDep frontend/node_modules/@radix-ui/react-toast @radix-ui/react-visually-hidden@ OK for: @radix-ui/react-toast@1.2.15 want: 1.2.3
687 silly fetch manifest @radix-ui/react-context@1.1.2
688 silly packumentCache full:https://registry.npmjs.org/@radix-ui%2freact-context cache-miss
689 silly fetch manifest @radix-ui/react-primitive@2.1.3
690 silly packumentCache full:https://registry.npmjs.org/@radix-ui%2freact-primitive cache-miss
691 silly fetch manifest @radix-ui/react-direction@1.1.1
692 silly packumentCache full:https://registry.npmjs.org/@radix-ui%2freact-direction cache-miss
693 silly fetch manifest @radix-ui/react-roving-focus@1.1.11
694 silly packumentCache full:https://registry.npmjs.org/@radix-ui%2freact-roving-focus cache-miss
695 silly fetch manifest @radix-ui/react-use-controllable-state@1.2.2
696 silly packumentCache full:https://registry.npmjs.org/@radix-ui%2freact-use-controllable-state cache-miss
697 silly placeDep frontend/node_modules/@radix-ui/react-toggle-group @radix-ui/react-context@ OK for: @radix-ui/react-toggle-group@1.1.11 want: 1.1.2
698 silly placeDep frontend/node_modules/@radix-ui/react-toggle-group @radix-ui/react-direction@ OK for: @radix-ui/react-toggle-group@1.1.11 want: 1.1.1
699 silly placeDep frontend/node_modules/@radix-ui/react-toggle-group @radix-ui/react-primitive@ OK for: @radix-ui/react-toggle-group@1.1.11 want: 2.1.3
700 silly placeDep frontend/node_modules/@radix-ui/react-toggle-group @radix-ui/react-roving-focus@ OK for: @radix-ui/react-toggle-group@1.1.11 want: 1.1.11
701 silly placeDep frontend/node_modules/@radix-ui/react-toggle-group @radix-ui/react-use-controllable-state@ OK for: @radix-ui/react-toggle-group@1.1.11 want: 1.2.2
702 silly fetch manifest @radix-ui/react-compose-refs@1.1.2
703 silly packumentCache full:https://registry.npmjs.org/@radix-ui%2freact-compose-refs cache-miss
704 silly fetch manifest @radix-ui/react-context@1.1.2
705 silly packumentCache full:https://registry.npmjs.org/@radix-ui%2freact-context cache-miss
706 silly fetch manifest @radix-ui/react-dismissable-layer@1.1.11
707 silly packumentCache full:https://registry.npmjs.org/@radix-ui%2freact-dismissable-layer cache-miss
708 silly fetch manifest @radix-ui/react-id@1.1.1
709 silly packumentCache full:https://registry.npmjs.org/@radix-ui%2freact-id cache-miss
710 silly fetch manifest @radix-ui/react-popper@1.2.8
711 silly packumentCache full:https://registry.npmjs.org/@radix-ui%2freact-popper cache-miss
712 silly fetch manifest @radix-ui/react-portal@1.1.9
713 silly packumentCache full:https://registry.npmjs.org/@radix-ui%2freact-portal cache-miss
714 silly fetch manifest @radix-ui/react-presence@1.1.5
715 silly packumentCache full:https://registry.npmjs.org/@radix-ui%2freact-presence cache-miss
716 silly fetch manifest @radix-ui/react-primitive@2.1.3
717 silly packumentCache full:https://registry.npmjs.org/@radix-ui%2freact-primitive cache-miss
718 silly fetch manifest @radix-ui/react-use-controllable-state@1.2.2
719 silly packumentCache full:https://registry.npmjs.org/@radix-ui%2freact-use-controllable-state cache-miss
720 silly fetch manifest @radix-ui/react-visually-hidden@1.2.3
721 silly packumentCache full:https://registry.npmjs.org/@radix-ui%2freact-visually-hidden cache-miss
722 silly placeDep frontend/node_modules/@radix-ui/react-tooltip @radix-ui/react-compose-refs@ OK for: @radix-ui/react-tooltip@1.2.8 want: 1.1.2
723 silly placeDep frontend/node_modules/@radix-ui/react-tooltip @radix-ui/react-context@ OK for: @radix-ui/react-tooltip@1.2.8 want: 1.1.2
724 silly placeDep frontend/node_modules/@radix-ui/react-tooltip @radix-ui/react-dismissable-layer@ OK for: @radix-ui/react-tooltip@1.2.8 want: 1.1.11
725 silly placeDep frontend/node_modules/@radix-ui/react-tooltip @radix-ui/react-id@ OK for: @radix-ui/react-tooltip@1.2.8 want: 1.1.1
726 silly placeDep frontend/node_modules/@radix-ui/react-tooltip @radix-ui/react-popper@ OK for: @radix-ui/react-tooltip@1.2.8 want: 1.2.8
727 silly placeDep frontend/node_modules/@radix-ui/react-tooltip @radix-ui/react-portal@ OK for: @radix-ui/react-tooltip@1.2.8 want: 1.1.9
728 silly placeDep frontend/node_modules/@radix-ui/react-tooltip @radix-ui/react-presence@ OK for: @radix-ui/react-tooltip@1.2.8 want: 1.1.5
729 silly placeDep frontend/node_modules/@radix-ui/react-tooltip @radix-ui/react-primitive@ OK for: @radix-ui/react-tooltip@1.2.8 want: 2.1.3
730 silly placeDep frontend/node_modules/@radix-ui/react-tooltip @radix-ui/react-use-controllable-state@ OK for: @radix-ui/react-tooltip@1.2.8 want: 1.2.2
731 silly placeDep frontend/node_modules/@radix-ui/react-tooltip @radix-ui/react-visually-hidden@ OK for: @radix-ui/react-tooltip@1.2.8 want: 1.2.3
732 silly fetch manifest @radix-ui/react-compose-refs@^1.1.1
733 silly packumentCache full:https://registry.npmjs.org/@radix-ui%2freact-compose-refs cache-miss
734 silly fetch manifest @radix-ui/react-id@^1.1.0
735 silly packumentCache full:https://registry.npmjs.org/@radix-ui%2freact-id cache-miss
736 silly fetch manifest @radix-ui/react-primitive@^2.0.2
737 silly packumentCache full:https://registry.npmjs.org/@radix-ui%2freact-primitive cache-miss
738 silly placeDep frontend/node_modules/cmdk @radix-ui/react-compose-refs@ OK for: cmdk@1.1.1 want: ^1.1.1
739 silly placeDep frontend/node_modules/cmdk @radix-ui/react-id@ OK for: cmdk@1.1.1 want: ^1.1.0
740 silly placeDep frontend/node_modules/cmdk @radix-ui/react-primitive@ OK for: cmdk@1.1.1 want: ^2.0.2
741 silly fetch manifest react-router@7.14.2
742 silly packumentCache full:https://registry.npmjs.org/react-router cache-miss
743 silly placeDep frontend/node_modules/react-router-dom react-router@ OK for: react-router-dom@7.14.2 want: 7.14.2
744 silly fetch manifest react-smooth@^4.0.4
745 silly packumentCache full:https://registry.npmjs.org/react-smooth cache-miss
746 silly placeDep frontend/node_modules/recharts react-smooth@ OK for: recharts@2.15.4 want: ^4.0.4
747 verbose stack Error: request to https://registry.npmjs.org/prettier failed: cache mode is 'only-if-cached' but no cached response is available.
747 verbose stack     at cacheFetch (C:\Program Files\nodejs\node_modules\npm\node_modules\make-fetch-happen\lib\cache\index.js:12:13)
747 verbose stack     at async fetch (C:\Program Files\nodejs\node_modules\npm\node_modules\make-fetch-happen\lib\fetch.js:98:7)
747 verbose stack     at async RegistryFetcher.packument (C:\Program Files\nodejs\node_modules\npm\node_modules\pacote\lib\registry.js:90:19)
747 verbose stack     at async RegistryFetcher.manifest (C:\Program Files\nodejs\node_modules\npm\node_modules\pacote\lib\registry.js:128:23)
747 verbose stack     at async #fetchManifest (C:\Program Files\nodejs\node_modules\npm\node_modules\@npmcli\arborist\lib\arborist\build-ideal-tree.js:1227:20)
747 verbose stack     at async #nodeFromEdge (C:\Program Files\nodejs\node_modules\npm\node_modules\@npmcli\arborist\lib\arborist\build-ideal-tree.js:1065:19)
747 verbose stack     at async #buildDepStep (C:\Program Files\nodejs\node_modules\npm\node_modules\@npmcli\arborist\lib\arborist\build-ideal-tree.js:929:11)
747 verbose stack     at async Arborist.buildIdealTree (C:\Program Files\nodejs\node_modules\npm\node_modules\@npmcli\arborist\lib\arborist\build-ideal-tree.js:182:7)
747 verbose stack     at async Promise.all (index 1)
747 verbose stack     at async Arborist.reify (C:\Program Files\nodejs\node_modules\npm\node_modules\@npmcli\arborist\lib\arborist\reify.js:114:5)
748 error code ENOTCACHED
749 error request to https://registry.npmjs.org/prettier failed: cache mode is 'only-if-cached' but no cached response is available.
750 silly unfinished npm timer reify 1777131401405
751 silly unfinished npm timer reify:loadTrees 1777131401406
752 verbose cwd C:\Users\abdelmezhuid_r\Desktop\GA\Work Projects\Asset-Manager
753 verbose os Windows_NT 10.0.26200
754 verbose node v24.12.0
755 verbose npm  v11.6.2
756 verbose exit 1
757 verbose code 1
758 error A complete log of this run can be found in: C:\Users\abdelmezhuid_r\Desktop\GA\Work Projects\Asset-Manager\.npm-cache\_logs\2026-04-25T15_36_40_580Z-debug-0.log
